crop_name,matched_state_years,missing_or_zero_state_years,mean_matched_states_per_year,mean_match_rate_pct,min_match_rate_pct,max_match_rate_pct
Rice,235,17,33.57142857142857,93.25396825396825,91.66666666666666,94.44444444444444
Wheat,154,98,22,61.111111111111114,58.333333333333336,63.888888888888886
Jowar,84,168,12,33.33333333333333,30.555555555555557,36.11111111111111
Bajra,93,159,13.285714285714286,36.904761904761905,33.33333333333333,38.88888888888889
Maize,196,56,28,77.77777777777779,75.0,80.55555555555556
Ragi,83,169,11.857142857142858,32.93650793650794,27.77777777777778,36.11111111111111
