crop_name,mean_ratio_to_rice,min_ratio_to_rice,max_ratio_to_rice,mean_ratio_to_wheat,min_ratio_to_wheat,max_ratio_to_wheat
Jowar,0.8107901055829445,0.6967705522053409,0.9024147310627738,1.1473218373538063,1.0156642825757407,1.3094526688681063
Bajra,0.6228871519650174,0.5539239779161697,0.7014555717996468,0.8831858163887101,0.7948092662204772,1.0139672739596313
Maize,0.6230919726869268,0.5413662997663792,0.6747009375392252,0.8826983414044044,0.7891355521880051,0.9752929449536952
Ragi,0.9868985213970405,0.7486258998326687,1.5350088752490054,1.4026236063046005,1.0862967422586154,2.21888431329566
