Alpha,objective_nitrogen_kharif,objective_water_kharif,nitrogen_mt_kharif,water_bcm_kharif,solve_status_kharif,solve_status_code_kharif,is_valid_kharif,variable_count_kharif,constraint_count_kharif,income_mode_kharif,objective_nitrogen_rabi,objective_water_rabi,nitrogen_mt_rabi,water_bcm_rabi,solve_status_rabi,solve_status_code_rabi,is_valid_rabi,variable_count_rabi,constraint_count_rabi,income_mode_rabi,objective_nitrogen,objective_water,nitrogen_mt,water_bcm,is_valid,solve_status,income_mode
0.0,5261694737.459483,321834041249.6477,5.261694737459483,321.8340412496477,Optimal,1,True,2459,3210,profit,2969241574.1627736,104433435642.132,2.9692415741627736,104.433435642132,Optimal,1,True,1788,2505,profit,8230936311.622257,426267476891.7797,8.230936311622257,426.2674768917797,True,Optimal|Optimal,profit
0.25,5261459755.115069,321822821959.7943,5.2614597551150695,321.82282195979434,Optimal,1,True,2459,3210,profit,2971235625.9368563,104576338928.72472,2.971235625936856,104.57633892872471,Optimal,1,True,1788,2505,profit,8232695381.051926,426399160888.51904,8.232695381051926,426.399160888519,True,Optimal|Optimal,profit
0.5,5263337572.68845,322248270987.39044,5.2633375726884495,322.24827098739047,Optimal,1,True,2459,3210,profit,2972545059.029817,104699405348.65755,2.9725450590298172,104.69940534865755,Optimal,1,True,1788,2505,profit,8235882631.718267,426947676336.048,8.235882631718267,426.94767633604795,True,Optimal|Optimal,profit
0.75,5263404374.67924,322292558707.6807,5.26340437467924,322.2925587076807,Optimal,1,True,2459,3210,profit,2974082853.070916,105115530673.55086,2.9740828530709162,105.11553067355086,Optimal,1,True,1788,2505,profit,8237487227.750156,427408089381.23157,8.237487227750156,427.40808938123155,True,Optimal|Optimal,profit
1.0,5265478518.444306,323364753310.13086,5.265478518444306,323.3647533101309,Optimal,1,True,2459,3210,profit,2974150199.96461,105149491360.20448,2.97415019996461,105.14949136020448,Optimal,1,True,1788,2505,profit,8239628718.408916,428514244670.3353,8.239628718408916,428.5142446703353,True,Optimal|Optimal,profit
