Alpha,objective_nitrogen,objective_water,nitrogen_mt,water_bcm,solve_status,solve_status_code,is_valid,variable_count,constraint_count,income_mode
0.0,5261694737.459483,321834041249.6477,5.261694737459483,321.8340412496477,Optimal,1,True,2459,3210,profit
0.25,5261459755.115069,321822821959.7943,5.2614597551150695,321.82282195979434,Optimal,1,True,2459,3210,profit
0.5,5263337572.68845,322248270987.39044,5.2633375726884495,322.24827098739047,Optimal,1,True,2459,3210,profit
0.75,5263404374.67924,322292558707.6807,5.26340437467924,322.2925587076807,Optimal,1,True,2459,3210,profit
1.0,5265478518.444306,323364753310.13086,5.265478518444306,323.3647533101309,Optimal,1,True,2459,3210,profit
