Alpha,objective_nitrogen,objective_water,nitrogen_mt,water_bcm,solve_status,solve_status_code,is_valid,variable_count,constraint_count,income_mode
0.0,2969241574.1627736,104433435642.132,2.9692415741627736,104.433435642132,Optimal,1,True,1788,2505,profit
0.25,2971235625.9368563,104576338928.72472,2.971235625936856,104.57633892872471,Optimal,1,True,1788,2505,profit
0.5,2972545059.029817,104699405348.65755,2.9725450590298172,104.69940534865755,Optimal,1,True,1788,2505,profit
0.75,2974082853.070916,105115530673.55086,2.9740828530709162,105.11553067355086,Optimal,1,True,1788,2505,profit
1.0,2974150199.96461,105149491360.20448,2.97415019996461,105.14949136020448,Optimal,1,True,1788,2505,profit
