panel,season,scenario_year,direct_keys,fallback_keys,direct_key_share,fallback_key_share,direct_area_share,fallback_area_share
a,kharif,2017-18,2237,222,0.9097193981293209,0.09028060187067914,0.9996634462909252,0.00033655370907481526
a,rabi,2017-18,1737,51,0.9714765100671141,0.028523489932885907,0.9998901913411136,0.00010980865888640189
b,kharif,2017-18,2237,222,0.9097193981293209,0.09028060187067914,0.9996634462909252,0.00033655370907481526
b,rabi,2017-18,1737,51,0.9714765100671141,0.028523489932885907,0.9998901913411136,0.00010980865888640189
c,kharif,2017-18,2237,222,0.9097193981293209,0.09028060187067914,0.9996634462909252,0.00033655370907481526
c,rabi,2017-18,1737,51,0.9714765100671141,0.028523489932885907,0.9998901913411136,0.00010980865888640189
d,kharif,2017-18,2237,222,0.9097193981293209,0.09028060187067914,0.9996634462909252,0.00033655370907481526
d,rabi,2017-18,1737,51,0.9714765100671141,0.028523489932885907,0.9998901913411136,0.00010980865888640189
