Alpha,objective_nitrogen_kharif,objective_water_kharif,nitrogen_mt_kharif,water_bcm_kharif,solve_status_kharif,solve_status_code_kharif,is_valid_kharif,variable_count_kharif,constraint_count_kharif,income_mode_kharif,objective_nitrogen_rabi,objective_water_rabi,nitrogen_mt_rabi,water_bcm_rabi,solve_status_rabi,solve_status_code_rabi,is_valid_rabi,variable_count_rabi,constraint_count_rabi,income_mode_rabi,objective_nitrogen,objective_water,nitrogen_mt,water_bcm,is_valid,solve_status,income_mode
0.0,5069863787.49471,298058320283.7518,5.06986378749471,298.05832028375175,Optimal,1,True,2459,3210,profit,2924567491.1246963,99865318336.61646,2.924567491124696,99.86531833661645,Optimal,1,True,1788,2505,profit,7994431278.619406,397923638620.3682,7.994431278619405,397.92363862036825,True,Optimal|Optimal,profit
0.25,5018646657.51595,298765825142.4853,5.0186466575159505,298.7658251424853,Optimal,1,True,2459,3210,profit,2918755253.0637426,99896499875.16385,2.918755253063743,99.89649987516385,Optimal,1,True,1788,2505,profit,7937401910.579693,398662325017.6492,7.937401910579693,398.66232501764915,True,Optimal|Optimal,profit
0.5,4987385329.253203,299952921093.6229,4.987385329253203,299.95292109362293,Optimal,1,True,2459,3210,profit,2904205952.206125,100291339115.79645,2.9042059522061248,100.29133911579645,Optimal,1,True,1788,2505,profit,7891591281.459328,400244260209.4194,7.891591281459328,400.2442602094194,True,Optimal|Optimal,profit
0.75,4971395362.363001,301684286925.3653,4.971395362363001,301.6842869253653,Optimal,1,True,2459,3210,profit,2894578099.487422,100902674900.66116,2.894578099487422,100.90267490066117,Optimal,1,True,1788,2505,profit,7865973461.850423,402586961826.0265,7.865973461850423,402.5869618260265,True,Optimal|Optimal,profit
1.0,4967734303.04142,371700637863.37463,4.96773430304142,371.70063786337465,Optimal,1,True,2459,3210,profit,2888061508.915726,102252308725.73181,2.888061508915726,102.25230872573181,Optimal,1,True,1788,2505,profit,7855795811.957146,473952946589.10645,7.855795811957146,473.95294658910643,True,Optimal|Optimal,profit
