Alpha,objective_nitrogen,objective_water,nitrogen_mt,water_bcm,solve_status,solve_status_code,is_valid,variable_count,constraint_count,income_mode
0.0,5069863787.49471,298058320283.7518,5.06986378749471,298.05832028375175,Optimal,1,True,2459,3210,profit
0.25,5018646657.51595,298765825142.4853,5.0186466575159505,298.7658251424853,Optimal,1,True,2459,3210,profit
0.5,4987385329.253203,299952921093.6229,4.987385329253203,299.95292109362293,Optimal,1,True,2459,3210,profit
0.75,4971395362.363001,301684286925.3653,4.971395362363001,301.6842869253653,Optimal,1,True,2459,3210,profit
1.0,4967734303.04142,371700637863.37463,4.96773430304142,371.70063786337465,Optimal,1,True,2459,3210,profit
