Alpha,objective_nitrogen,objective_water,nitrogen_mt,water_bcm,solve_status,solve_status_code,is_valid,variable_count,constraint_count,income_mode
0.0,2924567491.1246963,99865318336.61646,2.924567491124696,99.86531833661645,Optimal,1,True,1788,2505,profit
0.25,2918755253.0637426,99896499875.16385,2.918755253063743,99.89649987516385,Optimal,1,True,1788,2505,profit
0.5,2904205952.206125,100291339115.79645,2.9042059522061248,100.29133911579645,Optimal,1,True,1788,2505,profit
0.75,2894578099.487422,100902674900.66116,2.894578099487422,100.90267490066117,Optimal,1,True,1788,2505,profit
1.0,2888061508.915726,102252308725.73181,2.888061508915726,102.25230872573181,Optimal,1,True,1788,2505,profit
