source_crop,wheat,rice,bajra,maize,jowar,ragi
wheat,27113924.38687024,867096.1645374321,235593.15216176832,1450775.0445584133,1051789.5466130096,12254.20525913658
rice,561281.0953412789,27958428.266990256,2184806.8064942188,8148730.521651238,3643237.4284963193,2048420.6310261453
bajra,74887.39102540076,813794.0,4431651.608974599,340761.0094244495,1650576.7903445703,254142.20023098006
maize,362062.0939468243,1992796.808435295,1449127.2503204767,3022865.88055564,2372174.426011494,240511.36073027021
jowar,288889.6424892488,323853.3736625852,612781.1871238633,738741.0024713259,4135890.7967243027,138072.99752867414
ragi,274.542683879426,142572.3865631326,10477.6134368674,479001.0941524202,440782.0,121876.3631637004
