Alpha,objective_nitrogen_kharif,objective_water_kharif,nitrogen_mt_kharif,water_bcm_kharif,solve_status_kharif,solve_status_code_kharif,is_valid_kharif,variable_count_kharif,constraint_count_kharif,income_mode_kharif,objective_nitrogen_rabi,objective_water_rabi,nitrogen_mt_rabi,water_bcm_rabi,solve_status_rabi,solve_status_code_rabi,is_valid_rabi,variable_count_rabi,constraint_count_rabi,income_mode_rabi,objective_nitrogen,objective_water,nitrogen_mt,water_bcm,is_valid,solve_status,income_mode
0.0,5164130171.22084,312530549716.00134,5.16413017122084,312.53054971600136,Optimal,1,True,2459,3235,profit,2947786999.4445376,101273635456.3627,2.9477869994445376,101.2736354563627,Optimal,1,True,1788,2529,msp,8111917170.665379,413804185172.364,8.111917170665379,413.804185172364,True,Optimal|Optimal,legacy_mixed
0.25,5134111645.245252,312765569976.57074,5.134111645245252,312.76556997657076,Optimal,1,True,2459,3235,profit,2935545826.856609,101349790286.33766,2.935545826856609,101.34979028633767,Optimal,1,True,1788,2529,msp,8069657472.10186,414115360262.9084,8.06965747210186,414.1153602629084,True,Optimal|Optimal,legacy_mixed
0.5,5117566058.6758585,313440460464.9682,5.117566058675859,313.4404604649682,Optimal,1,True,2459,3235,profit,2925116557.623387,101615867006.91583,2.925116557623387,101.61586700691583,Optimal,1,True,1788,2529,msp,8042682616.299246,415056327471.88403,8.042682616299246,415.05632747188406,True,Optimal|Optimal,legacy_mixed
0.75,5103897049.281173,314981044904.9996,5.103897049281173,314.9810449049996,Optimal,1,True,2459,3235,profit,2917241480.4958777,102084049969.04585,2.917241480495878,102.08404996904585,Optimal,1,True,1788,2529,msp,8021138529.77705,417065094874.0454,8.02113852977705,417.0650948740454,True,Optimal|Optimal,legacy_mixed
1.0,5100725359.623307,367012979745.84094,5.100725359623307,367.01297974584094,Optimal,1,True,2459,3235,profit,2908833177.5580425,103817842400.57797,2.9088331775580425,103.81784240057797,Optimal,1,True,1788,2529,msp,8009558537.18135,470830822146.41895,8.00955853718135,470.83082214641894,True,Optimal|Optimal,legacy_mixed
