Alpha,objective_nitrogen,objective_water,nitrogen_mt,water_bcm,solve_status,solve_status_code,is_valid,variable_count,constraint_count,income_mode
0.0,5164130171.22084,312530549716.00134,5.16413017122084,312.53054971600136,Optimal,1,True,2459,3235,profit
0.25,5134111645.245252,312765569976.57074,5.134111645245252,312.76556997657076,Optimal,1,True,2459,3235,profit
0.5,5117566058.6758585,313440460464.9682,5.117566058675859,313.4404604649682,Optimal,1,True,2459,3235,profit
0.75,5103897049.281173,314981044904.9996,5.103897049281173,314.9810449049996,Optimal,1,True,2459,3235,profit
1.0,5100725359.623307,367012979745.84094,5.100725359623307,367.01297974584094,Optimal,1,True,2459,3235,profit
