Alpha,objective_nitrogen_kharif,objective_water_kharif,nitrogen_mt_kharif,water_bcm_kharif,solve_status_kharif,solve_status_code_kharif,is_valid_kharif,variable_count_kharif,constraint_count_kharif,income_mode_kharif,objective_nitrogen_rabi,objective_water_rabi,nitrogen_mt_rabi,water_bcm_rabi,solve_status_rabi,solve_status_code_rabi,is_valid_rabi,variable_count_rabi,constraint_count_rabi,income_mode_rabi,objective_nitrogen,objective_water,nitrogen_mt,water_bcm,is_valid,solve_status,income_mode
0.0,5237745697.777213,318518913041.9431,5.237745697777213,318.5189130419431,Optimal,1,True,2459,3210,profit,2945599634.33072,102817376133.3357,2.94559963433072,102.8173761333357,Optimal,1,True,1788,2505,profit,8183345332.107933,421336289175.2788,8.183345332107933,421.3362891752788,True,Optimal|Optimal,profit
0.25,5204807426.016042,314946036059.33563,5.204807426016042,314.94603605933565,Optimal,1,True,2459,3210,profit,2945271289.01549,102809134822.7496,2.94527128901549,102.8091348227496,Optimal,1,True,1788,2505,profit,8150078715.031532,417755170882.0852,8.150078715031531,417.7551708820852,True,Optimal|Optimal,profit
0.5,5229995598.293113,318102935131.80023,5.229995598293113,318.1029351318002,Optimal,1,True,2459,3210,profit,2961764529.426151,103640350874.80478,2.961764529426151,103.64035087480478,Optimal,1,True,1788,2505,profit,8191760127.719263,421743286006.605,8.191760127719263,421.743286006605,True,Optimal|Optimal,profit
0.75,5233193272.945864,318194445550.733,5.233193272945864,318.19444555073295,Optimal,1,True,2459,3210,profit,2959928800.9731717,104080935367.57759,2.959928800973172,104.0809353675776,Optimal,1,True,1788,2505,profit,8193122073.919035,422275380918.31055,8.193122073919035,422.27538091831053,True,Optimal|Optimal,profit
1.0,5227063814.120312,386023487311.7816,5.227063814120312,386.0234873117816,Optimal,1,True,2459,3210,profit,2958331617.84394,104415759273.86966,2.95833161784394,104.41575927386965,Optimal,1,True,1788,2505,profit,8185395431.9642515,490439246585.65125,8.18539543196425,490.43924658565123,True,Optimal|Optimal,profit
