Alpha,objective_nitrogen,objective_water,nitrogen_mt,water_bcm,solve_status,solve_status_code,is_valid,variable_count,constraint_count,income_mode
0.0,5237745697.777213,318518913041.9431,5.237745697777213,318.5189130419431,Optimal,1,True,2459,3210,profit
0.25,5204807426.016042,314946036059.33563,5.204807426016042,314.94603605933565,Optimal,1,True,2459,3210,profit
0.5,5229995598.293113,318102935131.80023,5.229995598293113,318.1029351318002,Optimal,1,True,2459,3210,profit
0.75,5233193272.945864,318194445550.733,5.233193272945864,318.19444555073295,Optimal,1,True,2459,3210,profit
1.0,5227063814.120312,386023487311.7816,5.227063814120312,386.0234873117816,Optimal,1,True,2459,3210,profit
