Alpha,objective_nitrogen,objective_water,nitrogen_mt,water_bcm,solve_status,solve_status_code,is_valid,variable_count,constraint_count,income_mode
0.0,2945599634.33072,102817376133.3357,2.94559963433072,102.8173761333357,Optimal,1,True,1788,2505,profit
0.25,2945271289.01549,102809134822.7496,2.94527128901549,102.8091348227496,Optimal,1,True,1788,2505,profit
0.5,2961764529.426151,103640350874.80478,2.961764529426151,103.64035087480478,Optimal,1,True,1788,2505,profit
0.75,2959928800.9731717,104080935367.57759,2.959928800973172,104.0809353675776,Optimal,1,True,1788,2505,profit
1.0,2958331617.84394,104415759273.86966,2.95833161784394,104.41575927386965,Optimal,1,True,1788,2505,profit
