season,iteration,metric,status,pct_reduction
kharif,0,Nitrogen Emission,Optimal,18.58221622051404
kharif,0,Nitrogen Leach,Optimal,13.694689960714356
kharif,0,Greenhouse Gas emission,Optimal,11.296395726589568
kharif,0,Net return,Optimal,-267.70513351910796
kharif,0,Calorie,Optimal,-1.7216493426175787
kharif,0,Phosphorus application,Optimal,12.592878139771786
kharif,0,Nitrogen application,Optimal,12.205084614613275
kharif,0,Phosphorus Surplus,Optimal,16.467220571881278
kharif,0,Nitrogen Surplus,Optimal,17.880678778107487
kharif,0,Water Demand,Optimal,21.92364356986903
kharif,1,Nitrogen Emission,Optimal,18.967600828870896
kharif,1,Nitrogen Leach,Optimal,14.727097778794784
kharif,1,Greenhouse Gas emission,Optimal,10.609897019131662
kharif,1,Net return,Optimal,-257.3924871740909
kharif,1,Calorie,Optimal,-1.313155763277291
kharif,1,Phosphorus application,Optimal,12.067997943994882
kharif,1,Nitrogen application,Optimal,12.742938805828109
kharif,1,Phosphorus Surplus,Optimal,15.757929532180231
kharif,1,Nitrogen Surplus,Optimal,18.476158335524612
kharif,1,Water Demand,Optimal,20.899212095640024
kharif,2,Nitrogen Emission,Optimal,19.441468192181947
kharif,2,Nitrogen Leach,Optimal,13.954337221455038
kharif,2,Greenhouse Gas emission,Optimal,11.378902440877171
kharif,2,Net return,Optimal,-251.24766502693492
kharif,2,Calorie,Optimal,-1.529334867813222
kharif,2,Phosphorus application,Optimal,14.769856348182463
kharif,2,Nitrogen application,Optimal,12.908560790305245
kharif,2,Phosphorus Surplus,Optimal,19.08636457387022
kharif,2,Nitrogen Surplus,Optimal,18.827357522906656
kharif,2,Water Demand,Optimal,23.252833314512984
kharif,3,Nitrogen Emission,Optimal,18.858863393946383
kharif,3,Nitrogen Leach,Optimal,13.94103233982568
kharif,3,Greenhouse Gas emission,Optimal,10.746973324709398
kharif,3,Net return,Optimal,-254.81114071719475
kharif,3,Calorie,Optimal,-1.4215662804025242
kharif,3,Phosphorus application,Optimal,13.641718652522616
kharif,3,Nitrogen application,Optimal,12.453921410734807
kharif,3,Phosphorus Surplus,Optimal,17.717117746282568
kharif,3,Nitrogen Surplus,Optimal,18.202279818117812
kharif,3,Water Demand,Optimal,22.009418975015144
kharif,4,Nitrogen Emission,Optimal,18.66824668769149
kharif,4,Nitrogen Leach,Optimal,13.465594380755874
kharif,4,Greenhouse Gas emission,Optimal,9.401521898547212
kharif,4,Net return,Optimal,-290.6090949254443
kharif,4,Calorie,Optimal,-1.3325191298751586
kharif,4,Phosphorus application,Optimal,12.761259511538997
kharif,4,Nitrogen application,Optimal,12.4474227990221
kharif,4,Phosphorus Surplus,Optimal,16.48175050276277
kharif,4,Nitrogen Surplus,Optimal,18.008276319742638
kharif,4,Water Demand,Optimal,20.86870992012534
kharif,5,Nitrogen Emission,Optimal,17.724629510757982
kharif,5,Nitrogen Leach,Optimal,13.132831362470409
kharif,5,Greenhouse Gas emission,Optimal,11.76758882541103
kharif,5,Net return,Optimal,-199.1481093422447
kharif,5,Calorie,Optimal,-1.6154241832751095
kharif,5,Phosphorus application,Optimal,12.393290470816133
kharif,5,Nitrogen application,Optimal,11.569815608806897
kharif,5,Phosphorus Surplus,Optimal,16.284667621392874
kharif,5,Nitrogen Surplus,Optimal,17.15256341592608
kharif,5,Water Demand,Optimal,21.637174027325084
kharif,6,Nitrogen Emission,Optimal,17.85420141249173
kharif,6,Nitrogen Leach,Optimal,13.883033625656761
kharif,6,Greenhouse Gas emission,Optimal,10.832060556234008
kharif,6,Net return,Optimal,-219.2549261640395
kharif,6,Calorie,Optimal,-1.4257755505539682
kharif,6,Phosphorus application,Optimal,14.124289318838224
kharif,6,Nitrogen application,Optimal,11.850081712570482
kharif,6,Phosphorus Surplus,Optimal,18.294467465134616
kharif,6,Nitrogen Surplus,Optimal,17.358536566666203
kharif,6,Water Demand,Optimal,24.549437572323903
kharif,7,Nitrogen Emission,Optimal,17.489364361653497
kharif,7,Nitrogen Leach,Optimal,12.153707445854412
kharif,7,Greenhouse Gas emission,Optimal,10.381811599784061
kharif,7,Net return,Optimal,-218.0502381390693
kharif,7,Calorie,Optimal,-1.5396911547045444
kharif,7,Phosphorus application,Optimal,15.217142272548445
kharif,7,Nitrogen application,Optimal,11.53033873374733
kharif,7,Phosphorus Surplus,Optimal,19.52229562232432
kharif,7,Nitrogen Surplus,Optimal,16.99539012557251
kharif,7,Water Demand,Optimal,19.194627508790084
kharif,8,Nitrogen Emission,Optimal,17.640076725270106
kharif,8,Nitrogen Leach,Optimal,12.374916629528109
kharif,8,Greenhouse Gas emission,Optimal,10.569159891733362
kharif,8,Net return,Optimal,-239.04537315725133
kharif,8,Calorie,Optimal,-1.6393696694529027
kharif,8,Phosphorus application,Optimal,12.792737576034863
kharif,8,Nitrogen application,Optimal,11.544062466123146
kharif,8,Phosphorus Surplus,Optimal,16.694975676408223
kharif,8,Nitrogen Surplus,Optimal,16.961662197719615
kharif,8,Water Demand,Optimal,22.86582707442894
kharif,9,Nitrogen Emission,Optimal,18.53162244516507
kharif,9,Nitrogen Leach,Optimal,13.437879973873661
kharif,9,Greenhouse Gas emission,Optimal,10.414036959189538
kharif,9,Net return,Optimal,-219.21938513352563
kharif,9,Calorie,Optimal,-1.7018913558948479
kharif,9,Phosphorus application,Optimal,13.36820004550423
kharif,9,Nitrogen application,Optimal,12.2428071114806
kharif,9,Phosphorus Surplus,Optimal,17.394286166835762
kharif,9,Nitrogen Surplus,Optimal,17.906554683926544
kharif,9,Water Demand,Optimal,18.65225972103765
kharif,10,Nitrogen Emission,Optimal,15.976342726261256
kharif,10,Nitrogen Leach,Optimal,10.94831786181287
kharif,10,Greenhouse Gas emission,Optimal,11.509350323694493
kharif,10,Net return,Optimal,-197.56048031360064
kharif,10,Calorie,Optimal,-1.6395512010468616
kharif,10,Phosphorus application,Optimal,11.993967422673538
kharif,10,Nitrogen application,Optimal,10.296202930806611
kharif,10,Phosphorus Surplus,Optimal,15.780042457906696
kharif,10,Nitrogen Surplus,Optimal,15.396610012223245
kharif,10,Water Demand,Optimal,24.874689460459816
kharif,11,Nitrogen Emission,Optimal,17.334678634375475
kharif,11,Nitrogen Leach,Optimal,13.1299422324356
kharif,11,Greenhouse Gas emission,Optimal,11.497352922799001
kharif,11,Net return,Optimal,-235.14732847178925
kharif,11,Calorie,Optimal,-1.498369079883468
kharif,11,Phosphorus application,Optimal,13.715225484381824
kharif,11,Nitrogen application,Optimal,11.285931433689747
kharif,11,Phosphorus Surplus,Optimal,17.82574777570776
kharif,11,Nitrogen Surplus,Optimal,16.697389142439935
kharif,11,Water Demand,Optimal,16.976486513027584
kharif,12,Nitrogen Emission,Optimal,17.041311934603016
kharif,12,Nitrogen Leach,Optimal,10.995580358331477
kharif,12,Greenhouse Gas emission,Optimal,11.39036901943009
kharif,12,Net return,Optimal,-199.79011785642817
kharif,12,Calorie,Optimal,-1.431753556817395
kharif,12,Phosphorus application,Optimal,11.691946684440797
kharif,12,Nitrogen application,Optimal,11.134347251680817
kharif,12,Phosphorus Surplus,Optimal,15.35745023981738
kharif,12,Nitrogen Surplus,Optimal,16.477224169754628
kharif,12,Water Demand,Optimal,20.63258208105622
kharif,13,Nitrogen Emission,Optimal,18.79472257918189
kharif,13,Nitrogen Leach,Optimal,14.018624108664502
kharif,13,Greenhouse Gas emission,Optimal,9.646152857684658
kharif,13,Net return,Optimal,-181.91133207033832
kharif,13,Calorie,Optimal,-2.5478466141916796
kharif,13,Phosphorus application,Optimal,13.347163435834728
kharif,13,Nitrogen application,Optimal,12.275288926829674
kharif,13,Phosphorus Surplus,Optimal,17.51879871708242
kharif,13,Nitrogen Surplus,Optimal,18.25687403647957
kharif,13,Water Demand,Optimal,20.240356369993815
kharif,14,Nitrogen Emission,Optimal,18.74492006675323
kharif,14,Nitrogen Leach,Optimal,13.499814126141331
kharif,14,Greenhouse Gas emission,Optimal,10.592833884884246
kharif,14,Net return,Optimal,-235.26949755640825
kharif,14,Calorie,Optimal,-1.3541878238672367
kharif,14,Phosphorus application,Optimal,12.660708947175383
kharif,14,Nitrogen application,Optimal,12.463767011534307
kharif,14,Phosphorus Surplus,Optimal,16.45620552722515
kharif,14,Nitrogen Surplus,Optimal,18.05337614040749
kharif,14,Water Demand,Optimal,14.357522199375541
kharif,15,Nitrogen Emission,Optimal,18.24946158978182
kharif,15,Nitrogen Leach,Optimal,13.313195434591394
kharif,15,Greenhouse Gas emission,Optimal,11.22366844284164
kharif,15,Net return,Optimal,-221.07414455578927
kharif,15,Calorie,Optimal,-1.4806379674880557
kharif,15,Phosphorus application,Optimal,12.664422540257167
kharif,15,Nitrogen application,Optimal,11.967010447862007
kharif,15,Phosphorus Surplus,Optimal,16.544426523924297
kharif,15,Nitrogen Surplus,Optimal,17.57712115636404
kharif,15,Water Demand,Optimal,15.266825312235591
kharif,16,Nitrogen Emission,Optimal,16.497879750086952
kharif,16,Nitrogen Leach,Optimal,11.59004787435534
kharif,16,Greenhouse Gas emission,Optimal,11.494430712895603
kharif,16,Net return,Optimal,-219.16221234428883
kharif,16,Calorie,Optimal,-1.466008067282823
kharif,16,Phosphorus application,Optimal,11.047932884295092
kharif,16,Nitrogen application,Optimal,10.719658012787244
kharif,16,Phosphorus Surplus,Optimal,14.616376951565405
kharif,16,Nitrogen Surplus,Optimal,15.91079815390731
kharif,16,Water Demand,Optimal,23.77553616657628
kharif,17,Nitrogen Emission,Optimal,16.926139761153866
kharif,17,Nitrogen Leach,Optimal,13.372502778372223
kharif,17,Greenhouse Gas emission,Optimal,10.948134137538693
kharif,17,Net return,Optimal,-290.99837973239363
kharif,17,Calorie,Optimal,-1.4235291462606605
kharif,17,Phosphorus application,Optimal,12.772188626891948
kharif,17,Nitrogen application,Optimal,11.142364016486033
kharif,17,Phosphorus Surplus,Optimal,16.658883342214157
kharif,17,Nitrogen Surplus,Optimal,16.397624390480896
kharif,17,Water Demand,Optimal,23.44825778016556
kharif,18,Nitrogen Emission,Optimal,18.001716704859334
kharif,18,Nitrogen Leach,Optimal,13.23671427777762
kharif,18,Greenhouse Gas emission,Optimal,11.084257526140872
kharif,18,Net return,Optimal,-269.8089299578392
kharif,18,Calorie,Optimal,-2.3571633733439175
kharif,18,Phosphorus application,Optimal,13.182766743080968
kharif,18,Nitrogen application,Optimal,11.727370627700049
kharif,18,Phosphorus Surplus,Optimal,17.33706699280502
kharif,18,Nitrogen Surplus,Optimal,17.39166079645926
kharif,18,Water Demand,Optimal,24.27288726573284
kharif,19,Nitrogen Emission,Optimal,18.220889025099474
kharif,19,Nitrogen Leach,Optimal,13.464702515864538
kharif,19,Greenhouse Gas emission,Optimal,10.372008180461533
kharif,19,Net return,Optimal,-228.9992834379648
kharif,19,Calorie,Optimal,-1.8732394925539053
kharif,19,Phosphorus application,Optimal,11.539590756532014
kharif,19,Nitrogen application,Optimal,11.963168471038223
kharif,19,Phosphorus Surplus,Optimal,15.227968346596924
kharif,19,Nitrogen Surplus,Optimal,17.660781165993825
kharif,19,Water Demand,Optimal,22.261353737293344
kharif,20,Nitrogen Emission,Optimal,17.614669003003247
kharif,20,Nitrogen Leach,Optimal,13.39731484194152
kharif,20,Greenhouse Gas emission,Optimal,11.298356717414688
kharif,20,Net return,Optimal,-214.48538147051653
kharif,20,Calorie,Optimal,-1.6809681560642378
kharif,20,Phosphorus application,Optimal,11.028450052247926
kharif,20,Nitrogen application,Optimal,11.620651993574754
kharif,20,Phosphorus Surplus,Optimal,14.578897443613906
kharif,20,Nitrogen Surplus,Optimal,17.11212154356321
kharif,20,Water Demand,Optimal,24.783837254230203
kharif,21,Nitrogen Emission,Optimal,17.531844444684815
kharif,21,Nitrogen Leach,Optimal,13.160312831080866
kharif,21,Greenhouse Gas emission,Optimal,11.156562733713185
kharif,21,Net return,Optimal,-183.24964559550264
kharif,21,Calorie,Optimal,-1.380031453956176
kharif,21,Phosphorus application,Optimal,12.854813186231665
kharif,21,Nitrogen application,Optimal,11.56137311516169
kharif,21,Phosphorus Surplus,Optimal,16.750556510696253
kharif,21,Nitrogen Surplus,Optimal,16.948566387352667
kharif,21,Water Demand,Optimal,23.70763978614461
kharif,22,Nitrogen Emission,Optimal,17.052525443634696
kharif,22,Nitrogen Leach,Optimal,12.403596071972002
kharif,22,Greenhouse Gas emission,Optimal,11.344825286409362
kharif,22,Net return,Optimal,-180.4251616058067
kharif,22,Calorie,Optimal,-1.5881344828546489
kharif,22,Phosphorus application,Optimal,12.327894659692888
kharif,22,Nitrogen application,Optimal,11.152141496894119
kharif,22,Phosphorus Surplus,Optimal,16.149140134263725
kharif,22,Nitrogen Surplus,Optimal,16.564423140622548
kharif,22,Water Demand,Optimal,15.555278388652948
kharif,23,Nitrogen Emission,Optimal,17.6192988171153
kharif,23,Nitrogen Leach,Optimal,12.471147720677607
kharif,23,Greenhouse Gas emission,Optimal,10.489810177533784
kharif,23,Net return,Optimal,-291.5160708991764
kharif,23,Calorie,Optimal,-1.4243572237652087
kharif,23,Phosphorus application,Optimal,13.992920884368369
kharif,23,Nitrogen application,Optimal,11.5945140874467
kharif,23,Phosphorus Surplus,Optimal,18.147759608434928
kharif,23,Nitrogen Surplus,Optimal,16.98780210378933
kharif,23,Water Demand,Optimal,18.898018421292125
kharif,24,Nitrogen Emission,Optimal,17.345059506399714
kharif,24,Nitrogen Leach,Optimal,12.266963841142207
kharif,24,Greenhouse Gas emission,Optimal,11.758167414064971
kharif,24,Net return,Optimal,-218.91224349502565
kharif,24,Calorie,Optimal,-1.3652569446664153
kharif,24,Phosphorus application,Optimal,12.465424737666739
kharif,24,Nitrogen application,Optimal,11.261435223725035
kharif,24,Phosphorus Surplus,Optimal,16.26303303432959
kharif,24,Nitrogen Surplus,Optimal,16.666193778731394
kharif,24,Water Demand,Optimal,25.11087341496163
kharif,25,Nitrogen Emission,Optimal,19.011485579947042
kharif,25,Nitrogen Leach,Optimal,13.67024344100574
kharif,25,Greenhouse Gas emission,Optimal,11.868279531665236
kharif,25,Net return,Optimal,-159.43407094665878
kharif,25,Calorie,Optimal,-1.5954005253666677
kharif,25,Phosphorus application,Optimal,13.890224442831864
kharif,25,Nitrogen application,Optimal,12.483168437825233
kharif,25,Phosphorus Surplus,Optimal,18.04427638241641
kharif,25,Nitrogen Surplus,Optimal,18.346203178714543
kharif,25,Water Demand,Optimal,21.588259192531286
kharif,26,Nitrogen Emission,Optimal,18.097987144227805
kharif,26,Nitrogen Leach,Optimal,12.986371563568083
kharif,26,Greenhouse Gas emission,Optimal,11.27773188694417
kharif,26,Net return,Optimal,-232.11623453339934
kharif,26,Calorie,Optimal,-1.7123555704348228
kharif,26,Phosphorus application,Optimal,13.76824850494095
kharif,26,Nitrogen application,Optimal,11.824471808635634
kharif,26,Phosphorus Surplus,Optimal,17.88530129320387
kharif,26,Nitrogen Surplus,Optimal,17.458271610735007
kharif,26,Water Demand,Optimal,27.504140301374093
kharif,27,Nitrogen Emission,Optimal,18.70584670884039
kharif,27,Nitrogen Leach,Optimal,13.896280727506767
kharif,27,Greenhouse Gas emission,Optimal,10.468341522635788
kharif,27,Net return,Optimal,-129.5947183028637
kharif,27,Calorie,Optimal,-2.0873967526734933
kharif,27,Phosphorus application,Optimal,11.269424964942472
kharif,27,Nitrogen application,Optimal,12.310365100115028
kharif,27,Phosphorus Surplus,Optimal,14.953010145601025
kharif,27,Nitrogen Surplus,Optimal,18.22235151863662
kharif,27,Water Demand,Optimal,24.018045157172857
kharif,28,Nitrogen Emission,Optimal,16.769620065801455
kharif,28,Nitrogen Leach,Optimal,11.650092985230865
kharif,28,Greenhouse Gas emission,Optimal,10.881087787663663
kharif,28,Net return,Optimal,-252.18059539751383
kharif,28,Calorie,Optimal,-1.4902241116178112
kharif,28,Phosphorus application,Optimal,11.386288722853754
kharif,28,Nitrogen application,Optimal,11.013615752310027
kharif,28,Phosphorus Surplus,Optimal,14.991942627948415
kharif,28,Nitrogen Surplus,Optimal,16.27187017434755
kharif,28,Water Demand,Optimal,23.22545248209472
kharif,29,Nitrogen Emission,Optimal,16.64985411297955
kharif,29,Nitrogen Leach,Optimal,10.943792050592258
kharif,29,Greenhouse Gas emission,Optimal,11.14032684804493
kharif,29,Net return,Optimal,-260.9472111319106
kharif,29,Calorie,Optimal,-1.4752865813963683
kharif,29,Phosphorus application,Optimal,11.476120255846466
kharif,29,Nitrogen application,Optimal,10.822090422372304
kharif,29,Phosphorus Surplus,Optimal,15.158353838703173
kharif,29,Nitrogen Surplus,Optimal,16.003529084516128
kharif,29,Water Demand,Optimal,24.98904547825907
kharif,30,Nitrogen Emission,Optimal,18.510059044563413
kharif,30,Nitrogen Leach,Optimal,13.816368104039334
kharif,30,Greenhouse Gas emission,Optimal,10.600863835688468
kharif,30,Net return,Optimal,-231.27864118089036
kharif,30,Calorie,Optimal,-1.698436535115574
kharif,30,Phosphorus application,Optimal,11.89658269302332
kharif,30,Nitrogen application,Optimal,12.322136061792216
kharif,30,Phosphorus Surplus,Optimal,15.613201094509895
kharif,30,Nitrogen Surplus,Optimal,17.97059594139567
kharif,30,Water Demand,Optimal,18.066124122414564
kharif,31,Nitrogen Emission,Optimal,19.38871572613646
kharif,31,Nitrogen Leach,Optimal,13.61535008326424
kharif,31,Greenhouse Gas emission,Optimal,11.161553151766052
kharif,31,Net return,Optimal,-285.85175630845424
kharif,31,Calorie,Optimal,-1.6784243965746803
kharif,31,Phosphorus application,Optimal,15.048787899110385
kharif,31,Nitrogen application,Optimal,12.81086702728158
kharif,31,Phosphorus Surplus,Optimal,19.472440045106033
kharif,31,Nitrogen Surplus,Optimal,18.752608187114667
kharif,31,Water Demand,Optimal,20.28019128667342
kharif,32,Nitrogen Emission,Optimal,17.68522322946666
kharif,32,Nitrogen Leach,Optimal,13.143123185412207
kharif,32,Greenhouse Gas emission,Optimal,10.167405723664785
kharif,32,Net return,Optimal,-266.8495985563875
kharif,32,Calorie,Optimal,-1.4022693369336705
kharif,32,Phosphorus application,Optimal,15.086216413038953
kharif,32,Nitrogen application,Optimal,11.731077432224762
kharif,32,Phosphorus Surplus,Optimal,19.39268133933363
kharif,32,Nitrogen Surplus,Optimal,17.199551999599365
kharif,32,Water Demand,Optimal,22.452193099631412
kharif,33,Nitrogen Emission,Optimal,16.77645856308835
kharif,33,Nitrogen Leach,Optimal,11.36508957935273
kharif,33,Greenhouse Gas emission,Optimal,10.655394671378453
kharif,33,Net return,Optimal,-287.17009737492737
kharif,33,Calorie,Optimal,-1.6746477546183691
kharif,33,Phosphorus application,Optimal,12.56966762830229
kharif,33,Nitrogen application,Optimal,10.823808276813633
kharif,33,Phosphorus Surplus,Optimal,16.428686288699904
kharif,33,Nitrogen Surplus,Optimal,16.07660112989444
kharif,33,Water Demand,Optimal,21.248147818291333
kharif,34,Nitrogen Emission,Optimal,16.673194890276708
kharif,34,Nitrogen Leach,Optimal,11.596356897678211
kharif,34,Greenhouse Gas emission,Optimal,10.282319197491212
kharif,34,Net return,Optimal,-200.16725212854925
kharif,34,Calorie,Optimal,-1.601775983386414
kharif,34,Phosphorus application,Optimal,13.942389326093961
kharif,34,Nitrogen application,Optimal,10.827455211459556
kharif,34,Phosphorus Surplus,Optimal,18.078636005084878
kharif,34,Nitrogen Surplus,Optimal,16.06054854858197
kharif,34,Water Demand,Optimal,18.378749119736725
kharif,35,Nitrogen Emission,Optimal,17.741081915233295
kharif,35,Nitrogen Leach,Optimal,14.232064412976298
kharif,35,Greenhouse Gas emission,Optimal,10.459032334956596
kharif,35,Net return,Optimal,-231.8115982416616
kharif,35,Calorie,Optimal,-1.5111171022010381
kharif,35,Phosphorus application,Optimal,14.231645996949755
kharif,35,Nitrogen application,Optimal,11.846640976558003
kharif,35,Phosphorus Surplus,Optimal,18.38284663534469
kharif,35,Nitrogen Surplus,Optimal,17.397718730775278
kharif,35,Water Demand,Optimal,17.150079497972857
kharif,36,Nitrogen Emission,Optimal,17.016817850483722
kharif,36,Nitrogen Leach,Optimal,11.850904197324228
kharif,36,Greenhouse Gas emission,Optimal,11.438627534208822
kharif,36,Net return,Optimal,-203.1963797136888
kharif,36,Calorie,Optimal,-1.7188327406450088
kharif,36,Phosphorus application,Optimal,12.937084678258817
kharif,36,Nitrogen application,Optimal,11.070217442405573
kharif,36,Phosphorus Surplus,Optimal,16.94846564433278
kharif,36,Nitrogen Surplus,Optimal,16.402982152068937
kharif,36,Water Demand,Optimal,18.98768863647365
kharif,37,Nitrogen Emission,Optimal,19.687403147422017
kharif,37,Nitrogen Leach,Optimal,14.333760353109488
kharif,37,Greenhouse Gas emission,Optimal,11.331450246051565
kharif,37,Net return,Optimal,-300.96796738089796
kharif,37,Calorie,Optimal,-1.4333088348726242
kharif,37,Phosphorus application,Optimal,13.803554322005589
kharif,37,Nitrogen application,Optimal,13.144647040838572
kharif,37,Phosphorus Surplus,Optimal,17.86346730706123
kharif,37,Nitrogen Surplus,Optimal,19.100143934445963
kharif,37,Water Demand,Optimal,16.25858706564413
kharif,38,Nitrogen Emission,Optimal,16.019032334283356
kharif,38,Nitrogen Leach,Optimal,11.716824784815811
kharif,38,Greenhouse Gas emission,Optimal,10.776373149253132
kharif,38,Net return,Optimal,-289.17060261607594
kharif,38,Calorie,Optimal,-1.5297225340787273
kharif,38,Phosphorus application,Optimal,11.587285433069372
kharif,38,Nitrogen application,Optimal,10.444329328822711
kharif,38,Phosphorus Surplus,Optimal,15.251901137985797
kharif,38,Nitrogen Surplus,Optimal,15.490822325917641
kharif,38,Water Demand,Optimal,21.0248787263158
kharif,39,Nitrogen Emission,Optimal,18.123952644493365
kharif,39,Nitrogen Leach,Optimal,12.849065853452835
kharif,39,Greenhouse Gas emission,Optimal,10.189656059546367
kharif,39,Net return,Optimal,-239.7778856440987
kharif,39,Calorie,Optimal,-1.7175094537839268
kharif,39,Phosphorus application,Optimal,11.992043127813035
kharif,39,Nitrogen application,Optimal,11.910177004159483
kharif,39,Phosphorus Surplus,Optimal,15.688147991743122
kharif,39,Nitrogen Surplus,Optimal,17.53823356238942
kharif,39,Water Demand,Optimal,19.840936864360913
kharif,40,Nitrogen Emission,Optimal,17.373378777028012
kharif,40,Nitrogen Leach,Optimal,12.112431477605863
kharif,40,Greenhouse Gas emission,Optimal,10.495972909776214
kharif,40,Net return,Optimal,-248.77596758247273
kharif,40,Calorie,Optimal,-1.4451433311705284
kharif,40,Phosphorus application,Optimal,14.12312767010146
kharif,40,Nitrogen application,Optimal,11.417133167554404
kharif,40,Phosphorus Surplus,Optimal,18.229465742657727
kharif,40,Nitrogen Surplus,Optimal,16.75893279199466
kharif,40,Water Demand,Optimal,20.64571733839228
kharif,41,Nitrogen Emission,Optimal,18.258533448262412
kharif,41,Nitrogen Leach,Optimal,14.345637532541133
kharif,41,Greenhouse Gas emission,Optimal,11.20795179477921
kharif,41,Net return,Optimal,-229.93901560574537
kharif,41,Calorie,Optimal,-1.411114434313338
kharif,41,Phosphorus application,Optimal,15.473969807393347
kharif,41,Nitrogen application,Optimal,12.062501672466318
kharif,41,Phosphorus Surplus,Optimal,19.903938291735482
kharif,41,Nitrogen Surplus,Optimal,17.738417615886384
kharif,41,Water Demand,Optimal,20.785468295650563
kharif,42,Nitrogen Emission,Optimal,17.686467806879566
kharif,42,Nitrogen Leach,Optimal,12.64242869891549
kharif,42,Greenhouse Gas emission,Optimal,9.841188801384945
kharif,42,Net return,Optimal,-155.3765230872834
kharif,42,Calorie,Optimal,-1.4771467191478103
kharif,42,Phosphorus application,Optimal,12.63742751295858
kharif,42,Nitrogen application,Optimal,11.58036453416458
kharif,42,Phosphorus Surplus,Optimal,16.406610623382896
kharif,42,Nitrogen Surplus,Optimal,17.062033179405017
kharif,42,Water Demand,Optimal,21.06291353738759
kharif,43,Nitrogen Emission,Optimal,17.91260172464739
kharif,43,Nitrogen Leach,Optimal,12.202466742470712
kharif,43,Greenhouse Gas emission,Optimal,11.519945198517648
kharif,43,Net return,Optimal,-216.62705057505212
kharif,43,Calorie,Optimal,-1.6747596358475154
kharif,43,Phosphorus application,Optimal,11.544480454977135
kharif,43,Nitrogen application,Optimal,11.629016763561246
kharif,43,Phosphorus Surplus,Optimal,15.249545375992152
kharif,43,Nitrogen Surplus,Optimal,17.198735327972813
kharif,43,Water Demand,Optimal,24.707705750954883
kharif,44,Nitrogen Emission,Optimal,17.909428663464478
kharif,44,Nitrogen Leach,Optimal,13.363051028341541
kharif,44,Greenhouse Gas emission,Optimal,11.257308477317684
kharif,44,Net return,Optimal,-330.2938705534081
kharif,44,Calorie,Optimal,-1.7158353269689661
kharif,44,Phosphorus application,Optimal,13.384060654632004
kharif,44,Nitrogen application,Optimal,11.70397916694407
kharif,44,Phosphorus Surplus,Optimal,17.463642440630597
kharif,44,Nitrogen Surplus,Optimal,17.335880835636242
kharif,44,Water Demand,Optimal,25.356187292008542
kharif,45,Nitrogen Emission,Optimal,19.27375957037253
kharif,45,Nitrogen Leach,Optimal,15.05590863649604
kharif,45,Greenhouse Gas emission,Optimal,10.871464444307419
kharif,45,Net return,Optimal,-269.370464784935
kharif,45,Calorie,Optimal,-1.4828624447474705
kharif,45,Phosphorus application,Optimal,15.470314275711209
kharif,45,Nitrogen application,Optimal,12.711718615962383
kharif,45,Phosphorus Surplus,Optimal,19.92185524448198
kharif,45,Nitrogen Surplus,Optimal,18.60779167930005
kharif,45,Water Demand,Optimal,18.545481950086877
kharif,46,Nitrogen Emission,Optimal,18.80947714376751
kharif,46,Nitrogen Leach,Optimal,13.732373890587764
kharif,46,Greenhouse Gas emission,Optimal,11.379343805245753
kharif,46,Net return,Optimal,-290.879405818082
kharif,46,Calorie,Optimal,-1.5410210640923603
kharif,46,Phosphorus application,Optimal,12.701159049965602
kharif,46,Nitrogen application,Optimal,12.408333284949185
kharif,46,Phosphorus Surplus,Optimal,16.538434744403535
kharif,46,Nitrogen Surplus,Optimal,18.19214417688259
kharif,46,Water Demand,Optimal,24.931250091691968
kharif,47,Nitrogen Emission,Optimal,18.647666416716035
kharif,47,Nitrogen Leach,Optimal,13.248512403087936
kharif,47,Greenhouse Gas emission,Optimal,10.999358332388452
kharif,47,Net return,Optimal,-224.9429736906366
kharif,47,Calorie,Optimal,-1.4975167831190614
kharif,47,Phosphorus application,Optimal,16.379222092496242
kharif,47,Nitrogen application,Optimal,12.356069494468892
kharif,47,Phosphorus Surplus,Optimal,21.03007329126959
kharif,47,Nitrogen Surplus,Optimal,18.160260924347767
kharif,47,Water Demand,Optimal,17.09957700390766
kharif,48,Nitrogen Emission,Optimal,18.515353965240116
kharif,48,Nitrogen Leach,Optimal,13.280497219216437
kharif,48,Greenhouse Gas emission,Optimal,9.970429916509381
kharif,48,Net return,Optimal,-222.41444869591487
kharif,48,Calorie,Optimal,-1.5499113143969612
kharif,48,Phosphorus application,Optimal,11.442260410938685
kharif,48,Nitrogen application,Optimal,12.31978567167721
kharif,48,Phosphorus Surplus,Optimal,15.014358256453766
kharif,48,Nitrogen Surplus,Optimal,17.991035563415036
kharif,48,Water Demand,Optimal,18.574851251409545
kharif,49,Nitrogen Emission,Optimal,17.782545860684607
kharif,49,Nitrogen Leach,Optimal,12.861840891195657
kharif,49,Greenhouse Gas emission,Optimal,10.70544280499367
kharif,49,Net return,Optimal,-259.7660293088341
kharif,49,Calorie,Optimal,-1.8544340389260314
kharif,49,Phosphorus application,Optimal,11.927483354867709
kharif,49,Nitrogen application,Optimal,11.555550815761537
kharif,49,Phosphorus Surplus,Optimal,15.716482707646117
kharif,49,Nitrogen Surplus,Optimal,17.180320439734857
kharif,49,Water Demand,Optimal,25.03935411850128
kharif,50,Nitrogen Emission,Optimal,19.10954053512545
kharif,50,Nitrogen Leach,Optimal,14.445310286881073
kharif,50,Greenhouse Gas emission,Optimal,10.285587122680733
kharif,50,Net return,Optimal,-211.07477471008062
kharif,50,Calorie,Optimal,-1.3173609616030344
kharif,50,Phosphorus application,Optimal,15.149714173718646
kharif,50,Nitrogen application,Optimal,12.754181218568265
kharif,50,Phosphorus Surplus,Optimal,19.44610634439974
kharif,50,Nitrogen Surplus,Optimal,18.621552478442165
kharif,50,Water Demand,Optimal,18.324321355504416
kharif,51,Nitrogen Emission,Optimal,18.609649981695302
kharif,51,Nitrogen Leach,Optimal,13.677969523549104
kharif,51,Greenhouse Gas emission,Optimal,10.932184808683887
kharif,51,Net return,Optimal,-224.03550502559298
kharif,51,Calorie,Optimal,-1.3974924098396777
kharif,51,Phosphorus application,Optimal,14.148986326094112
kharif,51,Nitrogen application,Optimal,12.352823948992343
kharif,51,Phosphorus Surplus,Optimal,18.32199677438709
kharif,51,Nitrogen Surplus,Optimal,18.025489640250886
kharif,51,Water Demand,Optimal,22.56909353908687
kharif,52,Nitrogen Emission,Optimal,17.38141546107396
kharif,52,Nitrogen Leach,Optimal,12.398581476683862
kharif,52,Greenhouse Gas emission,Optimal,10.727526837226963
kharif,52,Net return,Optimal,-167.86071848137485
kharif,52,Calorie,Optimal,-1.3348908876250891
kharif,52,Phosphorus application,Optimal,11.77454860709549
kharif,52,Nitrogen application,Optimal,11.444033627094903
kharif,52,Phosphorus Surplus,Optimal,15.401614773566624
kharif,52,Nitrogen Surplus,Optimal,16.817340577013173
kharif,52,Water Demand,Optimal,24.062942129115743
kharif,53,Nitrogen Emission,Optimal,18.603680473140997
kharif,53,Nitrogen Leach,Optimal,13.321508718872453
kharif,53,Greenhouse Gas emission,Optimal,10.255070430846594
kharif,53,Net return,Optimal,-250.88783729918384
kharif,53,Calorie,Optimal,-1.5421099795952504
kharif,53,Phosphorus application,Optimal,12.753990918635608
kharif,53,Nitrogen application,Optimal,12.503451589989142
kharif,53,Phosphorus Surplus,Optimal,16.574053355012765
kharif,53,Nitrogen Surplus,Optimal,17.965730271965654
kharif,53,Water Demand,Optimal,20.375163142822565
kharif,54,Nitrogen Emission,Optimal,18.53936896918603
kharif,54,Nitrogen Leach,Optimal,14.863204523885358
kharif,54,Greenhouse Gas emission,Optimal,11.56560059260493
kharif,54,Net return,Optimal,-239.00761115163988
kharif,54,Calorie,Optimal,-1.5136841170745812
kharif,54,Phosphorus application,Optimal,14.37015417642216
kharif,54,Nitrogen application,Optimal,12.413084503575663
kharif,54,Phosphorus Surplus,Optimal,18.65240193445778
kharif,54,Nitrogen Surplus,Optimal,18.210234751016248
kharif,54,Water Demand,Optimal,14.4071453652033
kharif,55,Nitrogen Emission,Optimal,18.7819468292561
kharif,55,Nitrogen Leach,Optimal,14.806217793999604
kharif,55,Greenhouse Gas emission,Optimal,10.562917362461697
kharif,55,Net return,Optimal,-237.3131371072769
kharif,55,Calorie,Optimal,-1.274291923123689
kharif,55,Phosphorus application,Optimal,13.371805911963214
kharif,55,Nitrogen application,Optimal,12.704953017061849
kharif,55,Phosphorus Surplus,Optimal,17.331090271148742
kharif,55,Nitrogen Surplus,Optimal,18.384874806860214
kharif,55,Water Demand,Optimal,18.587097942675836
kharif,56,Nitrogen Emission,Optimal,18.52995435434755
kharif,56,Nitrogen Leach,Optimal,13.530622357063693
kharif,56,Greenhouse Gas emission,Optimal,9.951893552671299
kharif,56,Net return,Optimal,-261.79749427154826
kharif,56,Calorie,Optimal,-1.6515938990396517
kharif,56,Phosphorus application,Optimal,14.600317069395816
kharif,56,Nitrogen application,Optimal,12.268406724370129
kharif,56,Phosphorus Surplus,Optimal,18.870837291156366
kharif,56,Nitrogen Surplus,Optimal,17.99404612948112
kharif,56,Water Demand,Optimal,23.730096625012095
kharif,57,Nitrogen Emission,Optimal,16.78218777244663
kharif,57,Nitrogen Leach,Optimal,11.260630067883843
kharif,57,Greenhouse Gas emission,Optimal,10.764400011217294
kharif,57,Net return,Optimal,-256.2841402407926
kharif,57,Calorie,Optimal,-1.6061111201824243
kharif,57,Phosphorus application,Optimal,11.74548122136365
kharif,57,Nitrogen application,Optimal,10.976206748144174
kharif,57,Phosphorus Surplus,Optimal,15.38825485379719
kharif,57,Nitrogen Surplus,Optimal,16.168183988179564
kharif,57,Water Demand,Optimal,19.80767644601709
kharif,58,Nitrogen Emission,Optimal,18.3697425668963
kharif,58,Nitrogen Leach,Optimal,12.707146765470096
kharif,58,Greenhouse Gas emission,Optimal,11.087235822640862
kharif,58,Net return,Optimal,-231.286072879626
kharif,58,Calorie,Optimal,-1.5120529288406528
kharif,58,Phosphorus application,Optimal,13.723648028412226
kharif,58,Nitrogen application,Optimal,12.13880817919715
kharif,58,Phosphorus Surplus,Optimal,17.801241296961756
kharif,58,Nitrogen Surplus,Optimal,17.826845483413752
kharif,58,Water Demand,Optimal,20.28802649136949
kharif,59,Nitrogen Emission,Optimal,19.295457487431385
kharif,59,Nitrogen Leach,Optimal,14.871261214159995
kharif,59,Greenhouse Gas emission,Optimal,11.460098552196236
kharif,59,Net return,Optimal,-265.1012026318872
kharif,59,Calorie,Optimal,-1.3953582051261921
kharif,59,Phosphorus application,Optimal,16.5129257292784
kharif,59,Nitrogen application,Optimal,12.742261978567438
kharif,59,Phosphorus Surplus,Optimal,21.174985314325962
kharif,59,Nitrogen Surplus,Optimal,18.581041578204257
kharif,59,Water Demand,Optimal,20.46577782431984
kharif,60,Nitrogen Emission,Optimal,18.52885772131174
kharif,60,Nitrogen Leach,Optimal,13.019759662321988
kharif,60,Greenhouse Gas emission,Optimal,11.327199713258809
kharif,60,Net return,Optimal,-218.4741260729614
kharif,60,Calorie,Optimal,-1.5800598413439055
kharif,60,Phosphorus application,Optimal,12.720241340044556
kharif,60,Nitrogen application,Optimal,12.208759759904664
kharif,60,Phosphorus Surplus,Optimal,16.57614621416924
kharif,60,Nitrogen Surplus,Optimal,17.89805201456965
kharif,60,Water Demand,Optimal,20.529488409346538
kharif,61,Nitrogen Emission,Optimal,17.770636216938378
kharif,61,Nitrogen Leach,Optimal,12.237159565350844
kharif,61,Greenhouse Gas emission,Optimal,11.782853537197813
kharif,61,Net return,Optimal,-322.05695909296014
kharif,61,Calorie,Optimal,-1.5693935568199735
kharif,61,Phosphorus application,Optimal,11.71657603602572
kharif,61,Nitrogen application,Optimal,11.600154478419704
kharif,61,Phosphorus Surplus,Optimal,15.438492404420108
kharif,61,Nitrogen Surplus,Optimal,17.142681859379923
kharif,61,Water Demand,Optimal,19.295595952593214
kharif,62,Nitrogen Emission,Optimal,17.503265675154356
kharif,62,Nitrogen Leach,Optimal,11.862492767640711
kharif,62,Greenhouse Gas emission,Optimal,10.660213221629357
kharif,62,Net return,Optimal,-242.68148081940134
kharif,62,Calorie,Optimal,-1.535049962149691
kharif,62,Phosphorus application,Optimal,11.629951177919967
kharif,62,Nitrogen application,Optimal,11.41484021428475
kharif,62,Phosphorus Surplus,Optimal,15.247306782955913
kharif,62,Nitrogen Surplus,Optimal,16.816525856396037
kharif,62,Water Demand,Optimal,22.99974990736292
kharif,63,Nitrogen Emission,Optimal,17.250971181121514
kharif,63,Nitrogen Leach,Optimal,12.882870422199527
kharif,63,Greenhouse Gas emission,Optimal,10.751482500727478
kharif,63,Net return,Optimal,-219.58888627797327
kharif,63,Calorie,Optimal,-1.590494750515166
kharif,63,Phosphorus application,Optimal,13.917762099718336
kharif,63,Nitrogen application,Optimal,11.279565020373703
kharif,63,Phosphorus Surplus,Optimal,18.05219139097382
kharif,63,Nitrogen Surplus,Optimal,16.621490563832268
kharif,63,Water Demand,Optimal,18.33098165740946
kharif,64,Nitrogen Emission,Optimal,19.154847277219467
kharif,64,Nitrogen Leach,Optimal,15.237545907901717
kharif,64,Greenhouse Gas emission,Optimal,10.797464202381192
kharif,64,Net return,Optimal,-211.6107557780277
kharif,64,Calorie,Optimal,-1.5421353709066734
kharif,64,Phosphorus application,Optimal,12.103689972415193
kharif,64,Nitrogen application,Optimal,12.794487543132227
kharif,64,Phosphorus Surplus,Optimal,15.8078299174414
kharif,64,Nitrogen Surplus,Optimal,18.647911933041843
kharif,64,Water Demand,Optimal,24.94615783968389
kharif,65,Nitrogen Emission,Optimal,20.408159450017475
kharif,65,Nitrogen Leach,Optimal,16.440461903678962
kharif,65,Greenhouse Gas emission,Optimal,11.009647439788164
kharif,65,Net return,Optimal,-190.68149200608738
kharif,65,Calorie,Optimal,-1.6376773360570152
kharif,65,Phosphorus application,Optimal,14.458537302219186
kharif,65,Nitrogen application,Optimal,13.690661022238128
kharif,65,Phosphorus Surplus,Optimal,18.710223323548423
kharif,65,Nitrogen Surplus,Optimal,19.915959974802757
kharif,65,Water Demand,Optimal,19.157469686718343
kharif,66,Nitrogen Emission,Optimal,18.06338322416558
kharif,66,Nitrogen Leach,Optimal,13.537757165740743
kharif,66,Greenhouse Gas emission,Optimal,11.47860419149542
kharif,66,Net return,Optimal,-192.06878033494723
kharif,66,Calorie,Optimal,-1.647006081094732
kharif,66,Phosphorus application,Optimal,9.570676525196786
kharif,66,Nitrogen application,Optimal,11.928693551142063
kharif,66,Phosphorus Surplus,Optimal,12.872934498135002
kharif,66,Nitrogen Surplus,Optimal,17.515498692390736
kharif,66,Water Demand,Optimal,20.929414084863808
kharif,67,Nitrogen Emission,Optimal,16.94118044990153
kharif,67,Nitrogen Leach,Optimal,12.285907846080875
kharif,67,Greenhouse Gas emission,Optimal,10.906797939405084
kharif,67,Net return,Optimal,-246.74386293157988
kharif,67,Calorie,Optimal,-1.6368969070491082
kharif,67,Phosphorus application,Optimal,11.391212630828075
kharif,67,Nitrogen application,Optimal,11.166008655781567
kharif,67,Phosphorus Surplus,Optimal,15.018846526130744
kharif,67,Nitrogen Surplus,Optimal,16.385714073821052
kharif,67,Water Demand,Optimal,22.97567040240417
kharif,68,Nitrogen Emission,Optimal,19.18058664148008
kharif,68,Nitrogen Leach,Optimal,14.040472709841687
kharif,68,Greenhouse Gas emission,Optimal,11.222713813309928
kharif,68,Net return,Optimal,-187.15493169925347
kharif,68,Calorie,Optimal,-1.7349199752970317
kharif,68,Phosphorus application,Optimal,14.987955927888054
kharif,68,Nitrogen application,Optimal,12.541360890259078
kharif,68,Phosphorus Surplus,Optimal,19.39878656915213
kharif,68,Nitrogen Surplus,Optimal,18.52182755346396
kharif,68,Water Demand,Optimal,17.520290156979616
kharif,69,Nitrogen Emission,Optimal,16.632172633593218
kharif,69,Nitrogen Leach,Optimal,11.24934461818441
kharif,69,Greenhouse Gas emission,Optimal,10.134056699122183
kharif,69,Net return,Optimal,-240.25721338636484
kharif,69,Calorie,Optimal,-1.4176527235818632
kharif,69,Phosphorus application,Optimal,12.125867161122997
kharif,69,Nitrogen application,Optimal,10.918901530490736
kharif,69,Phosphorus Surplus,Optimal,15.820828694988453
kharif,69,Nitrogen Surplus,Optimal,16.09849345341718
kharif,69,Water Demand,Optimal,19.2469850137388
kharif,70,Nitrogen Emission,Optimal,18.750521204501542
kharif,70,Nitrogen Leach,Optimal,13.802015510746042
kharif,70,Greenhouse Gas emission,Optimal,10.964867232939609
kharif,70,Net return,Optimal,-222.40129380112228
kharif,70,Calorie,Optimal,-1.5138262433532015
kharif,70,Phosphorus application,Optimal,12.011520505563393
kharif,70,Nitrogen application,Optimal,12.2700346091479
kharif,70,Phosphorus Surplus,Optimal,15.774346845792516
kharif,70,Nitrogen Surplus,Optimal,18.019320425981938
kharif,70,Water Demand,Optimal,20.99179095926223
kharif,71,Nitrogen Emission,Optimal,19.100617983215162
kharif,71,Nitrogen Leach,Optimal,14.85997172121469
kharif,71,Greenhouse Gas emission,Optimal,10.334709530544572
kharif,71,Net return,Optimal,-191.42386990522448
kharif,71,Calorie,Optimal,-1.7072822770849558
kharif,71,Phosphorus application,Optimal,12.689118864166222
kharif,71,Nitrogen application,Optimal,12.614339504473405
kharif,71,Phosphorus Surplus,Optimal,16.57904085015835
kharif,71,Nitrogen Surplus,Optimal,18.50598299175963
kharif,71,Water Demand,Optimal,19.64189451037444
kharif,72,Nitrogen Emission,Optimal,18.65377942398381
kharif,72,Nitrogen Leach,Optimal,13.649048756765684
kharif,72,Greenhouse Gas emission,Optimal,10.553371543707769
kharif,72,Net return,Optimal,-236.58139752757464
kharif,72,Calorie,Optimal,-1.6345322560467797
kharif,72,Phosphorus application,Optimal,14.131369082449837
kharif,72,Nitrogen application,Optimal,12.39471970546785
kharif,72,Phosphorus Surplus,Optimal,18.25055657405904
kharif,72,Nitrogen Surplus,Optimal,18.050792561851843
kharif,72,Water Demand,Optimal,16.591186246126963
kharif,73,Nitrogen Emission,Optimal,18.65642216473344
kharif,73,Nitrogen Leach,Optimal,14.244818002961315
kharif,73,Greenhouse Gas emission,Optimal,10.3797362025133
kharif,73,Net return,Optimal,-152.324006980992
kharif,73,Calorie,Optimal,-1.4196548415633419
kharif,73,Phosphorus application,Optimal,16.366699911992132
kharif,73,Nitrogen application,Optimal,12.362277705868635
kharif,73,Phosphorus Surplus,Optimal,20.985984106079616
kharif,73,Nitrogen Surplus,Optimal,18.14951407698933
kharif,73,Water Demand,Optimal,13.594471784495763
kharif,74,Nitrogen Emission,Optimal,18.962314825641297
kharif,74,Nitrogen Leach,Optimal,13.97413707505625
kharif,74,Greenhouse Gas emission,Optimal,11.149069274413707
kharif,74,Net return,Optimal,-184.0477502058412
kharif,74,Calorie,Optimal,-1.7258729686912553
kharif,74,Phosphorus application,Optimal,13.669787495785583
kharif,74,Nitrogen application,Optimal,12.480172181587704
kharif,74,Phosphorus Surplus,Optimal,17.831822772878365
kharif,74,Nitrogen Surplus,Optimal,18.461451408702764
kharif,74,Water Demand,Optimal,21.65198821134539
kharif,75,Nitrogen Emission,Optimal,18.025501668770186
kharif,75,Nitrogen Leach,Optimal,12.098473298113667
kharif,75,Greenhouse Gas emission,Optimal,11.225335442127076
kharif,75,Net return,Optimal,-204.9194696417882
kharif,75,Calorie,Optimal,-1.3617910172874277
kharif,75,Phosphorus application,Optimal,14.226261940458341
kharif,75,Nitrogen application,Optimal,11.773489377989295
kharif,75,Phosphorus Surplus,Optimal,18.431112975271276
kharif,75,Nitrogen Surplus,Optimal,17.36635603087717
kharif,75,Water Demand,Optimal,21.858812649766396
kharif,76,Nitrogen Emission,Optimal,18.528462063850707
kharif,76,Nitrogen Leach,Optimal,13.665071572884642
kharif,76,Greenhouse Gas emission,Optimal,11.49057051208462
kharif,76,Net return,Optimal,-281.19523425085947
kharif,76,Calorie,Optimal,-1.679292423523156
kharif,76,Phosphorus application,Optimal,13.935225731080491
kharif,76,Nitrogen application,Optimal,12.238513761631237
kharif,76,Phosphorus Surplus,Optimal,18.101778799960982
kharif,76,Nitrogen Surplus,Optimal,17.991796336040082
kharif,76,Water Demand,Optimal,20.353684567957433
kharif,77,Nitrogen Emission,Optimal,17.48599590705725
kharif,77,Nitrogen Leach,Optimal,13.856521462874293
kharif,77,Greenhouse Gas emission,Optimal,11.20286186052247
kharif,77,Net return,Optimal,-241.19548567809977
kharif,77,Calorie,Optimal,-1.6507563486586363
kharif,77,Phosphorus application,Optimal,14.129066601438733
kharif,77,Nitrogen application,Optimal,11.433892113741393
kharif,77,Phosphorus Surplus,Optimal,18.35504400299537
kharif,77,Nitrogen Surplus,Optimal,16.86225797486409
kharif,77,Water Demand,Optimal,24.23148806916269
kharif,78,Nitrogen Emission,Optimal,19.2041452190014
kharif,78,Nitrogen Leach,Optimal,13.076781915075799
kharif,78,Greenhouse Gas emission,Optimal,11.41022405105373
kharif,78,Net return,Optimal,-253.58804521360778
kharif,78,Calorie,Optimal,-1.4547410537414935
kharif,78,Phosphorus application,Optimal,14.152314666317157
kharif,78,Nitrogen application,Optimal,12.740442447663298
kharif,78,Phosphorus Surplus,Optimal,18.324700501995498
kharif,78,Nitrogen Surplus,Optimal,18.492849639072887
kharif,78,Water Demand,Optimal,16.88642989041379
kharif,79,Nitrogen Emission,Optimal,17.67104932633292
kharif,79,Nitrogen Leach,Optimal,11.684805026287963
kharif,79,Greenhouse Gas emission,Optimal,10.322847031706974
kharif,79,Net return,Optimal,-256.54442781980134
kharif,79,Calorie,Optimal,-1.6825464687841936
kharif,79,Phosphorus application,Optimal,11.720792313724287
kharif,79,Nitrogen application,Optimal,11.612029525089152
kharif,79,Phosphorus Surplus,Optimal,15.390972198094376
kharif,79,Nitrogen Surplus,Optimal,17.065737097536193
kharif,79,Water Demand,Optimal,23.91682929003531
kharif,80,Nitrogen Emission,Optimal,16.02296636679595
kharif,80,Nitrogen Leach,Optimal,10.053622649878752
kharif,80,Greenhouse Gas emission,Optimal,11.1937347941084
kharif,80,Net return,Optimal,-218.87529265523867
kharif,80,Calorie,Optimal,-1.5295824738824702
kharif,80,Phosphorus application,Optimal,12.49675572098519
kharif,80,Nitrogen application,Optimal,10.278312188343422
kharif,80,Phosphorus Surplus,Optimal,16.354451201632706
kharif,80,Nitrogen Surplus,Optimal,15.36723280964487
kharif,80,Water Demand,Optimal,23.735346118016057
kharif,81,Nitrogen Emission,Optimal,19.725912615629795
kharif,81,Nitrogen Leach,Optimal,15.395629030530745
kharif,81,Greenhouse Gas emission,Optimal,9.786037968841134
kharif,81,Net return,Optimal,-275.66884387548765
kharif,81,Calorie,Optimal,-1.3482238826025825
kharif,81,Phosphorus application,Optimal,11.225628510096934
kharif,81,Nitrogen application,Optimal,13.241684105356667
kharif,81,Phosphorus Surplus,Optimal,14.70928686526349
kharif,81,Nitrogen Surplus,Optimal,19.096214793882403
kharif,81,Water Demand,Optimal,21.055448455469083
kharif,82,Nitrogen Emission,Optimal,17.144143904663586
kharif,82,Nitrogen Leach,Optimal,12.483868397643453
kharif,82,Greenhouse Gas emission,Optimal,10.821842142102726
kharif,82,Net return,Optimal,-302.361927759215
kharif,82,Calorie,Optimal,-1.6012296093392522
kharif,82,Phosphorus application,Optimal,11.776293598635899
kharif,82,Nitrogen application,Optimal,11.282356188402023
kharif,82,Phosphorus Surplus,Optimal,15.460436220720354
kharif,82,Nitrogen Surplus,Optimal,16.602708176999695
kharif,82,Water Demand,Optimal,21.333344832757952
kharif,83,Nitrogen Emission,Optimal,18.433250993818202
kharif,83,Nitrogen Leach,Optimal,12.724842963722686
kharif,83,Greenhouse Gas emission,Optimal,10.44746824726976
kharif,83,Net return,Optimal,-287.18075054386236
kharif,83,Calorie,Optimal,-1.6085039017139056
kharif,83,Phosphorus application,Optimal,14.506155604075177
kharif,83,Nitrogen application,Optimal,12.126821790184932
kharif,83,Phosphorus Surplus,Optimal,18.742195649938637
kharif,83,Nitrogen Surplus,Optimal,17.749777808900987
kharif,83,Water Demand,Optimal,19.294116443993815
kharif,84,Nitrogen Emission,Optimal,18.106626925054563
kharif,84,Nitrogen Leach,Optimal,13.441554107471124
kharif,84,Greenhouse Gas emission,Optimal,10.893558066521296
kharif,84,Net return,Optimal,-202.19475620957132
kharif,84,Calorie,Optimal,-1.4976361422352142
kharif,84,Phosphorus application,Optimal,12.409627832582311
kharif,84,Nitrogen application,Optimal,11.863210982178185
kharif,84,Phosphorus Surplus,Optimal,16.218790136877892
kharif,84,Nitrogen Surplus,Optimal,17.473342963053952
kharif,84,Water Demand,Optimal,18.690670757103284
kharif,85,Nitrogen Emission,Optimal,19.28771446722049
kharif,85,Nitrogen Leach,Optimal,14.581481950598745
kharif,85,Greenhouse Gas emission,Optimal,10.288921693509481
kharif,85,Net return,Optimal,-244.03590122950575
kharif,85,Calorie,Optimal,-1.5373456607682907
kharif,85,Phosphorus application,Optimal,14.753573320722124
kharif,85,Nitrogen application,Optimal,12.860552815390925
kharif,85,Phosphorus Surplus,Optimal,19.015282357118746
kharif,85,Nitrogen Surplus,Optimal,18.745317734940368
kharif,85,Water Demand,Optimal,23.96828735654261
kharif,86,Nitrogen Emission,Optimal,17.06487235737363
kharif,86,Nitrogen Leach,Optimal,12.004620953254781
kharif,86,Greenhouse Gas emission,Optimal,11.18678633462815
kharif,86,Net return,Optimal,-247.8526947736909
kharif,86,Calorie,Optimal,-1.5720276859996185
kharif,86,Phosphorus application,Optimal,11.688104286591626
kharif,86,Nitrogen application,Optimal,11.112059555739787
kharif,86,Phosphorus Surplus,Optimal,15.379770335283018
kharif,86,Nitrogen Surplus,Optimal,16.530648317181747
kharif,86,Water Demand,Optimal,18.555365471765
kharif,87,Nitrogen Emission,Optimal,19.70528712990452
kharif,87,Nitrogen Leach,Optimal,14.75673820101738
kharif,87,Greenhouse Gas emission,Optimal,11.466580516905712
kharif,87,Net return,Optimal,-219.03353150510915
kharif,87,Calorie,Optimal,-1.714070687657794
kharif,87,Phosphorus application,Optimal,15.443119546982004
kharif,87,Nitrogen application,Optimal,13.04864126674941
kharif,87,Phosphorus Surplus,Optimal,19.984626296704736
kharif,87,Nitrogen Surplus,Optimal,19.07942764415272
kharif,87,Water Demand,Optimal,21.267998013626876
kharif,88,Nitrogen Emission,Optimal,19.073991872246513
kharif,88,Nitrogen Leach,Optimal,14.862837526299584
kharif,88,Greenhouse Gas emission,Optimal,11.915690452364649
kharif,88,Net return,Optimal,-268.5732583228086
kharif,88,Calorie,Optimal,-1.4233254421998238
kharif,88,Phosphorus application,Optimal,14.388990234772864
kharif,88,Nitrogen application,Optimal,12.627411575204755
kharif,88,Phosphorus Surplus,Optimal,18.654326594628234
kharif,88,Nitrogen Surplus,Optimal,18.517279056627586
kharif,88,Water Demand,Optimal,19.828569099959523
kharif,89,Nitrogen Emission,Optimal,17.885152219383507
kharif,89,Nitrogen Leach,Optimal,13.744905782539464
kharif,89,Greenhouse Gas emission,Optimal,11.537214702557073
kharif,89,Net return,Optimal,-205.03640944312485
kharif,89,Calorie,Optimal,-0.510688466483749
kharif,89,Phosphorus application,Optimal,13.886055049009345
kharif,89,Nitrogen application,Optimal,11.983434178727983
kharif,89,Phosphorus Surplus,Optimal,17.801729448794017
kharif,89,Nitrogen Surplus,Optimal,17.403032626456366
kharif,89,Water Demand,Optimal,16.979394658663562
kharif,90,Nitrogen Emission,Optimal,17.58976818578292
kharif,90,Nitrogen Leach,Optimal,13.082612593387767
kharif,90,Greenhouse Gas emission,Optimal,11.207069340482349
kharif,90,Net return,Optimal,-200.065834512047
kharif,90,Calorie,Optimal,-2.438286563400299
kharif,90,Phosphorus application,Optimal,14.510029799967485
kharif,90,Nitrogen application,Optimal,11.435505766236574
kharif,90,Phosphorus Surplus,Optimal,18.933753177906233
kharif,90,Nitrogen Surplus,Optimal,17.121824064083643
kharif,90,Water Demand,Optimal,24.487949404375453
kharif,91,Nitrogen Emission,Optimal,16.8616146697882
kharif,91,Nitrogen Leach,Optimal,11.040740782335973
kharif,91,Greenhouse Gas emission,Optimal,9.953431982559998
kharif,91,Net return,Optimal,-219.21489786716927
kharif,91,Calorie,Optimal,-1.443577340022986
kharif,91,Phosphorus application,Optimal,12.2512540373391
kharif,91,Nitrogen application,Optimal,11.063632212636893
kharif,91,Phosphorus Surplus,Optimal,15.958550257408996
kharif,91,Nitrogen Surplus,Optimal,16.274929717278273
kharif,91,Water Demand,Optimal,22.008999179623263
kharif,92,Nitrogen Emission,Optimal,18.752088031288057
kharif,92,Nitrogen Leach,Optimal,13.94375833689265
kharif,92,Greenhouse Gas emission,Optimal,11.680586535091193
kharif,92,Net return,Optimal,-280.76251026834797
kharif,92,Calorie,Optimal,-1.5714676472155333
kharif,92,Phosphorus application,Optimal,13.464267442285669
kharif,92,Nitrogen application,Optimal,12.335387225109328
kharif,92,Phosphorus Surplus,Optimal,17.553326611294455
kharif,92,Nitrogen Surplus,Optimal,18.126479788922996
kharif,92,Water Demand,Optimal,20.18156548464457
kharif,93,Nitrogen Emission,Optimal,18.570269954709534
kharif,93,Nitrogen Leach,Optimal,13.519872604299277
kharif,93,Greenhouse Gas emission,Optimal,11.131224743714279
kharif,93,Net return,Optimal,-209.7643478781116
kharif,93,Calorie,Optimal,-1.4761708147912995
kharif,93,Phosphorus application,Optimal,14.390202263154977
kharif,93,Nitrogen application,Optimal,12.289484136082217
kharif,93,Phosphorus Surplus,Optimal,18.583011817175827
kharif,93,Nitrogen Surplus,Optimal,17.989729023221756
kharif,93,Water Demand,Optimal,23.359855286260338
kharif,94,Nitrogen Emission,Optimal,17.242903350956738
kharif,94,Nitrogen Leach,Optimal,12.384926000009315
kharif,94,Greenhouse Gas emission,Optimal,9.296807724418027
kharif,94,Net return,Optimal,-240.56817874678052
kharif,94,Calorie,Optimal,-1.6042035537137305
kharif,94,Phosphorus application,Optimal,12.745530727192923
kharif,94,Nitrogen application,Optimal,11.382559106452403
kharif,94,Phosphorus Surplus,Optimal,16.506232205719332
kharif,94,Nitrogen Surplus,Optimal,16.61296338213439
kharif,94,Water Demand,Optimal,19.71361347025145
kharif,95,Nitrogen Emission,Optimal,19.142565496996752
kharif,95,Nitrogen Leach,Optimal,14.328286995585012
kharif,95,Greenhouse Gas emission,Optimal,11.01625068361662
kharif,95,Net return,Optimal,-261.25749853574933
kharif,95,Calorie,Optimal,-1.6012974219982505
kharif,95,Phosphorus application,Optimal,13.854454919042917
kharif,95,Nitrogen application,Optimal,12.749596852672568
kharif,95,Phosphorus Surplus,Optimal,17.960280081871446
kharif,95,Nitrogen Surplus,Optimal,18.629469955411878
kharif,95,Water Demand,Optimal,23.40701488484444
kharif,96,Nitrogen Emission,Optimal,18.958385790268093
kharif,96,Nitrogen Leach,Optimal,14.5053779223958
kharif,96,Greenhouse Gas emission,Optimal,10.164798764147594
kharif,96,Net return,Optimal,-255.82235784596915
kharif,96,Calorie,Optimal,-1.7139485396488163
kharif,96,Phosphorus application,Optimal,12.643339075363036
kharif,96,Nitrogen application,Optimal,12.653965934700713
kharif,96,Phosphorus Surplus,Optimal,16.4567667322712
kharif,96,Nitrogen Surplus,Optimal,18.408305946423713
kharif,96,Water Demand,Optimal,23.879137737150796
kharif,97,Nitrogen Emission,Optimal,16.64705335474764
kharif,97,Nitrogen Leach,Optimal,11.520055998013106
kharif,97,Greenhouse Gas emission,Optimal,10.827805321123865
kharif,97,Net return,Optimal,-247.22129135361314
kharif,97,Calorie,Optimal,-1.5280426061392631
kharif,97,Phosphorus application,Optimal,12.30572564500613
kharif,97,Nitrogen application,Optimal,10.931261321865522
kharif,97,Phosphorus Surplus,Optimal,16.091537920715083
kharif,97,Nitrogen Surplus,Optimal,16.124502359383353
kharif,97,Water Demand,Optimal,21.957795872675845
kharif,98,Nitrogen Emission,Optimal,18.818630538312814
kharif,98,Nitrogen Leach,Optimal,13.042456232553322
kharif,98,Greenhouse Gas emission,Optimal,10.697892226830042
kharif,98,Net return,Optimal,-243.82355152729656
kharif,98,Calorie,Optimal,-1.4874465493156885
kharif,98,Phosphorus application,Optimal,14.038493775556164
kharif,98,Nitrogen application,Optimal,12.349413091567
kharif,98,Phosphorus Surplus,Optimal,18.164504672687734
kharif,98,Nitrogen Surplus,Optimal,18.09789243730562
kharif,98,Water Demand,Optimal,20.17648580900337
kharif,99,Nitrogen Emission,Optimal,18.41220635636966
kharif,99,Nitrogen Leach,Optimal,13.217238755474568
kharif,99,Greenhouse Gas emission,Optimal,10.948421765147092
kharif,99,Net return,Optimal,-173.56827630649676
kharif,99,Calorie,Optimal,-1.7154513755901857
kharif,99,Phosphorus application,Optimal,11.093201441768946
kharif,99,Nitrogen application,Optimal,12.115379939952511
kharif,99,Phosphorus Surplus,Optimal,14.724736131767973
kharif,99,Nitrogen Surplus,Optimal,17.874785057551556
kharif,99,Water Demand,Optimal,20.492307014718975
kharif,100,Nitrogen Emission,Optimal,18.62744887337471
kharif,100,Nitrogen Leach,Optimal,13.854462106975525
kharif,100,Greenhouse Gas emission,Optimal,10.732800185087402
kharif,100,Net return,Optimal,-239.3714006987951
kharif,100,Calorie,Optimal,-1.5972601976771208
kharif,100,Phosphorus application,Optimal,12.717059256839766
kharif,100,Nitrogen application,Optimal,12.312328421614131
kharif,100,Phosphorus Surplus,Optimal,16.63627926839936
kharif,100,Nitrogen Surplus,Optimal,18.049686490242415
kharif,100,Water Demand,Optimal,24.60804775874229
kharif,101,Nitrogen Emission,Optimal,17.27649243698972
kharif,101,Nitrogen Leach,Optimal,12.523156119323737
kharif,101,Greenhouse Gas emission,Optimal,11.264781833730831
kharif,101,Net return,Optimal,-176.7487413311021
kharif,101,Calorie,Optimal,-1.505635273809616
kharif,101,Phosphorus application,Optimal,12.777843575614888
kharif,101,Nitrogen application,Optimal,11.422705385157451
kharif,101,Phosphorus Surplus,Optimal,16.692158779524306
kharif,101,Nitrogen Surplus,Optimal,16.73512568419272
kharif,101,Water Demand,Optimal,25.941227310426953
kharif,102,Nitrogen Emission,Optimal,17.07914002965152
kharif,102,Nitrogen Leach,Optimal,11.277730134485626
kharif,102,Greenhouse Gas emission,Optimal,10.315606277823141
kharif,102,Net return,Optimal,-172.57848395244875
kharif,102,Calorie,Optimal,-1.6272825576369
kharif,102,Phosphorus application,Optimal,11.896613042157773
kharif,102,Nitrogen application,Optimal,11.063931925722803
kharif,102,Phosphorus Surplus,Optimal,15.592538080776563
kharif,102,Nitrogen Surplus,Optimal,16.399584753828904
kharif,102,Water Demand,Optimal,17.109745416935052
kharif,103,Nitrogen Emission,Optimal,19.429435739563736
kharif,103,Nitrogen Leach,Optimal,14.789051693155864
kharif,103,Greenhouse Gas emission,Optimal,10.987197277608571
kharif,103,Net return,Optimal,-224.3416132255172
kharif,103,Calorie,Optimal,-1.646184912049488
kharif,103,Phosphorus application,Optimal,15.440801455309263
kharif,103,Nitrogen application,Optimal,12.895956850913167
kharif,103,Phosphorus Surplus,Optimal,19.90710016798997
kharif,103,Nitrogen Surplus,Optimal,18.8647656072538
kharif,103,Water Demand,Optimal,23.24130921010839
kharif,104,Nitrogen Emission,Optimal,16.946845614645607
kharif,104,Nitrogen Leach,Optimal,12.039541037085932
kharif,104,Greenhouse Gas emission,Optimal,10.573887785185663
kharif,104,Net return,Optimal,-231.17548056308928
kharif,104,Calorie,Optimal,-1.5554329705717775
kharif,104,Phosphorus application,Optimal,13.27458439859822
kharif,104,Nitrogen application,Optimal,11.059828715618004
kharif,104,Phosphorus Surplus,Optimal,17.235084357252756
kharif,104,Nitrogen Surplus,Optimal,16.310078670584776
kharif,104,Water Demand,Optimal,20.160205002371388
kharif,105,Nitrogen Emission,Optimal,17.58543177258441
kharif,105,Nitrogen Leach,Optimal,12.976039691996936
kharif,105,Greenhouse Gas emission,Optimal,11.467558764397076
kharif,105,Net return,Optimal,-211.01170701630198
kharif,105,Calorie,Optimal,-1.408840030599215
kharif,105,Phosphorus application,Optimal,12.48647330325547
kharif,105,Nitrogen application,Optimal,11.604358228205912
kharif,105,Phosphorus Surplus,Optimal,16.279642261216647
kharif,105,Nitrogen Surplus,Optimal,17.079035994190356
kharif,105,Water Demand,Optimal,20.574943023202824
kharif,106,Nitrogen Emission,Optimal,19.43259797112359
kharif,106,Nitrogen Leach,Optimal,14.957512313297089
kharif,106,Greenhouse Gas emission,Optimal,11.946390884429071
kharif,106,Net return,Optimal,-171.11734438462162
kharif,106,Calorie,Optimal,-1.6594142060316721
kharif,106,Phosphorus application,Optimal,13.931696502966766
kharif,106,Nitrogen application,Optimal,12.914872364072792
kharif,106,Phosphorus Surplus,Optimal,18.14388831079818
kharif,106,Nitrogen Surplus,Optimal,18.91561557908846
kharif,106,Water Demand,Optimal,16.860486203268824
kharif,107,Nitrogen Emission,Optimal,19.276499471032867
kharif,107,Nitrogen Leach,Optimal,14.649127623036863
kharif,107,Greenhouse Gas emission,Optimal,11.171503224184066
kharif,107,Net return,Optimal,-235.5404603627786
kharif,107,Calorie,Optimal,-1.6497929477190254
kharif,107,Phosphorus application,Optimal,14.051144228317469
kharif,107,Nitrogen application,Optimal,12.764407802814688
kharif,107,Phosphorus Surplus,Optimal,18.29399170566887
kharif,107,Nitrogen Surplus,Optimal,18.77225679023443
kharif,107,Water Demand,Optimal,18.024066317271906
kharif,108,Nitrogen Emission,Optimal,17.503719499036073
kharif,108,Nitrogen Leach,Optimal,13.264134448791246
kharif,108,Greenhouse Gas emission,Optimal,10.876897316896208
kharif,108,Net return,Optimal,-265.57688540879326
kharif,108,Calorie,Optimal,-1.895772744744846
kharif,108,Phosphorus application,Optimal,9.545390926575783
kharif,108,Nitrogen application,Optimal,11.663157096330838
kharif,108,Phosphorus Surplus,Optimal,12.818424525208684
kharif,108,Nitrogen Surplus,Optimal,17.048349461261225
kharif,108,Water Demand,Optimal,21.194095208678142
kharif,109,Nitrogen Emission,Optimal,18.365622935570883
kharif,109,Nitrogen Leach,Optimal,13.194292271550077
kharif,109,Greenhouse Gas emission,Optimal,10.797330985823924
kharif,109,Net return,Optimal,-219.78677968113834
kharif,109,Calorie,Optimal,-1.4949757539118542
kharif,109,Phosphorus application,Optimal,13.010665277447675
kharif,109,Nitrogen application,Optimal,12.143306254333105
kharif,109,Phosphorus Surplus,Optimal,16.91778076193562
kharif,109,Nitrogen Surplus,Optimal,17.775244876569
kharif,109,Water Demand,Optimal,19.772338206650222
kharif,110,Nitrogen Emission,Optimal,18.95463165540156
kharif,110,Nitrogen Leach,Optimal,15.313260634853782
kharif,110,Greenhouse Gas emission,Optimal,11.253444768144304
kharif,110,Net return,Optimal,-148.65084274174328
kharif,110,Calorie,Optimal,-1.392792871476403
kharif,110,Phosphorus application,Optimal,16.053512954176565
kharif,110,Nitrogen application,Optimal,12.630146107802977
kharif,110,Phosphorus Surplus,Optimal,20.634119468846684
kharif,110,Nitrogen Surplus,Optimal,18.511342928358317
kharif,110,Water Demand,Optimal,14.782329190996874
kharif,111,Nitrogen Emission,Optimal,17.961729289011835
kharif,111,Nitrogen Leach,Optimal,13.991767705110059
kharif,111,Greenhouse Gas emission,Optimal,11.346159930008332
kharif,111,Net return,Optimal,-175.78907577729208
kharif,111,Calorie,Optimal,-1.5356300745079798
kharif,111,Phosphorus application,Optimal,13.283161920520673
kharif,111,Nitrogen application,Optimal,11.859308167490685
kharif,111,Phosphorus Surplus,Optimal,17.296005801013393
kharif,111,Nitrogen Surplus,Optimal,17.43275346244414
kharif,111,Water Demand,Optimal,22.45889962516666
kharif,112,Nitrogen Emission,Optimal,17.92381841630999
kharif,112,Nitrogen Leach,Optimal,13.130863740067378
kharif,112,Greenhouse Gas emission,Optimal,10.762447541548168
kharif,112,Net return,Optimal,-236.1084167997156
kharif,112,Calorie,Optimal,-1.4901212894274305
kharif,112,Phosphorus application,Optimal,13.339892328852013
kharif,112,Nitrogen application,Optimal,11.9046761851738
kharif,112,Phosphorus Surplus,Optimal,17.343314194718197
kharif,112,Nitrogen Surplus,Optimal,17.473869764489493
kharif,112,Water Demand,Optimal,23.627284601327077
kharif,113,Nitrogen Emission,Optimal,18.16299935436021
kharif,113,Nitrogen Leach,Optimal,12.86613321214899
kharif,113,Greenhouse Gas emission,Optimal,11.104426307055938
kharif,113,Net return,Optimal,-234.15336552992196
kharif,113,Calorie,Optimal,-1.389238604629948
kharif,113,Phosphorus application,Optimal,11.62873889157601
kharif,113,Nitrogen application,Optimal,12.084173170023988
kharif,113,Phosphorus Surplus,Optimal,15.228403695875281
kharif,113,Nitrogen Surplus,Optimal,17.56186973000192
kharif,113,Water Demand,Optimal,22.248881539371343
kharif,114,Nitrogen Emission,Optimal,18.80049819308214
kharif,114,Nitrogen Leach,Optimal,14.693519302025235
kharif,114,Greenhouse Gas emission,Optimal,10.044984181241682
kharif,114,Net return,Optimal,-255.57969333455966
kharif,114,Calorie,Optimal,-1.7620035694300529
kharif,114,Phosphorus application,Optimal,13.349229262440886
kharif,114,Nitrogen application,Optimal,12.435783545375443
kharif,114,Phosphorus Surplus,Optimal,17.3329728025148
kharif,114,Nitrogen Surplus,Optimal,18.186215593689663
kharif,114,Water Demand,Optimal,23.183194781504874
kharif,115,Nitrogen Emission,Optimal,19.062817004105817
kharif,115,Nitrogen Leach,Optimal,13.888175777164044
kharif,115,Greenhouse Gas emission,Optimal,10.867013626839917
kharif,115,Net return,Optimal,-255.92874136293173
kharif,115,Calorie,Optimal,-1.4860233431424101
kharif,115,Phosphorus application,Optimal,14.095106132966865
kharif,115,Nitrogen application,Optimal,12.550545700746168
kharif,115,Phosphorus Surplus,Optimal,18.269211639667503
kharif,115,Nitrogen Surplus,Optimal,18.370625022658622
kharif,115,Water Demand,Optimal,21.125945924973784
kharif,116,Nitrogen Emission,Optimal,18.617940786199025
kharif,116,Nitrogen Leach,Optimal,14.457532797878326
kharif,116,Greenhouse Gas emission,Optimal,10.3938649921037
kharif,116,Net return,Optimal,-229.16697191368604
kharif,116,Calorie,Optimal,-1.366688460096596
kharif,116,Phosphorus application,Optimal,14.087527189094576
kharif,116,Nitrogen application,Optimal,12.438680919454532
kharif,116,Phosphorus Surplus,Optimal,18.179233942296193
kharif,116,Nitrogen Surplus,Optimal,18.096366305879684
kharif,116,Water Demand,Optimal,18.38138438820613
kharif,117,Nitrogen Emission,Optimal,18.169248397215767
kharif,117,Nitrogen Leach,Optimal,13.954348431153052
kharif,117,Greenhouse Gas emission,Optimal,10.818198997384664
kharif,117,Net return,Optimal,-235.27809945513795
kharif,117,Calorie,Optimal,-1.355080226359637
kharif,117,Phosphorus application,Optimal,12.447547998859589
kharif,117,Nitrogen application,Optimal,12.027780377790851
kharif,117,Phosphorus Surplus,Optimal,16.259163452547416
kharif,117,Nitrogen Surplus,Optimal,17.683515233226984
kharif,117,Water Demand,Optimal,24.514882390255877
kharif,118,Nitrogen Emission,Optimal,18.7575247882966
kharif,118,Nitrogen Leach,Optimal,13.023806056539929
kharif,118,Greenhouse Gas emission,Optimal,9.504790435835167
kharif,118,Net return,Optimal,-225.6435870315152
kharif,118,Calorie,Optimal,-1.5986219584285561
kharif,118,Phosphorus application,Optimal,15.005663678251405
kharif,118,Nitrogen application,Optimal,12.500994086356934
kharif,118,Phosphorus Surplus,Optimal,19.31866051655637
kharif,118,Nitrogen Surplus,Optimal,18.33023146585079
kharif,118,Water Demand,Optimal,24.238156046993268
kharif,119,Nitrogen Emission,Optimal,18.93066302904924
kharif,119,Nitrogen Leach,Optimal,14.14728236901912
kharif,119,Greenhouse Gas emission,Optimal,10.303777080733656
kharif,119,Net return,Optimal,-282.96108268552155
kharif,119,Calorie,Optimal,-1.4978727025920826
kharif,119,Phosphorus application,Optimal,15.656082949061094
kharif,119,Nitrogen application,Optimal,12.511641093482828
kharif,119,Phosphorus Surplus,Optimal,20.07394344772161
kharif,119,Nitrogen Surplus,Optimal,18.27679515880978
kharif,119,Water Demand,Optimal,18.501385768769573
kharif,120,Nitrogen Emission,Optimal,17.05312350324344
kharif,120,Nitrogen Leach,Optimal,12.384245761441784
kharif,120,Greenhouse Gas emission,Optimal,11.923075083987879
kharif,120,Net return,Optimal,-184.76624700925746
kharif,120,Calorie,Optimal,-1.6368649209206005
kharif,120,Phosphorus application,Optimal,13.174907481203814
kharif,120,Nitrogen application,Optimal,10.983478643520456
kharif,120,Phosphorus Surplus,Optimal,17.258796012601678
kharif,120,Nitrogen Surplus,Optimal,16.49966674748421
kharif,120,Water Demand,Optimal,24.644446176884028
kharif,121,Nitrogen Emission,Optimal,16.63965271652525
kharif,121,Nitrogen Leach,Optimal,12.4872527581066
kharif,121,Greenhouse Gas emission,Optimal,11.023809568071536
kharif,121,Net return,Optimal,-188.9904337072107
kharif,121,Calorie,Optimal,-1.560727391902144
kharif,121,Phosphorus application,Optimal,10.728460169862926
kharif,121,Nitrogen application,Optimal,10.967599855160033
kharif,121,Phosphorus Surplus,Optimal,14.249848664069768
kharif,121,Nitrogen Surplus,Optimal,16.075480207973015
kharif,121,Water Demand,Optimal,21.96477021178174
kharif,122,Nitrogen Emission,Optimal,16.007463723235354
kharif,122,Nitrogen Leach,Optimal,10.76665759994246
kharif,122,Greenhouse Gas emission,Optimal,10.472139890457145
kharif,122,Net return,Optimal,-155.01642583714894
kharif,122,Calorie,Optimal,-1.5226064798342094
kharif,122,Phosphorus application,Optimal,11.871175732013482
kharif,122,Nitrogen application,Optimal,10.404676129178759
kharif,122,Phosphorus Surplus,Optimal,15.54781074681108
kharif,122,Nitrogen Surplus,Optimal,15.355012441421966
kharif,122,Water Demand,Optimal,21.511632712460745
kharif,123,Nitrogen Emission,Optimal,17.56013641636826
kharif,123,Nitrogen Leach,Optimal,12.870246070228688
kharif,123,Greenhouse Gas emission,Optimal,10.352368243347795
kharif,123,Net return,Optimal,-225.30331286544023
kharif,123,Calorie,Optimal,-2.039241928174349
kharif,123,Phosphorus application,Optimal,12.20931078727228
kharif,123,Nitrogen application,Optimal,11.391501590088346
kharif,123,Phosphorus Surplus,Optimal,16.104296709029875
kharif,123,Nitrogen Surplus,Optimal,16.97605891015791
kharif,123,Water Demand,Optimal,20.893696663155104
kharif,124,Nitrogen Emission,Optimal,19.342607293565074
kharif,124,Nitrogen Leach,Optimal,15.08725377013739
kharif,124,Greenhouse Gas emission,Optimal,11.6319971789075
kharif,124,Net return,Optimal,-228.9509676061658
kharif,124,Calorie,Optimal,-1.7231508519065803
kharif,124,Phosphorus application,Optimal,13.879530560965767
kharif,124,Nitrogen application,Optimal,12.856765176090457
kharif,124,Phosphorus Surplus,Optimal,18.040687500118214
kharif,124,Nitrogen Surplus,Optimal,18.792091183581476
kharif,124,Water Demand,Optimal,22.329590148856745
kharif,125,Nitrogen Emission,Optimal,19.076367074212683
kharif,125,Nitrogen Leach,Optimal,14.687224107675362
kharif,125,Greenhouse Gas emission,Optimal,10.821190752825903
kharif,125,Net return,Optimal,-224.64700986646855
kharif,125,Calorie,Optimal,-1.728645450283879
kharif,125,Phosphorus application,Optimal,14.842567742918355
kharif,125,Nitrogen application,Optimal,12.616423160593243
kharif,125,Phosphorus Surplus,Optimal,19.21980961894502
kharif,125,Nitrogen Surplus,Optimal,18.559810435198415
kharif,125,Water Demand,Optimal,19.963985423365465
kharif,126,Nitrogen Emission,Optimal,18.13460686705723
kharif,126,Nitrogen Leach,Optimal,13.518729625677608
kharif,126,Greenhouse Gas emission,Optimal,10.788457486077027
kharif,126,Net return,Optimal,-241.31964313506035
kharif,126,Calorie,Optimal,-1.4174656250399786
kharif,126,Phosphorus application,Optimal,13.169615401912596
kharif,126,Nitrogen application,Optimal,11.965688358751075
kharif,126,Phosphorus Surplus,Optimal,17.114674779738248
kharif,126,Nitrogen Surplus,Optimal,17.554035701934108
kharif,126,Water Demand,Optimal,21.31208843799184
kharif,127,Nitrogen Emission,Optimal,17.539191581324584
kharif,127,Nitrogen Leach,Optimal,13.216620886943291
kharif,127,Greenhouse Gas emission,Optimal,10.469970450782945
kharif,127,Net return,Optimal,-234.0539803089363
kharif,127,Calorie,Optimal,-1.4237320653576295
kharif,127,Phosphorus application,Optimal,13.397190170621338
kharif,127,Nitrogen application,Optimal,11.673693715915253
kharif,127,Phosphorus Surplus,Optimal,17.366401025298032
kharif,127,Nitrogen Surplus,Optimal,17.034662746675828
kharif,127,Water Demand,Optimal,17.77613376348554
kharif,128,Nitrogen Emission,Optimal,18.420242757617
kharif,128,Nitrogen Leach,Optimal,13.341653557134565
kharif,128,Greenhouse Gas emission,Optimal,9.79260456639423
kharif,128,Net return,Optimal,-240.12577069116844
kharif,128,Calorie,Optimal,-2.705581040785358
kharif,128,Phosphorus application,Optimal,13.146475362211993
kharif,128,Nitrogen application,Optimal,11.882849606544626
kharif,128,Phosphorus Surplus,Optimal,17.280374623754852
kharif,128,Nitrogen Surplus,Optimal,17.79693578344502
kharif,128,Water Demand,Optimal,20.44539370766563
kharif,129,Nitrogen Emission,Optimal,18.951538022536678
kharif,129,Nitrogen Leach,Optimal,14.981948375484773
kharif,129,Greenhouse Gas emission,Optimal,10.695059006518113
kharif,129,Net return,Optimal,-233.4052696034143
kharif,129,Calorie,Optimal,-1.280153576150227
kharif,129,Phosphorus application,Optimal,14.178866429084371
kharif,129,Nitrogen application,Optimal,12.68419444157187
kharif,129,Phosphorus Surplus,Optimal,18.284885375247185
kharif,129,Nitrogen Surplus,Optimal,18.451389783553637
kharif,129,Water Demand,Optimal,17.85415718014587
kharif,130,Nitrogen Emission,Optimal,17.49542129228763
kharif,130,Nitrogen Leach,Optimal,11.705186584235586
kharif,130,Greenhouse Gas emission,Optimal,10.125046052672277
kharif,130,Net return,Optimal,-217.59001738696867
kharif,130,Calorie,Optimal,-1.5109206972184908
kharif,130,Phosphorus application,Optimal,10.979427111741515
kharif,130,Nitrogen application,Optimal,11.531324449323401
kharif,130,Phosphorus Surplus,Optimal,14.444492346686806
kharif,130,Nitrogen Surplus,Optimal,16.821963302481127
kharif,130,Water Demand,Optimal,18.712414471627202
kharif,131,Nitrogen Emission,Optimal,17.20419995843991
kharif,131,Nitrogen Leach,Optimal,11.914268656460182
kharif,131,Greenhouse Gas emission,Optimal,10.424994966596024
kharif,131,Net return,Optimal,-314.6750920873637
kharif,131,Calorie,Optimal,-1.6980276700241028
kharif,131,Phosphorus application,Optimal,14.88285382028261
kharif,131,Nitrogen application,Optimal,11.276132989060663
kharif,131,Phosphorus Surplus,Optimal,19.176317451482785
kharif,131,Nitrogen Surplus,Optimal,16.57026264349881
kharif,131,Water Demand,Optimal,19.99355280384545
kharif,132,Nitrogen Emission,Optimal,18.710877959879046
kharif,132,Nitrogen Leach,Optimal,14.377688455578822
kharif,132,Greenhouse Gas emission,Optimal,11.002806631652348
kharif,132,Net return,Optimal,-245.18623071280192
kharif,132,Calorie,Optimal,-1.577110649928387
kharif,132,Phosphorus application,Optimal,14.341508432241097
kharif,132,Nitrogen application,Optimal,12.349669430098151
kharif,132,Phosphorus Surplus,Optimal,18.569821415019003
kharif,132,Nitrogen Surplus,Optimal,18.09231564601642
kharif,132,Water Demand,Optimal,17.752725496907384
kharif,133,Nitrogen Emission,Optimal,16.890238381999993
kharif,133,Nitrogen Leach,Optimal,11.76512832048757
kharif,133,Greenhouse Gas emission,Optimal,10.666105672779992
kharif,133,Net return,Optimal,-230.36858161431607
kharif,133,Calorie,Optimal,-1.7546550329944688
kharif,133,Phosphorus application,Optimal,11.400668402484019
kharif,133,Nitrogen application,Optimal,11.117232122777914
kharif,133,Phosphorus Surplus,Optimal,14.982523477115384
kharif,133,Nitrogen Surplus,Optimal,16.345589425147267
kharif,133,Water Demand,Optimal,24.49228783329945
kharif,134,Nitrogen Emission,Optimal,17.647865401431396
kharif,134,Nitrogen Leach,Optimal,12.212296754263557
kharif,134,Greenhouse Gas emission,Optimal,10.070819848597683
kharif,134,Net return,Optimal,-252.59375812190007
kharif,134,Calorie,Optimal,-1.6047942759217464
kharif,134,Phosphorus application,Optimal,11.90575436151355
kharif,134,Nitrogen application,Optimal,11.622043109414468
kharif,134,Phosphorus Surplus,Optimal,15.599274039809295
kharif,134,Nitrogen Surplus,Optimal,17.04338081334409
kharif,134,Water Demand,Optimal,19.91736451785413
kharif,135,Nitrogen Emission,Optimal,18.120605802528534
kharif,135,Nitrogen Leach,Optimal,13.209201771141434
kharif,135,Greenhouse Gas emission,Optimal,10.898189358468619
kharif,135,Net return,Optimal,-222.9332637961667
kharif,135,Calorie,Optimal,-1.7191690993171393
kharif,135,Phosphorus application,Optimal,12.201345185425298
kharif,135,Nitrogen application,Optimal,11.88876712844597
kharif,135,Phosphorus Surplus,Optimal,16.037011632558915
kharif,135,Nitrogen Surplus,Optimal,17.499085729359418
kharif,135,Water Demand,Optimal,26.441594954974274
kharif,136,Nitrogen Emission,Optimal,17.20034453250989
kharif,136,Nitrogen Leach,Optimal,12.715406919556573
kharif,136,Greenhouse Gas emission,Optimal,11.48841906504181
kharif,136,Net return,Optimal,-231.71621463108937
kharif,136,Calorie,Optimal,-1.5265135002564163
kharif,136,Phosphorus application,Optimal,14.308872097591932
kharif,136,Nitrogen application,Optimal,11.179128451868877
kharif,136,Phosphorus Surplus,Optimal,18.58895004233904
kharif,136,Nitrogen Surplus,Optimal,16.577886938016754
kharif,136,Water Demand,Optimal,23.499816302086003
kharif,137,Nitrogen Emission,Optimal,17.57254868677805
kharif,137,Nitrogen Leach,Optimal,12.102985537670456
kharif,137,Greenhouse Gas emission,Optimal,11.108398896554718
kharif,137,Net return,Optimal,-240.43822696607214
kharif,137,Calorie,Optimal,-1.6538959475720036
kharif,137,Phosphorus application,Optimal,11.091097724451677
kharif,137,Nitrogen application,Optimal,11.425239421035993
kharif,137,Phosphorus Surplus,Optimal,14.645678999024096
kharif,137,Nitrogen Surplus,Optimal,16.896925179049425
kharif,137,Water Demand,Optimal,20.735644358217893
kharif,138,Nitrogen Emission,Optimal,18.564370688680633
kharif,138,Nitrogen Leach,Optimal,13.426556693308317
kharif,138,Greenhouse Gas emission,Optimal,10.821598899923787
kharif,138,Net return,Optimal,-241.95502769893284
kharif,138,Calorie,Optimal,-2.0335119484831345
kharif,138,Phosphorus application,Optimal,14.315504727910621
kharif,138,Nitrogen application,Optimal,12.243881303542972
kharif,138,Phosphorus Surplus,Optimal,18.6499375542377
kharif,138,Nitrogen Surplus,Optimal,18.05307059370232
kharif,138,Water Demand,Optimal,24.29673110480291
kharif,139,Nitrogen Emission,Optimal,18.75474736328838
kharif,139,Nitrogen Leach,Optimal,14.058216079699426
kharif,139,Greenhouse Gas emission,Optimal,9.94234476042019
kharif,139,Net return,Optimal,-226.98186208038314
kharif,139,Calorie,Optimal,-1.3787809487987834
kharif,139,Phosphorus application,Optimal,13.741797503754247
kharif,139,Nitrogen application,Optimal,12.502463205911102
kharif,139,Phosphorus Surplus,Optimal,17.7171172711032
kharif,139,Nitrogen Surplus,Optimal,18.16540328822197
kharif,139,Water Demand,Optimal,14.96347833775022
kharif,140,Nitrogen Emission,Optimal,19.73269488427027
kharif,140,Nitrogen Leach,Optimal,15.939735703334435
kharif,140,Greenhouse Gas emission,Optimal,10.278415602217922
kharif,140,Net return,Optimal,-255.77063002100132
kharif,140,Calorie,Optimal,-1.4279837096935508
kharif,140,Phosphorus application,Optimal,12.213193595450589
kharif,140,Nitrogen application,Optimal,13.31430456141072
kharif,140,Phosphorus Surplus,Optimal,15.895266593664005
kharif,140,Nitrogen Surplus,Optimal,19.214768715657737
kharif,140,Water Demand,Optimal,19.946783764480365
kharif,141,Nitrogen Emission,Optimal,18.453700988457914
kharif,141,Nitrogen Leach,Optimal,14.969340780293935
kharif,141,Greenhouse Gas emission,Optimal,10.81415692631178
kharif,141,Net return,Optimal,-230.80314060984708
kharif,141,Calorie,Optimal,-1.485142681366965
kharif,141,Phosphorus application,Optimal,14.358936971579007
kharif,141,Nitrogen application,Optimal,12.325167793699066
kharif,141,Phosphorus Surplus,Optimal,18.521854446351657
kharif,141,Nitrogen Surplus,Optimal,17.872340057949764
kharif,141,Water Demand,Optimal,23.0843910153068
kharif,142,Nitrogen Emission,Optimal,19.051680850005884
kharif,142,Nitrogen Leach,Optimal,13.94058832635244
kharif,142,Greenhouse Gas emission,Optimal,11.014117522849082
kharif,142,Net return,Optimal,-202.02648167813572
kharif,142,Calorie,Optimal,-1.4668306161233111
kharif,142,Phosphorus application,Optimal,12.884508423822572
kharif,142,Nitrogen application,Optimal,12.657717004077375
kharif,142,Phosphorus Surplus,Optimal,16.79662890034345
kharif,142,Nitrogen Surplus,Optimal,18.473328399972388
kharif,142,Water Demand,Optimal,25.25643303769575
kharif,143,Nitrogen Emission,Optimal,18.175623064278728
kharif,143,Nitrogen Leach,Optimal,13.71771296660895
kharif,143,Greenhouse Gas emission,Optimal,11.240711274776764
kharif,143,Net return,Optimal,-207.38111659413008
kharif,143,Calorie,Optimal,-1.5943140354749135
kharif,143,Phosphorus application,Optimal,13.357068258785961
kharif,143,Nitrogen application,Optimal,12.001655744535862
kharif,143,Phosphorus Surplus,Optimal,17.377042658705076
kharif,143,Nitrogen Surplus,Optimal,17.648088206415515
kharif,143,Water Demand,Optimal,19.035298985923355
kharif,144,Nitrogen Emission,Optimal,18.366989803485193
kharif,144,Nitrogen Leach,Optimal,13.574381837556993
kharif,144,Greenhouse Gas emission,Optimal,10.61820249217857
kharif,144,Net return,Optimal,-205.0938933817864
kharif,144,Calorie,Optimal,-1.551964781758856
kharif,144,Phosphorus application,Optimal,15.281393860607054
kharif,144,Nitrogen application,Optimal,12.122344494494248
kharif,144,Phosphorus Surplus,Optimal,19.697202767957027
kharif,144,Nitrogen Surplus,Optimal,17.76119019203719
kharif,144,Water Demand,Optimal,23.714637339553935
kharif,145,Nitrogen Emission,Optimal,19.020667793828213
kharif,145,Nitrogen Leach,Optimal,14.649418000329984
kharif,145,Greenhouse Gas emission,Optimal,11.399531943033912
kharif,145,Net return,Optimal,-238.69327988845063
kharif,145,Calorie,Optimal,-1.551917445636921
kharif,145,Phosphorus application,Optimal,14.549943977681822
kharif,145,Nitrogen application,Optimal,12.544271989782809
kharif,145,Phosphorus Surplus,Optimal,18.84804986366509
kharif,145,Nitrogen Surplus,Optimal,18.384084733245043
kharif,145,Water Demand,Optimal,22.29715885580419
kharif,146,Nitrogen Emission,Optimal,17.500259829442815
kharif,146,Nitrogen Leach,Optimal,12.307563565383562
kharif,146,Greenhouse Gas emission,Optimal,10.075384673183054
kharif,146,Net return,Optimal,-167.12808986780936
kharif,146,Calorie,Optimal,-1.5972318626688653
kharif,146,Phosphorus application,Optimal,12.670670439353136
kharif,146,Nitrogen application,Optimal,11.462886167184456
kharif,146,Phosphorus Surplus,Optimal,16.524149242474632
kharif,146,Nitrogen Surplus,Optimal,16.932864358784833
kharif,146,Water Demand,Optimal,22.387108262942192
kharif,147,Nitrogen Emission,Optimal,19.357319770085795
kharif,147,Nitrogen Leach,Optimal,15.589506551224435
kharif,147,Greenhouse Gas emission,Optimal,10.468645312634749
kharif,147,Net return,Optimal,-220.20133577114495
kharif,147,Calorie,Optimal,-1.2998845137436716
kharif,147,Phosphorus application,Optimal,14.691871188149163
kharif,147,Nitrogen application,Optimal,12.908342110610558
kharif,147,Phosphorus Surplus,Optimal,18.960512377041493
kharif,147,Nitrogen Surplus,Optimal,18.725275891581774
kharif,147,Water Demand,Optimal,14.74057446782271
kharif,148,Nitrogen Emission,Optimal,16.984757089770472
kharif,148,Nitrogen Leach,Optimal,11.78511931878549
kharif,148,Greenhouse Gas emission,Optimal,10.52074784639102
kharif,148,Net return,Optimal,-238.02961871287633
kharif,148,Calorie,Optimal,-0.2638607077921783
kharif,148,Phosphorus application,Optimal,11.851690991255783
kharif,148,Nitrogen application,Optimal,11.359222077030713
kharif,148,Phosphorus Surplus,Optimal,15.286829095449667
kharif,148,Nitrogen Surplus,Optimal,16.37703478825822
kharif,148,Water Demand,Optimal,18.687824813935507
kharif,149,Nitrogen Emission,Optimal,19.268962617189217
kharif,149,Nitrogen Leach,Optimal,14.91996017334961
kharif,149,Greenhouse Gas emission,Optimal,10.785228859033685
kharif,149,Net return,Optimal,-231.2802300722316
kharif,149,Calorie,Optimal,-1.6167247051500613
kharif,149,Phosphorus application,Optimal,12.196667255629356
kharif,149,Nitrogen application,Optimal,12.854310365729898
kharif,149,Phosphorus Surplus,Optimal,15.994099498385696
kharif,149,Nitrogen Surplus,Optimal,18.79245104106863
kharif,149,Water Demand,Optimal,6.662315307235329
kharif,150,Nitrogen Emission,Optimal,18.361112696159104
kharif,150,Nitrogen Leach,Optimal,13.366696377817318
kharif,150,Greenhouse Gas emission,Optimal,11.514478133899972
kharif,150,Net return,Optimal,-174.99578156461695
kharif,150,Calorie,Optimal,-1.5948242287254042
kharif,150,Phosphorus application,Optimal,15.244214544230653
kharif,150,Nitrogen application,Optimal,12.095467990869338
kharif,150,Phosphorus Surplus,Optimal,19.715722220729585
kharif,150,Nitrogen Surplus,Optimal,17.831895423087165
kharif,150,Water Demand,Optimal,22.055132996825495
kharif,151,Nitrogen Emission,Optimal,17.856603562598824
kharif,151,Nitrogen Leach,Optimal,13.008561909784223
kharif,151,Greenhouse Gas emission,Optimal,11.102992522861985
kharif,151,Net return,Optimal,-198.29050227986718
kharif,151,Calorie,Optimal,-1.5406041639068766
kharif,151,Phosphorus application,Optimal,12.09054374090754
kharif,151,Nitrogen application,Optimal,11.768283779139347
kharif,151,Phosphorus Surplus,Optimal,15.867760884469094
kharif,151,Nitrogen Surplus,Optimal,17.297967185276082
kharif,151,Water Demand,Optimal,20.202056438179834
kharif,152,Nitrogen Emission,Optimal,18.161285779934012
kharif,152,Nitrogen Leach,Optimal,14.728524916917968
kharif,152,Greenhouse Gas emission,Optimal,10.968979913438522
kharif,152,Net return,Optimal,-211.70302589444265
kharif,152,Calorie,Optimal,-1.7370822707854205
kharif,152,Phosphorus application,Optimal,14.39764786833335
kharif,152,Nitrogen application,Optimal,11.982557902040368
kharif,152,Phosphorus Surplus,Optimal,18.68035352451538
kharif,152,Nitrogen Surplus,Optimal,17.699919646777484
kharif,152,Water Demand,Optimal,24.735698289002578
kharif,153,Nitrogen Emission,Optimal,17.632513322062128
kharif,153,Nitrogen Leach,Optimal,13.121993534303668
kharif,153,Greenhouse Gas emission,Optimal,11.778741585766644
kharif,153,Net return,Optimal,-237.44297265633998
kharif,153,Calorie,Optimal,-1.4308125483636922
kharif,153,Phosphorus application,Optimal,13.908018991587488
kharif,153,Nitrogen application,Optimal,11.712896280350423
kharif,153,Phosphorus Surplus,Optimal,18.030122272691703
kharif,153,Nitrogen Surplus,Optimal,17.18779219415986
kharif,153,Water Demand,Optimal,20.706914231519306
kharif,154,Nitrogen Emission,Optimal,18.577844587882204
kharif,154,Nitrogen Leach,Optimal,13.523263324159926
kharif,154,Greenhouse Gas emission,Optimal,11.149730583497188
kharif,154,Net return,Optimal,-241.71427760946267
kharif,154,Calorie,Optimal,-1.320428084294519
kharif,154,Phosphorus application,Optimal,15.399100092975047
kharif,154,Nitrogen application,Optimal,12.298962278968363
kharif,154,Phosphorus Surplus,Optimal,19.804117081827695
kharif,154,Nitrogen Surplus,Optimal,17.947718654347618
kharif,154,Water Demand,Optimal,17.53571300011851
kharif,155,Nitrogen Emission,Optimal,17.182324256368
kharif,155,Nitrogen Leach,Optimal,13.56571888981141
kharif,155,Greenhouse Gas emission,Optimal,9.662222763384484
kharif,155,Net return,Optimal,-237.8148977226011
kharif,155,Calorie,Optimal,-1.4733916574476498
kharif,155,Phosphorus application,Optimal,12.147250768148963
kharif,155,Nitrogen application,Optimal,11.459336866777733
kharif,155,Phosphorus Surplus,Optimal,15.81030318481533
kharif,155,Nitrogen Surplus,Optimal,16.73332544919512
kharif,155,Water Demand,Optimal,22.35614467213482
kharif,156,Nitrogen Emission,Optimal,17.91475282442974
kharif,156,Nitrogen Leach,Optimal,12.920168519850833
kharif,156,Greenhouse Gas emission,Optimal,11.421930887975762
kharif,156,Net return,Optimal,-213.7420804149669
kharif,156,Calorie,Optimal,-1.676858328092365
kharif,156,Phosphorus application,Optimal,11.537562513871881
kharif,156,Nitrogen application,Optimal,11.74501822881671
kharif,156,Phosphorus Surplus,Optimal,15.211380234824668
kharif,156,Nitrogen Surplus,Optimal,17.351667024539083
kharif,156,Water Demand,Optimal,20.470117833950923
kharif,157,Nitrogen Emission,Optimal,18.070914634245685
kharif,157,Nitrogen Leach,Optimal,13.03946126525818
kharif,157,Greenhouse Gas emission,Optimal,10.658542723249683
kharif,157,Net return,Optimal,-289.36892853845984
kharif,157,Calorie,Optimal,-1.7598437918734418
kharif,157,Phosphorus application,Optimal,14.439793504270298
kharif,157,Nitrogen application,Optimal,11.835011893546286
kharif,157,Phosphorus Surplus,Optimal,18.654308633139177
kharif,157,Nitrogen Surplus,Optimal,17.430188406785504
kharif,157,Water Demand,Optimal,19.654968503492043
kharif,158,Nitrogen Emission,Optimal,18.561097727709235
kharif,158,Nitrogen Leach,Optimal,13.953888262387437
kharif,158,Greenhouse Gas emission,Optimal,10.226800967548131
kharif,158,Net return,Optimal,-282.19044649593104
kharif,158,Calorie,Optimal,-1.528022834169665
kharif,158,Phosphorus application,Optimal,14.552754448560282
kharif,158,Nitrogen application,Optimal,12.340612350469069
kharif,158,Phosphorus Surplus,Optimal,18.724342699196818
kharif,158,Nitrogen Surplus,Optimal,18.008941048129543
kharif,158,Water Demand,Optimal,23.455451305710103
kharif,159,Nitrogen Emission,Optimal,17.97149853785028
kharif,159,Nitrogen Leach,Optimal,13.78443507378145
kharif,159,Greenhouse Gas emission,Optimal,9.75841146956657
kharif,159,Net return,Optimal,-149.92470126028547
kharif,159,Calorie,Optimal,-1.4781871189489812
kharif,159,Phosphorus application,Optimal,14.393622804711876
kharif,159,Nitrogen application,Optimal,11.96348102788489
kharif,159,Phosphorus Surplus,Optimal,18.56573719250805
kharif,159,Nitrogen Surplus,Optimal,17.4597967061818
kharif,159,Water Demand,Optimal,11.667110722670882
kharif,160,Nitrogen Emission,Optimal,17.364421061270335
kharif,160,Nitrogen Leach,Optimal,13.179164901322093
kharif,160,Greenhouse Gas emission,Optimal,11.01404379520659
kharif,160,Net return,Optimal,-186.10669698717965
kharif,160,Calorie,Optimal,-1.5476656842995176
kharif,160,Phosphorus application,Optimal,13.325819998899057
kharif,160,Nitrogen application,Optimal,11.357112993035722
kharif,160,Phosphorus Surplus,Optimal,17.348798937074523
kharif,160,Nitrogen Surplus,Optimal,16.86095833089383
kharif,160,Water Demand,Optimal,22.0048770498649
kharif,161,Nitrogen Emission,Optimal,17.3955282277768
kharif,161,Nitrogen Leach,Optimal,12.342736130708301
kharif,161,Greenhouse Gas emission,Optimal,10.882707645155431
kharif,161,Net return,Optimal,-201.52743439747638
kharif,161,Calorie,Optimal,-1.5737455096738688
kharif,161,Phosphorus application,Optimal,13.549190566086937
kharif,161,Nitrogen application,Optimal,11.402321189948932
kharif,161,Phosphorus Surplus,Optimal,17.592753897708885
kharif,161,Nitrogen Surplus,Optimal,16.82123785947385
kharif,161,Water Demand,Optimal,24.6598520169981
kharif,162,Nitrogen Emission,Optimal,17.15322349933905
kharif,162,Nitrogen Leach,Optimal,12.595726654014555
kharif,162,Greenhouse Gas emission,Optimal,10.397768532596107
kharif,162,Net return,Optimal,-212.31998592301292
kharif,162,Calorie,Optimal,-1.4493469872376066
kharif,162,Phosphorus application,Optimal,12.079245158617518
kharif,162,Nitrogen application,Optimal,11.217502377136379
kharif,162,Phosphorus Surplus,Optimal,15.81898922342452
kharif,162,Nitrogen Surplus,Optimal,16.583040623803537
kharif,162,Water Demand,Optimal,22.221739409223982
kharif,163,Nitrogen Emission,Optimal,18.196829648059033
kharif,163,Nitrogen Leach,Optimal,13.653232447064171
kharif,163,Greenhouse Gas emission,Optimal,10.947571568517754
kharif,163,Net return,Optimal,-287.23559246416727
kharif,163,Calorie,Optimal,-1.4886487178956422
kharif,163,Phosphorus application,Optimal,14.096587775345252
kharif,163,Nitrogen application,Optimal,12.046664623434895
kharif,163,Phosphorus Surplus,Optimal,18.256348479573376
kharif,163,Nitrogen Surplus,Optimal,17.693790593334246
kharif,163,Water Demand,Optimal,23.661187802490716
kharif,164,Nitrogen Emission,Optimal,17.808444573463948
kharif,164,Nitrogen Leach,Optimal,13.345575655792757
kharif,164,Greenhouse Gas emission,Optimal,10.821308515684239
kharif,164,Net return,Optimal,-180.6682891709122
kharif,164,Calorie,Optimal,-1.4763019733104055
kharif,164,Phosphorus application,Optimal,11.678212375064415
kharif,164,Nitrogen application,Optimal,11.93310661870586
kharif,164,Phosphorus Surplus,Optimal,15.27659142214825
kharif,164,Nitrogen Surplus,Optimal,17.39791907940164
kharif,164,Water Demand,Optimal,23.08510497190664
kharif,165,Nitrogen Emission,Optimal,19.013397798963922
kharif,165,Nitrogen Leach,Optimal,14.173235372494918
kharif,165,Greenhouse Gas emission,Optimal,11.06021608856406
kharif,165,Net return,Optimal,-265.00651882126107
kharif,165,Calorie,Optimal,-1.340419894504679
kharif,165,Phosphorus application,Optimal,14.00942574371389
kharif,165,Nitrogen application,Optimal,12.63008279856241
kharif,165,Phosphorus Surplus,Optimal,18.124086502507826
kharif,165,Nitrogen Surplus,Optimal,18.403676925451155
kharif,165,Water Demand,Optimal,17.3301619252491
kharif,166,Nitrogen Emission,Optimal,18.137316819188673
kharif,166,Nitrogen Leach,Optimal,13.897867402705668
kharif,166,Greenhouse Gas emission,Optimal,11.042937531729265
kharif,166,Net return,Optimal,-257.29159814721316
kharif,166,Calorie,Optimal,-1.5749312129631234
kharif,166,Phosphorus application,Optimal,13.597379972086026
kharif,166,Nitrogen application,Optimal,11.949790162623918
kharif,166,Phosphorus Surplus,Optimal,17.664469191391465
kharif,166,Nitrogen Surplus,Optimal,17.572909367359582
kharif,166,Water Demand,Optimal,23.11101059822708
kharif,167,Nitrogen Emission,Optimal,19.734027420279148
kharif,167,Nitrogen Leach,Optimal,14.544637605265432
kharif,167,Greenhouse Gas emission,Optimal,10.299997591212799
kharif,167,Net return,Optimal,-245.12996077346585
kharif,167,Calorie,Optimal,-1.5424848509718054
kharif,167,Phosphorus application,Optimal,14.138034848117819
kharif,167,Nitrogen application,Optimal,13.139174635237094
kharif,167,Phosphorus Surplus,Optimal,18.283410777109705
kharif,167,Nitrogen Surplus,Optimal,19.145988587119056
kharif,167,Water Demand,Optimal,16.759572260095375
kharif,168,Nitrogen Emission,Optimal,16.704229933066447
kharif,168,Nitrogen Leach,Optimal,11.788832527100444
kharif,168,Greenhouse Gas emission,Optimal,10.668745618541731
kharif,168,Net return,Optimal,-226.52107503000312
kharif,168,Calorie,Optimal,-1.4141772174630698
kharif,168,Phosphorus application,Optimal,13.799953134663465
kharif,168,Nitrogen application,Optimal,10.925144171627071
kharif,168,Phosphorus Surplus,Optimal,17.892791263779717
kharif,168,Nitrogen Surplus,Optimal,16.189548394975105
kharif,168,Water Demand,Optimal,20.200793553749996
kharif,169,Nitrogen Emission,Optimal,18.16308456774118
kharif,169,Nitrogen Leach,Optimal,12.809200349823238
kharif,169,Greenhouse Gas emission,Optimal,12.085254096113564
kharif,169,Net return,Optimal,-230.7742573181176
kharif,169,Calorie,Optimal,-1.3749588554525818
kharif,169,Phosphorus application,Optimal,12.367934439008975
kharif,169,Nitrogen application,Optimal,11.944233483503337
kharif,169,Phosphorus Surplus,Optimal,16.24548779461179
kharif,169,Nitrogen Surplus,Optimal,17.620062305101257
kharif,169,Water Demand,Optimal,24.64812408580238
kharif,170,Nitrogen Emission,Optimal,17.731863678429146
kharif,170,Nitrogen Leach,Optimal,12.310492993169882
kharif,170,Greenhouse Gas emission,Optimal,11.725846401425919
kharif,170,Net return,Optimal,-197.103056588109
kharif,170,Calorie,Optimal,-1.277969042415792
kharif,170,Phosphorus application,Optimal,14.13292891883703
kharif,170,Nitrogen application,Optimal,11.641031320889207
kharif,170,Phosphorus Surplus,Optimal,18.283525466780006
kharif,170,Nitrogen Surplus,Optimal,17.0524575195738
kharif,170,Water Demand,Optimal,23.15229546189983
kharif,171,Nitrogen Emission,Optimal,17.415166066904707
kharif,171,Nitrogen Leach,Optimal,11.623031954095458
kharif,171,Greenhouse Gas emission,Optimal,10.98827121513936
kharif,171,Net return,Optimal,-252.3632409244757
kharif,171,Calorie,Optimal,-1.3502009841859821
kharif,171,Phosphorus application,Optimal,13.76136561473307
kharif,171,Nitrogen application,Optimal,11.408465361788291
kharif,171,Phosphorus Surplus,Optimal,17.834133494196898
kharif,171,Nitrogen Surplus,Optimal,16.768939906898826
kharif,171,Water Demand,Optimal,18.47670627027174
kharif,172,Nitrogen Emission,Optimal,18.618738138963682
kharif,172,Nitrogen Leach,Optimal,14.117797272905564
kharif,172,Greenhouse Gas emission,Optimal,10.295406927063933
kharif,172,Net return,Optimal,-261.2205582154064
kharif,172,Calorie,Optimal,-1.5969119914996612
kharif,172,Phosphorus application,Optimal,16.274184372371238
kharif,172,Nitrogen application,Optimal,12.41470801163473
kharif,172,Phosphorus Surplus,Optimal,20.823500694672717
kharif,172,Nitrogen Surplus,Optimal,18.100941925636075
kharif,172,Water Demand,Optimal,18.078687807011853
kharif,173,Nitrogen Emission,Optimal,16.946420844310055
kharif,173,Nitrogen Leach,Optimal,12.542271875136912
kharif,173,Greenhouse Gas emission,Optimal,11.049580746552076
kharif,173,Net return,Optimal,-229.5677147919178
kharif,173,Calorie,Optimal,-1.3600728907034643
kharif,173,Phosphorus application,Optimal,12.427917518118427
kharif,173,Nitrogen application,Optimal,11.280995566387482
kharif,173,Phosphorus Surplus,Optimal,16.20968306030394
kharif,173,Nitrogen Surplus,Optimal,16.46224314213344
kharif,173,Water Demand,Optimal,21.41024425366659
kharif,174,Nitrogen Emission,Optimal,17.70996088815376
kharif,174,Nitrogen Leach,Optimal,12.471606667207705
kharif,174,Greenhouse Gas emission,Optimal,11.1008116045167
kharif,174,Net return,Optimal,-216.8446404992532
kharif,174,Calorie,Optimal,-1.3400263993036508
kharif,174,Phosphorus application,Optimal,13.39018832917688
kharif,174,Nitrogen application,Optimal,11.64667476515517
kharif,174,Phosphorus Surplus,Optimal,17.41724561769177
kharif,174,Nitrogen Surplus,Optimal,17.12540337967173
kharif,174,Water Demand,Optimal,14.02681122559375
kharif,175,Nitrogen Emission,Optimal,18.21278638724928
kharif,175,Nitrogen Leach,Optimal,14.490286904981817
kharif,175,Greenhouse Gas emission,Optimal,10.166976969313811
kharif,175,Net return,Optimal,-117.14555125138479
kharif,175,Calorie,Optimal,-1.6477141313535362
kharif,175,Phosphorus application,Optimal,12.507655111482208
kharif,175,Nitrogen application,Optimal,12.006727752861353
kharif,175,Phosphorus Surplus,Optimal,16.308387830543673
kharif,175,Nitrogen Surplus,Optimal,17.762253159371753
kharif,175,Water Demand,Optimal,24.483945945724713
kharif,176,Nitrogen Emission,Optimal,18.645641507782067
kharif,176,Nitrogen Leach,Optimal,13.61683782814963
kharif,176,Greenhouse Gas emission,Optimal,10.711445041090428
kharif,176,Net return,Optimal,-241.0558976810738
kharif,176,Calorie,Optimal,-1.5233351841022553
kharif,176,Phosphorus application,Optimal,14.180041173781635
kharif,176,Nitrogen application,Optimal,12.268515800050457
kharif,176,Phosphorus Surplus,Optimal,18.380097688310737
kharif,176,Nitrogen Surplus,Optimal,17.92794493897308
kharif,176,Water Demand,Optimal,12.706182056857704
kharif,177,Nitrogen Emission,Optimal,16.347935623427603
kharif,177,Nitrogen Leach,Optimal,9.73149376218428
kharif,177,Greenhouse Gas emission,Optimal,10.56000293696969
kharif,177,Net return,Optimal,-180.3032853747683
kharif,177,Calorie,Optimal,-1.484992186997126
kharif,177,Phosphorus application,Optimal,12.232110365145957
kharif,177,Nitrogen application,Optimal,10.625267773354649
kharif,177,Phosphorus Surplus,Optimal,15.98527465847
kharif,177,Nitrogen Surplus,Optimal,15.63675085782124
kharif,177,Water Demand,Optimal,16.15128304130227
kharif,178,Nitrogen Emission,Optimal,17.115631374229825
kharif,178,Nitrogen Leach,Optimal,11.858758121710732
kharif,178,Greenhouse Gas emission,Optimal,10.040826415685677
kharif,178,Net return,Optimal,-190.5253333656844
kharif,178,Calorie,Optimal,-1.5613053346770838
kharif,178,Phosphorus application,Optimal,11.450348861400162
kharif,178,Nitrogen application,Optimal,11.169440673094499
kharif,178,Phosphorus Surplus,Optimal,15.055859230066366
kharif,178,Nitrogen Surplus,Optimal,16.469895295838754
kharif,178,Water Demand,Optimal,27.580033161750038
kharif,179,Nitrogen Emission,Optimal,18.068096011218415
kharif,179,Nitrogen Leach,Optimal,12.345989052778146
kharif,179,Greenhouse Gas emission,Optimal,11.55128107996574
kharif,179,Net return,Optimal,-233.01509405982745
kharif,179,Calorie,Optimal,-1.489608972120515
kharif,179,Phosphorus application,Optimal,14.615764062913465
kharif,179,Nitrogen application,Optimal,11.783885379480726
kharif,179,Phosphorus Surplus,Optimal,18.901951011548793
kharif,179,Nitrogen Surplus,Optimal,17.41951478735482
kharif,179,Water Demand,Optimal,19.731780418497532
kharif,180,Nitrogen Emission,Optimal,19.26546730902827
kharif,180,Nitrogen Leach,Optimal,13.845275244737824
kharif,180,Greenhouse Gas emission,Optimal,10.347748269565509
kharif,180,Net return,Optimal,-260.85194953056777
kharif,180,Calorie,Optimal,-1.3312186068826974
kharif,180,Phosphorus application,Optimal,13.223538220429425
kharif,180,Nitrogen application,Optimal,12.782514756936532
kharif,180,Phosphorus Surplus,Optimal,17.05267129837258
kharif,180,Nitrogen Surplus,Optimal,18.523319391460724
kharif,180,Water Demand,Optimal,16.177183505608976
kharif,181,Nitrogen Emission,Optimal,18.003129117627186
kharif,181,Nitrogen Leach,Optimal,12.773331438961486
kharif,181,Greenhouse Gas emission,Optimal,10.792028867843392
kharif,181,Net return,Optimal,-241.86025940075902
kharif,181,Calorie,Optimal,-1.5157262818040436
kharif,181,Phosphorus application,Optimal,12.808161237846129
kharif,181,Nitrogen application,Optimal,11.681978036162354
kharif,181,Phosphorus Surplus,Optimal,16.67755692119527
kharif,181,Nitrogen Surplus,Optimal,17.27702142248676
kharif,181,Water Demand,Optimal,24.463059834147547
kharif,182,Nitrogen Emission,Optimal,18.94014556655047
kharif,182,Nitrogen Leach,Optimal,14.323415841630593
kharif,182,Greenhouse Gas emission,Optimal,10.112808214326366
kharif,182,Net return,Optimal,-236.56517813512107
kharif,182,Calorie,Optimal,-1.5249245629456776
kharif,182,Phosphorus application,Optimal,13.06140788508785
kharif,182,Nitrogen application,Optimal,12.627920051433101
kharif,182,Phosphorus Surplus,Optimal,16.92988108015133
kharif,182,Nitrogen Surplus,Optimal,18.29351177642784
kharif,182,Water Demand,Optimal,20.757086412787714
kharif,183,Nitrogen Emission,Optimal,18.062138259572787
kharif,183,Nitrogen Leach,Optimal,13.66515506981834
kharif,183,Greenhouse Gas emission,Optimal,11.189066989344658
kharif,183,Net return,Optimal,-202.48233026280053
kharif,183,Calorie,Optimal,-1.55251550276304
kharif,183,Phosphorus application,Optimal,13.249153664020128
kharif,183,Nitrogen application,Optimal,11.95532098369359
kharif,183,Phosphorus Surplus,Optimal,17.231189598136673
kharif,183,Nitrogen Surplus,Optimal,17.541740439606702
kharif,183,Water Demand,Optimal,22.77940085615906
kharif,184,Nitrogen Emission,Optimal,17.974991109350764
kharif,184,Nitrogen Leach,Optimal,13.76633826019838
kharif,184,Greenhouse Gas emission,Optimal,10.036784699700947
kharif,184,Net return,Optimal,-238.4753883589898
kharif,184,Calorie,Optimal,-1.5420850453418486
kharif,184,Phosphorus application,Optimal,14.786610139417188
kharif,184,Nitrogen application,Optimal,11.918033660584614
kharif,184,Phosphorus Surplus,Optimal,19.043620413593285
kharif,184,Nitrogen Surplus,Optimal,17.442174486081182
kharif,184,Water Demand,Optimal,19.185734025497272
kharif,185,Nitrogen Emission,Optimal,17.41126093791696
kharif,185,Nitrogen Leach,Optimal,12.165024961930955
kharif,185,Greenhouse Gas emission,Optimal,11.737306902484072
kharif,185,Net return,Optimal,-215.23293097718343
kharif,185,Calorie,Optimal,-1.2765844294352675
kharif,185,Phosphorus application,Optimal,12.803544571563956
kharif,185,Nitrogen application,Optimal,11.301544623287125
kharif,185,Phosphorus Surplus,Optimal,16.6685442715571
kharif,185,Nitrogen Surplus,Optimal,16.72358993899548
kharif,185,Water Demand,Optimal,24.58588614251724
kharif,186,Nitrogen Emission,Optimal,18.00552633459673
kharif,186,Nitrogen Leach,Optimal,13.43872424008646
kharif,186,Greenhouse Gas emission,Optimal,10.97424075410676
kharif,186,Net return,Optimal,-201.90858175861288
kharif,186,Calorie,Optimal,-1.8463881589269229
kharif,186,Phosphorus application,Optimal,14.05277052291224
kharif,186,Nitrogen application,Optimal,11.811937353631066
kharif,186,Phosphorus Surplus,Optimal,18.26371858013344
kharif,186,Nitrogen Surplus,Optimal,17.378628563136644
kharif,186,Water Demand,Optimal,22.31953811428502
kharif,187,Nitrogen Emission,Optimal,17.895528093751395
kharif,187,Nitrogen Leach,Optimal,13.813069764135799
kharif,187,Greenhouse Gas emission,Optimal,10.148499316154119
kharif,187,Net return,Optimal,-238.76320793647585
kharif,187,Calorie,Optimal,-1.5769597172174656
kharif,187,Phosphorus application,Optimal,11.569470385837626
kharif,187,Nitrogen application,Optimal,11.903693015142151
kharif,187,Phosphorus Surplus,Optimal,15.207965371091483
kharif,187,Nitrogen Surplus,Optimal,17.318599332337037
kharif,187,Water Demand,Optimal,22.247274608606908
kharif,188,Nitrogen Emission,Optimal,18.882449081328684
kharif,188,Nitrogen Leach,Optimal,13.877838408159894
kharif,188,Greenhouse Gas emission,Optimal,9.885875513230369
kharif,188,Net return,Optimal,-223.57640919269303
kharif,188,Calorie,Optimal,-1.740353927450789
kharif,188,Phosphorus application,Optimal,14.264927805164287
kharif,188,Nitrogen application,Optimal,12.495274497364518
kharif,188,Phosphorus Surplus,Optimal,18.44148040113936
kharif,188,Nitrogen Surplus,Optimal,18.339872146713603
kharif,188,Water Demand,Optimal,21.448940684066024
kharif,189,Nitrogen Emission,Optimal,16.749908014658885
kharif,189,Nitrogen Leach,Optimal,11.47140087749584
kharif,189,Greenhouse Gas emission,Optimal,9.17122130975756
kharif,189,Net return,Optimal,-190.24433573571105
kharif,189,Calorie,Optimal,-2.018596398658572
kharif,189,Phosphorus application,Optimal,13.946148215343843
kharif,189,Nitrogen application,Optimal,10.848044417016087
kharif,189,Phosphorus Surplus,Optimal,18.0736973539214
kharif,189,Nitrogen Surplus,Optimal,16.10965259023092
kharif,189,Water Demand,Optimal,18.297129770558925
kharif,190,Nitrogen Emission,Optimal,18.32802127017546
kharif,190,Nitrogen Leach,Optimal,14.432649168212436
kharif,190,Greenhouse Gas emission,Optimal,11.783111650019924
kharif,190,Net return,Optimal,-206.13211008666377
kharif,190,Calorie,Optimal,-1.5193669738608762
kharif,190,Phosphorus application,Optimal,14.667692475378095
kharif,190,Nitrogen application,Optimal,12.114559687296236
kharif,190,Phosphorus Surplus,Optimal,18.99034228508493
kharif,190,Nitrogen Surplus,Optimal,17.80055689220719
kharif,190,Water Demand,Optimal,21.372800097883797
kharif,191,Nitrogen Emission,Optimal,19.13776529941068
kharif,191,Nitrogen Leach,Optimal,13.722671514523375
kharif,191,Greenhouse Gas emission,Optimal,11.691807797603595
kharif,191,Net return,Optimal,-277.78575150344005
kharif,191,Calorie,Optimal,-1.4892887895911997
kharif,191,Phosphorus application,Optimal,13.466094924086025
kharif,191,Nitrogen application,Optimal,12.73946078747001
kharif,191,Phosphorus Surplus,Optimal,17.505102851195378
kharif,191,Nitrogen Surplus,Optimal,18.548168330164334
kharif,191,Water Demand,Optimal,23.546884234679183
kharif,192,Nitrogen Emission,Optimal,17.95483048191653
kharif,192,Nitrogen Leach,Optimal,13.862386179503442
kharif,192,Greenhouse Gas emission,Optimal,11.375669389002258
kharif,192,Net return,Optimal,-207.45977330458513
kharif,192,Calorie,Optimal,-1.2776938062424807
kharif,192,Phosphorus application,Optimal,14.07687799730347
kharif,192,Nitrogen application,Optimal,11.867752644048071
kharif,192,Phosphorus Surplus,Optimal,18.225013582708478
kharif,192,Nitrogen Surplus,Optimal,17.419533604366904
kharif,192,Water Demand,Optimal,20.084370873098322
kharif,193,Nitrogen Emission,Optimal,18.00322945010089
kharif,193,Nitrogen Leach,Optimal,11.976474585960826
kharif,193,Greenhouse Gas emission,Optimal,10.907238919507963
kharif,193,Net return,Optimal,-183.98344658874805
kharif,193,Calorie,Optimal,-1.469433353969492
kharif,193,Phosphorus application,Optimal,14.660395349532378
kharif,193,Nitrogen application,Optimal,11.75731364357156
kharif,193,Phosphorus Surplus,Optimal,18.9459659807049
kharif,193,Nitrogen Surplus,Optimal,17.329687309709872
kharif,193,Water Demand,Optimal,25.567148012885514
kharif,194,Nitrogen Emission,Optimal,18.957869373396896
kharif,194,Nitrogen Leach,Optimal,14.00795807233443
kharif,194,Greenhouse Gas emission,Optimal,9.632841930445712
kharif,194,Net return,Optimal,-257.95639251985796
kharif,194,Calorie,Optimal,-1.5106107868909182
kharif,194,Phosphorus application,Optimal,12.886428322182919
kharif,194,Nitrogen application,Optimal,12.712942908098201
kharif,194,Phosphorus Surplus,Optimal,16.648964328966773
kharif,194,Nitrogen Surplus,Optimal,18.385990916876853
kharif,194,Water Demand,Optimal,26.021005890559934
kharif,195,Nitrogen Emission,Optimal,18.720165527160677
kharif,195,Nitrogen Leach,Optimal,13.986003484207707
kharif,195,Greenhouse Gas emission,Optimal,10.959209397505974
kharif,195,Net return,Optimal,-222.34403286601864
kharif,195,Calorie,Optimal,-1.456993124842743
kharif,195,Phosphorus application,Optimal,12.895723578306418
kharif,195,Nitrogen application,Optimal,12.504294686331512
kharif,195,Phosphorus Surplus,Optimal,16.78454598606766
kharif,195,Nitrogen Surplus,Optimal,18.23305580878657
kharif,195,Water Demand,Optimal,20.049565823585606
kharif,196,Nitrogen Emission,Optimal,17.6535698179706
kharif,196,Nitrogen Leach,Optimal,13.319435078930653
kharif,196,Greenhouse Gas emission,Optimal,10.301693784565694
kharif,196,Net return,Optimal,-176.50543209815228
kharif,196,Calorie,Optimal,-1.662258104895659
kharif,196,Phosphorus application,Optimal,14.006063316205465
kharif,196,Nitrogen application,Optimal,11.60113913603592
kharif,196,Phosphorus Surplus,Optimal,18.118874354408092
kharif,196,Nitrogen Surplus,Optimal,17.11673221137742
kharif,196,Water Demand,Optimal,23.037860904625802
kharif,197,Nitrogen Emission,Optimal,18.042592873109566
kharif,197,Nitrogen Leach,Optimal,13.15167189293552
kharif,197,Greenhouse Gas emission,Optimal,10.866544873456329
kharif,197,Net return,Optimal,-199.15094967263718
kharif,197,Calorie,Optimal,-1.407278997581431
kharif,197,Phosphorus application,Optimal,12.93846015045243
kharif,197,Nitrogen application,Optimal,12.005107876921894
kharif,197,Phosphorus Surplus,Optimal,16.820092710551286
kharif,197,Nitrogen Surplus,Optimal,17.512195005543006
kharif,197,Water Demand,Optimal,19.01310901745422
kharif,198,Nitrogen Emission,Optimal,19.164947041653242
kharif,198,Nitrogen Leach,Optimal,14.661706860121166
kharif,198,Greenhouse Gas emission,Optimal,10.751024539916841
kharif,198,Net return,Optimal,-291.23666674244544
kharif,198,Calorie,Optimal,-1.5817430937984187
kharif,198,Phosphorus application,Optimal,14.168425301963884
kharif,198,Nitrogen application,Optimal,12.714540685459447
kharif,198,Phosphorus Surplus,Optimal,18.393133268298985
kharif,198,Nitrogen Surplus,Optimal,18.669024079846558
kharif,198,Water Demand,Optimal,22.639026476957998
kharif,199,Nitrogen Emission,Optimal,17.59615895868481
kharif,199,Nitrogen Leach,Optimal,12.67698570350651
kharif,199,Greenhouse Gas emission,Optimal,10.348986478353835
kharif,199,Net return,Optimal,-179.65443677831954
kharif,199,Calorie,Optimal,-1.7125535638326703
kharif,199,Phosphorus application,Optimal,14.311801625859706
kharif,199,Nitrogen application,Optimal,11.529478947566426
kharif,199,Phosphorus Surplus,Optimal,18.549434567803214
kharif,199,Nitrogen Surplus,Optimal,16.989780048369216
kharif,199,Water Demand,Optimal,20.534249160937122
kharif,200,Nitrogen Emission,Optimal,17.19591038615466
kharif,200,Nitrogen Leach,Optimal,11.835584037841011
kharif,200,Greenhouse Gas emission,Optimal,11.210129066807733
kharif,200,Net return,Optimal,-206.5195202594343
kharif,200,Calorie,Optimal,-1.53056743665829
kharif,200,Phosphorus application,Optimal,12.795333601235205
kharif,200,Nitrogen application,Optimal,11.178823640349972
kharif,200,Phosphorus Surplus,Optimal,16.707321088963177
kharif,200,Nitrogen Surplus,Optimal,16.59719077005408
kharif,200,Water Demand,Optimal,22.312809120740546
kharif,201,Nitrogen Emission,Optimal,18.02937813738568
kharif,201,Nitrogen Leach,Optimal,12.896496123663008
kharif,201,Greenhouse Gas emission,Optimal,10.283094708941787
kharif,201,Net return,Optimal,-152.2991248757621
kharif,201,Calorie,Optimal,-1.548473926797403
kharif,201,Phosphorus application,Optimal,14.529794549296637
kharif,201,Nitrogen application,Optimal,11.836711166984346
kharif,201,Phosphorus Surplus,Optimal,18.733251740407965
kharif,201,Nitrogen Surplus,Optimal,17.314068967949705
kharif,201,Water Demand,Optimal,16.654910512380155
kharif,202,Nitrogen Emission,Optimal,17.1462870481342
kharif,202,Nitrogen Leach,Optimal,12.372455963298838
kharif,202,Greenhouse Gas emission,Optimal,10.50495312110228
kharif,202,Net return,Optimal,-251.27885497838366
kharif,202,Calorie,Optimal,-1.4656152158589482
kharif,202,Phosphorus application,Optimal,11.519713088619781
kharif,202,Nitrogen application,Optimal,11.321018796625891
kharif,202,Phosphorus Surplus,Optimal,15.138622762013451
kharif,202,Nitrogen Surplus,Optimal,16.664917569164317
kharif,202,Water Demand,Optimal,24.530770117868045
kharif,203,Nitrogen Emission,Optimal,18.596588884187337
kharif,203,Nitrogen Leach,Optimal,14.158751282223706
kharif,203,Greenhouse Gas emission,Optimal,10.439226012098628
kharif,203,Net return,Optimal,-217.06715227727398
kharif,203,Calorie,Optimal,-1.4733520655049777
kharif,203,Phosphorus application,Optimal,13.896459725171793
kharif,203,Nitrogen application,Optimal,12.340910667333457
kharif,203,Phosphorus Surplus,Optimal,17.95968145906675
kharif,203,Nitrogen Surplus,Optimal,18.093837880192
kharif,203,Water Demand,Optimal,13.624254680400712
kharif,204,Nitrogen Emission,Optimal,18.1079744135582
kharif,204,Nitrogen Leach,Optimal,13.92648818336533
kharif,204,Greenhouse Gas emission,Optimal,9.8836055187655
kharif,204,Net return,Optimal,-276.34922604332587
kharif,204,Calorie,Optimal,-1.7400505346052453
kharif,204,Phosphorus application,Optimal,13.523845157081894
kharif,204,Nitrogen application,Optimal,12.092866998290534
kharif,204,Phosphorus Surplus,Optimal,17.52892213335732
kharif,204,Nitrogen Surplus,Optimal,17.63932594686594
kharif,204,Water Demand,Optimal,25.431686521781135
kharif,205,Nitrogen Emission,Optimal,18.186133270385792
kharif,205,Nitrogen Leach,Optimal,12.885286698348065
kharif,205,Greenhouse Gas emission,Optimal,10.964834708527158
kharif,205,Net return,Optimal,-162.8359181443009
kharif,205,Calorie,Optimal,-1.5818996111256567
kharif,205,Phosphorus application,Optimal,11.941928448856332
kharif,205,Nitrogen application,Optimal,12.06506847289672
kharif,205,Phosphorus Surplus,Optimal,15.655200340332422
kharif,205,Nitrogen Surplus,Optimal,17.666215000083675
kharif,205,Water Demand,Optimal,24.940306618093516
kharif,206,Nitrogen Emission,Optimal,18.114419200743015
kharif,206,Nitrogen Leach,Optimal,13.237575213382694
kharif,206,Greenhouse Gas emission,Optimal,11.215503090027182
kharif,206,Net return,Optimal,-255.47570289332316
kharif,206,Calorie,Optimal,-1.6973844244571104
kharif,206,Phosphorus application,Optimal,13.679562446299958
kharif,206,Nitrogen application,Optimal,11.780708403481778
kharif,206,Phosphorus Surplus,Optimal,17.88873508156871
kharif,206,Nitrogen Surplus,Optimal,17.42591687505346
kharif,206,Water Demand,Optimal,25.132691201727052
kharif,207,Nitrogen Emission,Optimal,17.545262350467155
kharif,207,Nitrogen Leach,Optimal,12.165592902762247
kharif,207,Greenhouse Gas emission,Optimal,11.363819805396304
kharif,207,Net return,Optimal,-222.5990970891378
kharif,207,Calorie,Optimal,-1.0386452111208342
kharif,207,Phosphorus application,Optimal,12.066647529006309
kharif,207,Nitrogen application,Optimal,11.478603289468042
kharif,207,Phosphorus Surplus,Optimal,15.740604933636817
kharif,207,Nitrogen Surplus,Optimal,16.86690763140713
kharif,207,Water Demand,Optimal,22.288366165115246
kharif,208,Nitrogen Emission,Optimal,19.0466994265465
kharif,208,Nitrogen Leach,Optimal,13.811954259735698
kharif,208,Greenhouse Gas emission,Optimal,10.304378542706392
kharif,208,Net return,Optimal,-220.2784101023301
kharif,208,Calorie,Optimal,-1.3054315716386844
kharif,208,Phosphorus application,Optimal,15.440180804115862
kharif,208,Nitrogen application,Optimal,12.679494642291766
kharif,208,Phosphorus Surplus,Optimal,19.818477053544107
kharif,208,Nitrogen Surplus,Optimal,18.416806551382777
kharif,208,Water Demand,Optimal,15.23581337467923
kharif,209,Nitrogen Emission,Optimal,17.21947528468044
kharif,209,Nitrogen Leach,Optimal,11.77349511968918
kharif,209,Greenhouse Gas emission,Optimal,11.230978640800526
kharif,209,Net return,Optimal,-255.44565230489357
kharif,209,Calorie,Optimal,-1.5895202892953721
kharif,209,Phosphorus application,Optimal,12.83310219982149
kharif,209,Nitrogen application,Optimal,11.173618120407271
kharif,209,Phosphorus Surplus,Optimal,16.79911711504943
kharif,209,Nitrogen Surplus,Optimal,16.50568258625777
kharif,209,Water Demand,Optimal,25.698762374885046
kharif,210,Nitrogen Emission,Optimal,17.732263647159936
kharif,210,Nitrogen Leach,Optimal,13.04107986018129
kharif,210,Greenhouse Gas emission,Optimal,10.43177469308791
kharif,210,Net return,Optimal,-259.2171670176691
kharif,210,Calorie,Optimal,-1.5004750587096014
kharif,210,Phosphorus application,Optimal,13.267476413392613
kharif,210,Nitrogen application,Optimal,11.686954558048248
kharif,210,Phosphorus Surplus,Optimal,17.21388048241517
kharif,210,Nitrogen Surplus,Optimal,17.1687788547776
kharif,210,Water Demand,Optimal,21.970982346755004
kharif,211,Nitrogen Emission,Optimal,18.912868988220215
kharif,211,Nitrogen Leach,Optimal,13.406295332051013
kharif,211,Greenhouse Gas emission,Optimal,10.796870755843452
kharif,211,Net return,Optimal,-222.94967962222415
kharif,211,Calorie,Optimal,-1.8825615382350391
kharif,211,Phosphorus application,Optimal,13.084032965546463
kharif,211,Nitrogen application,Optimal,12.42894685232656
kharif,211,Phosphorus Surplus,Optimal,17.154643433013376
kharif,211,Nitrogen Surplus,Optimal,18.324613746479148
kharif,211,Water Demand,Optimal,17.530468116205153
kharif,212,Nitrogen Emission,Optimal,18.589390811525835
kharif,212,Nitrogen Leach,Optimal,13.532194107734675
kharif,212,Greenhouse Gas emission,Optimal,10.977762679451242
kharif,212,Net return,Optimal,-237.0859174480904
kharif,212,Calorie,Optimal,-1.3239993908067007
kharif,212,Phosphorus application,Optimal,17.60336451208227
kharif,212,Nitrogen application,Optimal,12.223598274808069
kharif,212,Phosphorus Surplus,Optimal,22.429327520129153
kharif,212,Nitrogen Surplus,Optimal,17.893706493343366
kharif,212,Water Demand,Optimal,26.476490251879014
kharif,213,Nitrogen Emission,Optimal,17.082287249431236
kharif,213,Nitrogen Leach,Optimal,13.128037743652119
kharif,213,Greenhouse Gas emission,Optimal,9.89270958780042
kharif,213,Net return,Optimal,-264.3750869269196
kharif,213,Calorie,Optimal,-2.502638970185534
kharif,213,Phosphorus application,Optimal,13.061962214094011
kharif,213,Nitrogen application,Optimal,10.95725052943122
kharif,213,Phosphorus Surplus,Optimal,17.18606289686847
kharif,213,Nitrogen Surplus,Optimal,16.46534492124441
kharif,213,Water Demand,Optimal,25.882386204949256
kharif,214,Nitrogen Emission,Optimal,19.29686927730162
kharif,214,Nitrogen Leach,Optimal,14.538500591254765
kharif,214,Greenhouse Gas emission,Optimal,10.732567609429644
kharif,214,Net return,Optimal,-234.22430291657867
kharif,214,Calorie,Optimal,-1.5987482082279347
kharif,214,Phosphorus application,Optimal,11.534242320271472
kharif,214,Nitrogen application,Optimal,12.820164901022352
kharif,214,Phosphorus Surplus,Optimal,15.186017894873693
kharif,214,Nitrogen Surplus,Optimal,18.716875801168804
kharif,214,Water Demand,Optimal,14.545082749865264
kharif,215,Nitrogen Emission,Optimal,18.214488556158674
kharif,215,Nitrogen Leach,Optimal,13.851035925447482
kharif,215,Greenhouse Gas emission,Optimal,11.68032965773973
kharif,215,Net return,Optimal,-208.818245473993
kharif,215,Calorie,Optimal,-1.4559650345163517
kharif,215,Phosphorus application,Optimal,15.96857731746105
kharif,215,Nitrogen application,Optimal,11.970851431104371
kharif,215,Phosphorus Surplus,Optimal,20.540967735236432
kharif,215,Nitrogen Surplus,Optimal,17.629955715317607
kharif,215,Water Demand,Optimal,27.153506241780445
kharif,216,Nitrogen Emission,Optimal,16.87569865181791
kharif,216,Nitrogen Leach,Optimal,11.762414327114682
kharif,216,Greenhouse Gas emission,Optimal,10.721835945918997
kharif,216,Net return,Optimal,-252.30007811902786
kharif,216,Calorie,Optimal,-1.462513695454945
kharif,216,Phosphorus application,Optimal,12.272586809012994
kharif,216,Nitrogen application,Optimal,11.022712115946215
kharif,216,Phosphorus Surplus,Optimal,16.033418974229303
kharif,216,Nitrogen Surplus,Optimal,16.276525552574263
kharif,216,Water Demand,Optimal,14.810422931859536
kharif,217,Nitrogen Emission,Optimal,17.87568751872105
kharif,217,Nitrogen Leach,Optimal,14.244947363544995
kharif,217,Greenhouse Gas emission,Optimal,10.85900468328256
kharif,217,Net return,Optimal,-239.69276218244073
kharif,217,Calorie,Optimal,-1.566930179443303
kharif,217,Phosphorus application,Optimal,14.922478139890698
kharif,217,Nitrogen application,Optimal,12.009123670842587
kharif,217,Phosphorus Surplus,Optimal,19.25633093133936
kharif,217,Nitrogen Surplus,Optimal,17.511652481289843
kharif,217,Water Demand,Optimal,23.55234134875743
kharif,218,Nitrogen Emission,Optimal,17.435775040356486
kharif,218,Nitrogen Leach,Optimal,12.301408068249865
kharif,218,Greenhouse Gas emission,Optimal,11.11910418442042
kharif,218,Net return,Optimal,-185.82128618725568
kharif,218,Calorie,Optimal,-1.4881307797664705
kharif,218,Phosphorus application,Optimal,11.29573862704246
kharif,218,Nitrogen application,Optimal,11.399264843189869
kharif,218,Phosphorus Surplus,Optimal,14.823726362329259
kharif,218,Nitrogen Surplus,Optimal,16.857509828463463
kharif,218,Water Demand,Optimal,20.781989105191883
kharif,219,Nitrogen Emission,Optimal,18.5975277314194
kharif,219,Nitrogen Leach,Optimal,13.78967636802049
kharif,219,Greenhouse Gas emission,Optimal,10.8547639056605
kharif,219,Net return,Optimal,-233.38930713608332
kharif,219,Calorie,Optimal,-1.5602226195239122
kharif,219,Phosphorus application,Optimal,13.202852897596848
kharif,219,Nitrogen application,Optimal,12.399147580015255
kharif,219,Phosphorus Surplus,Optimal,17.121728287739305
kharif,219,Nitrogen Surplus,Optimal,17.998841607764895
kharif,219,Water Demand,Optimal,20.92911898770903
kharif,220,Nitrogen Emission,Optimal,18.200316270937336
kharif,220,Nitrogen Leach,Optimal,12.8231432306191
kharif,220,Greenhouse Gas emission,Optimal,11.27919096531599
kharif,220,Net return,Optimal,-218.79638306923607
kharif,220,Calorie,Optimal,-1.6937342592887756
kharif,220,Phosphorus application,Optimal,12.811663325246615
kharif,220,Nitrogen application,Optimal,11.90721191556984
kharif,220,Phosphorus Surplus,Optimal,16.75160844837562
kharif,220,Nitrogen Surplus,Optimal,17.52761507793316
kharif,220,Water Demand,Optimal,19.483557911285327
kharif,221,Nitrogen Emission,Optimal,17.347349801325866
kharif,221,Nitrogen Leach,Optimal,12.545743471289105
kharif,221,Greenhouse Gas emission,Optimal,11.337827161830866
kharif,221,Net return,Optimal,-219.35215905095168
kharif,221,Calorie,Optimal,-1.4199844536566462
kharif,221,Phosphorus application,Optimal,12.551629154593666
kharif,221,Nitrogen application,Optimal,11.371511405652983
kharif,221,Phosphorus Surplus,Optimal,16.37932225874427
kharif,221,Nitrogen Surplus,Optimal,16.79647365722068
kharif,221,Water Demand,Optimal,27.40480429048951
kharif,222,Nitrogen Emission,Optimal,18.20320682539304
kharif,222,Nitrogen Leach,Optimal,14.500592555656311
kharif,222,Greenhouse Gas emission,Optimal,10.52848837543291
kharif,222,Net return,Optimal,-260.45456470318226
kharif,222,Calorie,Optimal,-1.4405549302452512
kharif,222,Phosphorus application,Optimal,13.3939051473245
kharif,222,Nitrogen application,Optimal,12.160668209365816
kharif,222,Phosphorus Surplus,Optimal,17.36119416093297
kharif,222,Nitrogen Surplus,Optimal,17.79878627159549
kharif,222,Water Demand,Optimal,21.19786478326641
kharif,223,Nitrogen Emission,Optimal,18.48998509795058
kharif,223,Nitrogen Leach,Optimal,13.594969951394416
kharif,223,Greenhouse Gas emission,Optimal,9.917698450576925
kharif,223,Net return,Optimal,-185.96650444920473
kharif,223,Calorie,Optimal,-1.5562444165860667
kharif,223,Phosphorus application,Optimal,14.042698039133926
kharif,223,Nitrogen application,Optimal,12.201970557273688
kharif,223,Phosphorus Surplus,Optimal,18.17139523687735
kharif,223,Nitrogen Surplus,Optimal,17.851579048407885
kharif,223,Water Demand,Optimal,13.741983369431619
kharif,224,Nitrogen Emission,Optimal,17.717178728218816
kharif,224,Nitrogen Leach,Optimal,12.86166616822677
kharif,224,Greenhouse Gas emission,Optimal,10.687595277685187
kharif,224,Net return,Optimal,-255.19694911870891
kharif,224,Calorie,Optimal,-1.3843772996609989
kharif,224,Phosphorus application,Optimal,13.476321198049535
kharif,224,Nitrogen application,Optimal,11.760639785313234
kharif,224,Phosphorus Surplus,Optimal,17.46398149635455
kharif,224,Nitrogen Surplus,Optimal,17.16054410046271
kharif,224,Water Demand,Optimal,20.643603180349682
kharif,225,Nitrogen Emission,Optimal,18.142893270317025
kharif,225,Nitrogen Leach,Optimal,12.890934968091349
kharif,225,Greenhouse Gas emission,Optimal,11.10141187790277
kharif,225,Net return,Optimal,-243.21186583569744
kharif,225,Calorie,Optimal,-1.5687549574205024
kharif,225,Phosphorus application,Optimal,13.747594505975943
kharif,225,Nitrogen application,Optimal,11.891933200120487
kharif,225,Phosphorus Surplus,Optimal,17.88920812139431
kharif,225,Nitrogen Surplus,Optimal,17.547921283667826
kharif,225,Water Demand,Optimal,18.939134335766244
kharif,226,Nitrogen Emission,Optimal,17.4094496060855
kharif,226,Nitrogen Leach,Optimal,12.045760394059384
kharif,226,Greenhouse Gas emission,Optimal,11.443204988031756
kharif,226,Net return,Optimal,-177.5608276363278
kharif,226,Calorie,Optimal,-1.451556723852275
kharif,226,Phosphorus application,Optimal,13.45541398404672
kharif,226,Nitrogen application,Optimal,11.314409422993256
kharif,226,Phosphorus Surplus,Optimal,17.441406308047515
kharif,226,Nitrogen Surplus,Optimal,16.742591712674585
kharif,226,Water Demand,Optimal,24.445020486233847
kharif,227,Nitrogen Emission,Optimal,18.56542575734196
kharif,227,Nitrogen Leach,Optimal,13.725799294714804
kharif,227,Greenhouse Gas emission,Optimal,10.715781544378396
kharif,227,Net return,Optimal,-192.9758683086357
kharif,227,Calorie,Optimal,-1.5279983363662462
kharif,227,Phosphorus application,Optimal,14.41070173917692
kharif,227,Nitrogen application,Optimal,12.274232695225049
kharif,227,Phosphorus Surplus,Optimal,18.562455122900328
kharif,227,Nitrogen Surplus,Optimal,17.942857333517022
kharif,227,Water Demand,Optimal,21.096202929200913
kharif,228,Nitrogen Emission,Optimal,18.214791222778857
kharif,228,Nitrogen Leach,Optimal,12.804463551164044
kharif,228,Greenhouse Gas emission,Optimal,11.338161654712959
kharif,228,Net return,Optimal,-248.6645350636946
kharif,228,Calorie,Optimal,-1.403558771661329
kharif,228,Phosphorus application,Optimal,15.124338672880436
kharif,228,Nitrogen application,Optimal,12.034366976457934
kharif,228,Phosphorus Surplus,Optimal,19.504252577775723
kharif,228,Nitrogen Surplus,Optimal,17.623506364597148
kharif,228,Water Demand,Optimal,16.086694782155476
kharif,229,Nitrogen Emission,Optimal,18.273055051450577
kharif,229,Nitrogen Leach,Optimal,13.900513392487285
kharif,229,Greenhouse Gas emission,Optimal,11.46260872732257
kharif,229,Net return,Optimal,-251.15115171962972
kharif,229,Calorie,Optimal,-1.5743891639522982
kharif,229,Phosphorus application,Optimal,14.160476620188085
kharif,229,Nitrogen application,Optimal,12.166374151381108
kharif,229,Phosphorus Surplus,Optimal,18.317122298770403
kharif,229,Nitrogen Surplus,Optimal,17.75549431418704
kharif,229,Water Demand,Optimal,21.20532972628896
kharif,230,Nitrogen Emission,Optimal,19.148777619200295
kharif,230,Nitrogen Leach,Optimal,14.036362186136254
kharif,230,Greenhouse Gas emission,Optimal,10.559776178990461
kharif,230,Net return,Optimal,-249.78746214182883
kharif,230,Calorie,Optimal,-1.3379796335073944
kharif,230,Phosphorus application,Optimal,13.339717857559888
kharif,230,Nitrogen application,Optimal,12.734862173874202
kharif,230,Phosphorus Surplus,Optimal,17.256999565714175
kharif,230,Nitrogen Surplus,Optimal,18.473952429896727
kharif,230,Water Demand,Optimal,15.921534386675436
kharif,231,Nitrogen Emission,Optimal,16.376556550047955
kharif,231,Nitrogen Leach,Optimal,10.96751008970334
kharif,231,Greenhouse Gas emission,Optimal,11.032076258097998
kharif,231,Net return,Optimal,-192.51776370822037
kharif,231,Calorie,Optimal,-1.610695632145521
kharif,231,Phosphorus application,Optimal,13.243473998174503
kharif,231,Nitrogen application,Optimal,10.587883604442219
kharif,231,Phosphorus Surplus,Optimal,17.26145578963063
kharif,231,Nitrogen Surplus,Optimal,15.776509111120431
kharif,231,Water Demand,Optimal,27.266618535710517
kharif,232,Nitrogen Emission,Optimal,17.459103193472554
kharif,232,Nitrogen Leach,Optimal,13.221605297967097
kharif,232,Greenhouse Gas emission,Optimal,10.514781613273247
kharif,232,Net return,Optimal,-212.20467228849301
kharif,232,Calorie,Optimal,-1.5278173282518859
kharif,232,Phosphorus application,Optimal,10.88184370308353
kharif,232,Nitrogen application,Optimal,11.595106621021214
kharif,232,Phosphorus Surplus,Optimal,14.333440585680068
kharif,232,Nitrogen Surplus,Optimal,16.957484288851866
kharif,232,Water Demand,Optimal,24.30839412363408
kharif,233,Nitrogen Emission,Optimal,17.067664270340686
kharif,233,Nitrogen Leach,Optimal,12.709908892390498
kharif,233,Greenhouse Gas emission,Optimal,11.75447169075286
kharif,233,Net return,Optimal,-174.66537814315936
kharif,233,Calorie,Optimal,-1.7772867002801933
kharif,233,Phosphorus application,Optimal,13.75386160382457
kharif,233,Nitrogen application,Optimal,11.015779532316776
kharif,233,Phosphorus Surplus,Optimal,17.931913316035867
kharif,233,Nitrogen Surplus,Optimal,16.500984305876674
kharif,233,Water Demand,Optimal,23.72866828681052
kharif,234,Nitrogen Emission,Optimal,18.316743061137448
kharif,234,Nitrogen Leach,Optimal,14.38765462977934
kharif,234,Greenhouse Gas emission,Optimal,11.11192234514795
kharif,234,Net return,Optimal,-282.4308641565431
kharif,234,Calorie,Optimal,-1.5513941458876663
kharif,234,Phosphorus application,Optimal,11.977776668017942
kharif,234,Nitrogen application,Optimal,12.413635201524771
kharif,234,Phosphorus Surplus,Optimal,15.717962503160376
kharif,234,Nitrogen Surplus,Optimal,17.932863683751297
kharif,234,Water Demand,Optimal,19.72889781750275
kharif,235,Nitrogen Emission,Optimal,17.282027505201558
kharif,235,Nitrogen Leach,Optimal,12.790030920167984
kharif,235,Greenhouse Gas emission,Optimal,9.901424478240505
kharif,235,Net return,Optimal,-269.5732034986507
kharif,235,Calorie,Optimal,-1.931462945608992
kharif,235,Phosphorus application,Optimal,14.289186913813019
kharif,235,Nitrogen application,Optimal,11.304707206991164
kharif,235,Phosphorus Surplus,Optimal,18.53242511149946
kharif,235,Nitrogen Surplus,Optimal,16.702762397093153
kharif,235,Water Demand,Optimal,22.36671010736671
kharif,236,Nitrogen Emission,Optimal,16.454175641626627
kharif,236,Nitrogen Leach,Optimal,12.486268316812485
kharif,236,Greenhouse Gas emission,Optimal,11.481450043798775
kharif,236,Net return,Optimal,-245.14083931535077
kharif,236,Calorie,Optimal,-1.6595728769029272
kharif,236,Phosphorus application,Optimal,13.708076694796974
kharif,236,Nitrogen application,Optimal,10.655303301124182
kharif,236,Phosphorus Surplus,Optimal,17.88015472776059
kharif,236,Nitrogen Surplus,Optimal,15.926966448374381
kharif,236,Water Demand,Optimal,21.74083036413033
kharif,237,Nitrogen Emission,Optimal,18.54003085518616
kharif,237,Nitrogen Leach,Optimal,13.657594765707612
kharif,237,Greenhouse Gas emission,Optimal,11.942371671115357
kharif,237,Net return,Optimal,-198.47796064903184
kharif,237,Calorie,Optimal,-1.5866370165031018
kharif,237,Phosphorus application,Optimal,14.600307178313539
kharif,237,Nitrogen application,Optimal,12.235363996507695
kharif,237,Phosphorus Surplus,Optimal,18.950553871698812
kharif,237,Nitrogen Surplus,Optimal,18.03978379424713
kharif,237,Water Demand,Optimal,19.99226389064176
kharif,238,Nitrogen Emission,Optimal,16.58888502257035
kharif,238,Nitrogen Leach,Optimal,11.232449597642683
kharif,238,Greenhouse Gas emission,Optimal,9.701576861542597
kharif,238,Net return,Optimal,-198.82305970662023
kharif,238,Calorie,Optimal,-1.5815900509467404
kharif,238,Phosphorus application,Optimal,11.750374880031714
kharif,238,Nitrogen application,Optimal,10.922973030269377
kharif,238,Phosphorus Surplus,Optimal,15.400043191625041
kharif,238,Nitrogen Surplus,Optimal,16.06262296277934
kharif,238,Water Demand,Optimal,21.424514394921477
kharif,239,Nitrogen Emission,Optimal,16.217203258424714
kharif,239,Nitrogen Leach,Optimal,11.15548582827114
kharif,239,Greenhouse Gas emission,Optimal,11.254754346423216
kharif,239,Net return,Optimal,-237.83028605237166
kharif,239,Calorie,Optimal,-1.6638118168245613
kharif,239,Phosphorus application,Optimal,11.911188721200533
kharif,239,Nitrogen application,Optimal,10.426138555821122
kharif,239,Phosphorus Surplus,Optimal,15.676238695140537
kharif,239,Nitrogen Surplus,Optimal,15.538924153930003
kharif,239,Water Demand,Optimal,26.794730538261494
kharif,240,Nitrogen Emission,Optimal,17.118170358018798
kharif,240,Nitrogen Leach,Optimal,12.473205943622158
kharif,240,Greenhouse Gas emission,Optimal,11.517923917433862
kharif,240,Net return,Optimal,-204.03590314292276
kharif,240,Calorie,Optimal,-1.560096929788781
kharif,240,Phosphorus application,Optimal,11.71834271692396
kharif,240,Nitrogen application,Optimal,11.190648656901931
kharif,240,Phosphorus Surplus,Optimal,15.432816116563737
kharif,240,Nitrogen Surplus,Optimal,16.545605336293498
kharif,240,Water Demand,Optimal,22.84792994123933
kharif,241,Nitrogen Emission,Optimal,17.599076312078502
kharif,241,Nitrogen Leach,Optimal,12.13813990675176
kharif,241,Greenhouse Gas emission,Optimal,10.427966227018919
kharif,241,Net return,Optimal,-265.9137160175647
kharif,241,Calorie,Optimal,-1.8383282201481392
kharif,241,Phosphorus application,Optimal,12.031575440205412
kharif,241,Nitrogen application,Optimal,11.50310356509624
kharif,241,Phosphorus Surplus,Optimal,15.7578904739939
kharif,241,Nitrogen Surplus,Optimal,16.95542341447397
kharif,241,Water Demand,Optimal,22.002980128527074
kharif,242,Nitrogen Emission,Optimal,17.562386279117884
kharif,242,Nitrogen Leach,Optimal,12.467457048903466
kharif,242,Greenhouse Gas emission,Optimal,10.69862976589648
kharif,242,Net return,Optimal,-186.81425030929466
kharif,242,Calorie,Optimal,-1.4237207519716808
kharif,242,Phosphorus application,Optimal,12.177331448461727
kharif,242,Nitrogen application,Optimal,11.485653131419378
kharif,242,Phosphorus Surplus,Optimal,15.8943640674234
kharif,242,Nitrogen Surplus,Optimal,16.872803473906828
kharif,242,Water Demand,Optimal,19.946907415985
kharif,243,Nitrogen Emission,Optimal,18.60501914390232
kharif,243,Nitrogen Leach,Optimal,13.734025704111964
kharif,243,Greenhouse Gas emission,Optimal,9.003648585291506
kharif,243,Net return,Optimal,-248.8761809856022
kharif,243,Calorie,Optimal,-1.6295532158583723
kharif,243,Phosphorus application,Optimal,12.558358561351168
kharif,243,Nitrogen application,Optimal,12.321444142352183
kharif,243,Phosphorus Surplus,Optimal,16.32421052190134
kharif,243,Nitrogen Surplus,Optimal,18.007639495146638
kharif,243,Water Demand,Optimal,16.810097365138397
kharif,244,Nitrogen Emission,Optimal,18.489200756982022
kharif,244,Nitrogen Leach,Optimal,13.779713002631635
kharif,244,Greenhouse Gas emission,Optimal,10.577553071913501
kharif,244,Net return,Optimal,-217.2529200343978
kharif,244,Calorie,Optimal,-1.408972738109293
kharif,244,Phosphorus application,Optimal,12.889242941777747
kharif,244,Nitrogen application,Optimal,12.296106895918065
kharif,244,Phosphorus Surplus,Optimal,16.785217543100927
kharif,244,Nitrogen Surplus,Optimal,17.877557306659522
kharif,244,Water Demand,Optimal,15.81591209590777
kharif,245,Nitrogen Emission,Optimal,18.072526767041992
kharif,245,Nitrogen Leach,Optimal,14.508831229298037
kharif,245,Greenhouse Gas emission,Optimal,11.358025483969929
kharif,245,Net return,Optimal,-244.92184205010614
kharif,245,Calorie,Optimal,-1.5217777757088728
kharif,245,Phosphorus application,Optimal,13.191962214555813
kharif,245,Nitrogen application,Optimal,11.99316808659118
kharif,245,Phosphorus Surplus,Optimal,17.19398285904533
kharif,245,Nitrogen Surplus,Optimal,17.67970148641011
kharif,245,Water Demand,Optimal,24.759296691840095
kharif,246,Nitrogen Emission,Optimal,18.839959316916868
kharif,246,Nitrogen Leach,Optimal,13.830490284695607
kharif,246,Greenhouse Gas emission,Optimal,11.797190022261885
kharif,246,Net return,Optimal,-167.29258558324054
kharif,246,Calorie,Optimal,-1.4174498283798318
kharif,246,Phosphorus application,Optimal,14.562222171709594
kharif,246,Nitrogen application,Optimal,12.463807067609133
kharif,246,Phosphorus Surplus,Optimal,18.853809393501667
kharif,246,Nitrogen Surplus,Optimal,18.309475525927056
kharif,246,Water Demand,Optimal,18.920559069442206
kharif,247,Nitrogen Emission,Optimal,18.014948644126548
kharif,247,Nitrogen Leach,Optimal,13.73198521686046
kharif,247,Greenhouse Gas emission,Optimal,11.530871880229446
kharif,247,Net return,Optimal,-186.86682703642484
kharif,247,Calorie,Optimal,-1.6175315837481288
kharif,247,Phosphorus application,Optimal,12.557311356897939
kharif,247,Nitrogen application,Optimal,11.846364895976077
kharif,247,Phosphorus Surplus,Optimal,16.40396147185879
kharif,247,Nitrogen Surplus,Optimal,17.469614825977423
kharif,247,Water Demand,Optimal,26.239139272930117
kharif,248,Nitrogen Emission,Optimal,19.13289032378433
kharif,248,Nitrogen Leach,Optimal,15.200706206499952
kharif,248,Greenhouse Gas emission,Optimal,10.305016321025349
kharif,248,Net return,Optimal,-233.99305412571115
kharif,248,Calorie,Optimal,-1.4752629080787973
kharif,248,Phosphorus application,Optimal,13.336380265764111
kharif,248,Nitrogen application,Optimal,12.727814139456544
kharif,248,Phosphorus Surplus,Optimal,17.326307635451148
kharif,248,Nitrogen Surplus,Optimal,18.582994753366023
kharif,248,Water Demand,Optimal,13.63642859099579
kharif,249,Nitrogen Emission,Optimal,19.846334270454257
kharif,249,Nitrogen Leach,Optimal,16.154332525133363
kharif,249,Greenhouse Gas emission,Optimal,10.776168926330872
kharif,249,Net return,Optimal,-241.43013699724003
kharif,249,Calorie,Optimal,-1.914017406852843
kharif,249,Phosphorus application,Optimal,14.070754537481578
kharif,249,Nitrogen application,Optimal,13.187021037382895
kharif,249,Phosphorus Surplus,Optimal,18.261282764336276
kharif,249,Nitrogen Surplus,Optimal,19.248319020932705
kharif,249,Water Demand,Optimal,19.441663637251658
kharif,250,Nitrogen Emission,Optimal,17.84973375353618
kharif,250,Nitrogen Leach,Optimal,13.954574241166412
kharif,250,Greenhouse Gas emission,Optimal,10.325596155313887
kharif,250,Net return,Optimal,-198.5162022156209
kharif,250,Calorie,Optimal,-1.6464801636047615
kharif,250,Phosphorus application,Optimal,11.122840423539353
kharif,250,Nitrogen application,Optimal,11.793788938466436
kharif,250,Phosphorus Surplus,Optimal,14.65420490671457
kharif,250,Nitrogen Surplus,Optimal,17.27819348366207
kharif,250,Water Demand,Optimal,23.758751390224646
kharif,251,Nitrogen Emission,Optimal,18.89770266042489
kharif,251,Nitrogen Leach,Optimal,14.156833043676142
kharif,251,Greenhouse Gas emission,Optimal,11.426684363904037
kharif,251,Net return,Optimal,-221.34868401602338
kharif,251,Calorie,Optimal,-1.8156804345930233
kharif,251,Phosphorus application,Optimal,13.40634354589479
kharif,251,Nitrogen application,Optimal,12.432264843375052
kharif,251,Phosphorus Surplus,Optimal,17.542311459036934
kharif,251,Nitrogen Surplus,Optimal,18.290839314201122
kharif,251,Water Demand,Optimal,19.949917473879534
kharif,252,Nitrogen Emission,Optimal,19.88269145105497
kharif,252,Nitrogen Leach,Optimal,14.672463695062758
kharif,252,Greenhouse Gas emission,Optimal,10.833031108767125
kharif,252,Net return,Optimal,-256.97853411326594
kharif,252,Calorie,Optimal,-1.676073621685201
kharif,252,Phosphorus application,Optimal,15.23120816764462
kharif,252,Nitrogen application,Optimal,13.117268516837091
kharif,252,Phosphorus Surplus,Optimal,19.625929350009994
kharif,252,Nitrogen Surplus,Optimal,19.187995580272652
kharif,252,Water Demand,Optimal,20.025263355098936
kharif,253,Nitrogen Emission,Optimal,17.476577644234865
kharif,253,Nitrogen Leach,Optimal,11.697018797571555
kharif,253,Greenhouse Gas emission,Optimal,11.140924119453361
kharif,253,Net return,Optimal,-289.5080174514429
kharif,253,Calorie,Optimal,-1.7588487429507818
kharif,253,Phosphorus application,Optimal,12.169724578926736
kharif,253,Nitrogen application,Optimal,11.44647957915952
kharif,253,Phosphorus Surplus,Optimal,15.986140593693444
kharif,253,Nitrogen Surplus,Optimal,16.9103330965401
kharif,253,Water Demand,Optimal,21.56910676211135
kharif,254,Nitrogen Emission,Optimal,16.749765518114753
kharif,254,Nitrogen Leach,Optimal,11.565514648455334
kharif,254,Greenhouse Gas emission,Optimal,11.34622545101168
kharif,254,Net return,Optimal,-240.5635197602374
kharif,254,Calorie,Optimal,-1.3697770172471893
kharif,254,Phosphorus application,Optimal,11.628756037758889
kharif,254,Nitrogen application,Optimal,10.886633669269164
kharif,254,Phosphorus Surplus,Optimal,15.257411495465977
kharif,254,Nitrogen Surplus,Optimal,16.13829599300843
kharif,254,Water Demand,Optimal,21.20667101182429
kharif,255,Nitrogen Emission,Optimal,16.2045615936175
kharif,255,Nitrogen Leach,Optimal,10.520649882483845
kharif,255,Greenhouse Gas emission,Optimal,10.601227437554428
kharif,255,Net return,Optimal,-293.34450278336095
kharif,255,Calorie,Optimal,-1.3314700260494923
kharif,255,Phosphorus application,Optimal,11.550705723851463
kharif,255,Nitrogen application,Optimal,10.568568872044029
kharif,255,Phosphorus Surplus,Optimal,15.086407462070241
kharif,255,Nitrogen Surplus,Optimal,15.608730625301721
kharif,255,Water Demand,Optimal,24.278577756616976
kharif,256,Nitrogen Emission,Optimal,16.894603969778352
kharif,256,Nitrogen Leach,Optimal,12.526571487481814
kharif,256,Greenhouse Gas emission,Optimal,11.104077158148343
kharif,256,Net return,Optimal,-229.28692633534916
kharif,256,Calorie,Optimal,-1.6123461130272834
kharif,256,Phosphorus application,Optimal,12.48460530105019
kharif,256,Nitrogen application,Optimal,11.018586438473553
kharif,256,Phosphorus Surplus,Optimal,16.304721974574637
kharif,256,Nitrogen Surplus,Optimal,16.276693510034526
kharif,256,Water Demand,Optimal,18.21108191488794
kharif,257,Nitrogen Emission,Optimal,18.602328625472847
kharif,257,Nitrogen Leach,Optimal,14.88104288955412
kharif,257,Greenhouse Gas emission,Optimal,10.058016234140736
kharif,257,Net return,Optimal,-220.48510399920556
kharif,257,Calorie,Optimal,-1.6656779930885246
kharif,257,Phosphorus application,Optimal,12.946049024749039
kharif,257,Nitrogen application,Optimal,12.433920884245042
kharif,257,Phosphorus Surplus,Optimal,16.898094045115048
kharif,257,Nitrogen Surplus,Optimal,18.192094359819833
kharif,257,Water Demand,Optimal,22.609975411785225
kharif,258,Nitrogen Emission,Optimal,19.033067844710814
kharif,258,Nitrogen Leach,Optimal,14.000376620932283
kharif,258,Greenhouse Gas emission,Optimal,11.286446727787672
kharif,258,Net return,Optimal,-240.03814943647694
kharif,258,Calorie,Optimal,-1.5792156915833901
kharif,258,Phosphorus application,Optimal,15.069661898092077
kharif,258,Nitrogen application,Optimal,12.612571588053358
kharif,258,Phosphorus Surplus,Optimal,19.46419402527252
kharif,258,Nitrogen Surplus,Optimal,18.45065502877279
kharif,258,Water Demand,Optimal,20.065041186920602
kharif,259,Nitrogen Emission,Optimal,17.354236296452694
kharif,259,Nitrogen Leach,Optimal,11.493964659680547
kharif,259,Greenhouse Gas emission,Optimal,10.97528600456628
kharif,259,Net return,Optimal,-239.70321725631533
kharif,259,Calorie,Optimal,-1.7068013667316515
kharif,259,Phosphorus application,Optimal,12.191951401443612
kharif,259,Nitrogen application,Optimal,11.19674353165825
kharif,259,Phosphorus Surplus,Optimal,15.991863200517157
kharif,259,Nitrogen Surplus,Optimal,16.628033800490083
kharif,259,Water Demand,Optimal,25.33831192941658
kharif,260,Nitrogen Emission,Optimal,17.69936992276442
kharif,260,Nitrogen Leach,Optimal,13.801648025877775
kharif,260,Greenhouse Gas emission,Optimal,10.470419149180373
kharif,260,Net return,Optimal,-231.36874287713204
kharif,260,Calorie,Optimal,-1.6927475967994368
kharif,260,Phosphorus application,Optimal,11.020127573294111
kharif,260,Nitrogen application,Optimal,11.758558557753982
kharif,260,Phosphorus Surplus,Optimal,14.537315622532
kharif,260,Nitrogen Surplus,Optimal,17.19645198244056
kharif,260,Water Demand,Optimal,24.611651267433057
kharif,261,Nitrogen Emission,Optimal,19.111017231480215
kharif,261,Nitrogen Leach,Optimal,13.240042735119438
kharif,261,Greenhouse Gas emission,Optimal,11.86723369537574
kharif,261,Net return,Optimal,-202.60207356734645
kharif,261,Calorie,Optimal,-1.6266137372914364
kharif,261,Phosphorus application,Optimal,13.277594627197814
kharif,261,Nitrogen application,Optimal,12.489564872262148
kharif,261,Phosphorus Surplus,Optimal,17.338252028228023
kharif,261,Nitrogen Surplus,Optimal,18.407777030270097
kharif,261,Water Demand,Optimal,24.413203112124485
kharif,262,Nitrogen Emission,Optimal,18.445257151640668
kharif,262,Nitrogen Leach,Optimal,12.695987866851668
kharif,262,Greenhouse Gas emission,Optimal,10.168230904991079
kharif,262,Net return,Optimal,-216.64773343145828
kharif,262,Calorie,Optimal,-1.5860586499762916
kharif,262,Phosphorus application,Optimal,11.587032822663037
kharif,262,Nitrogen application,Optimal,12.199311983609915
kharif,262,Phosphorus Surplus,Optimal,15.220756093328287
kharif,262,Nitrogen Surplus,Optimal,17.837925166506395
kharif,262,Water Demand,Optimal,24.68713186487412
kharif,263,Nitrogen Emission,Optimal,17.751939965780966
kharif,263,Nitrogen Leach,Optimal,11.822667081642413
kharif,263,Greenhouse Gas emission,Optimal,10.828750432243734
kharif,263,Net return,Optimal,-259.88152674846805
kharif,263,Calorie,Optimal,-1.4667819801279613
kharif,263,Phosphorus application,Optimal,14.92377317139644
kharif,263,Nitrogen application,Optimal,11.77081613525223
kharif,263,Phosphorus Surplus,Optimal,19.248021459546262
kharif,263,Nitrogen Surplus,Optimal,17.296871240352495
kharif,263,Water Demand,Optimal,10.983883305967469
kharif,264,Nitrogen Emission,Optimal,18.255234226302615
kharif,264,Nitrogen Leach,Optimal,13.097000681267577
kharif,264,Greenhouse Gas emission,Optimal,11.212608279882678
kharif,264,Net return,Optimal,-309.2982459481911
kharif,264,Calorie,Optimal,-1.6692490350223983
kharif,264,Phosphorus application,Optimal,13.065877873084238
kharif,264,Nitrogen application,Optimal,12.04288870717015
kharif,264,Phosphorus Surplus,Optimal,17.03509175819478
kharif,264,Nitrogen Surplus,Optimal,17.64288706179766
kharif,264,Water Demand,Optimal,17.019954920252502
kharif,265,Nitrogen Emission,Optimal,18.624868367418927
kharif,265,Nitrogen Leach,Optimal,14.310922019001481
kharif,265,Greenhouse Gas emission,Optimal,11.6665562803319
kharif,265,Net return,Optimal,-219.48262640844766
kharif,265,Calorie,Optimal,-1.8912031915216696
kharif,265,Phosphorus application,Optimal,14.220878859761125
kharif,265,Nitrogen application,Optimal,12.405733455707521
kharif,265,Phosphorus Surplus,Optimal,18.513746611507226
kharif,265,Nitrogen Surplus,Optimal,18.1740448852198
kharif,265,Water Demand,Optimal,24.89630003845401
kharif,266,Nitrogen Emission,Optimal,18.674356979535766
kharif,266,Nitrogen Leach,Optimal,14.28753158937746
kharif,266,Greenhouse Gas emission,Optimal,11.446367304309561
kharif,266,Net return,Optimal,-261.9575735035406
kharif,266,Calorie,Optimal,-1.3919053150402154
kharif,266,Phosphorus application,Optimal,13.358647446093396
kharif,266,Nitrogen application,Optimal,12.25669563069702
kharif,266,Phosphorus Surplus,Optimal,17.408957296892805
kharif,266,Nitrogen Surplus,Optimal,18.00810751056466
kharif,266,Water Demand,Optimal,25.725626724482787
kharif,267,Nitrogen Emission,Optimal,17.20991950156069
kharif,267,Nitrogen Leach,Optimal,12.672392469692527
kharif,267,Greenhouse Gas emission,Optimal,10.046980528906074
kharif,267,Net return,Optimal,-228.98128591741488
kharif,267,Calorie,Optimal,-1.865659234632452
kharif,267,Phosphorus application,Optimal,12.397478552580683
kharif,267,Nitrogen application,Optimal,11.364543514639337
kharif,267,Phosphorus Surplus,Optimal,16.21466014944105
kharif,267,Nitrogen Surplus,Optimal,16.73620702884217
kharif,267,Water Demand,Optimal,21.46146926067409
kharif,268,Nitrogen Emission,Optimal,17.012763910786912
kharif,268,Nitrogen Leach,Optimal,12.626293702928217
kharif,268,Greenhouse Gas emission,Optimal,11.007458855899062
kharif,268,Net return,Optimal,-240.48064244471095
kharif,268,Calorie,Optimal,-1.3968768464425403
kharif,268,Phosphorus application,Optimal,16.33324479479568
kharif,268,Nitrogen application,Optimal,11.171825662350688
kharif,268,Phosphorus Surplus,Optimal,20.918023347752825
kharif,268,Nitrogen Surplus,Optimal,16.4402242700781
kharif,268,Water Demand,Optimal,17.320859737354752
kharif,269,Nitrogen Emission,Optimal,18.093942389999683
kharif,269,Nitrogen Leach,Optimal,14.291570857169013
kharif,269,Greenhouse Gas emission,Optimal,11.899447674524184
kharif,269,Net return,Optimal,-280.78475850108134
kharif,269,Calorie,Optimal,-1.6535640636495783
kharif,269,Phosphorus application,Optimal,15.741478737441168
kharif,269,Nitrogen application,Optimal,11.845544573937978
kharif,269,Phosphorus Surplus,Optimal,20.2680718022907
kharif,269,Nitrogen Surplus,Optimal,17.453818079402364
kharif,269,Water Demand,Optimal,23.010316287287655
kharif,270,Nitrogen Emission,Optimal,17.923603980337504
kharif,270,Nitrogen Leach,Optimal,12.5506763082239
kharif,270,Greenhouse Gas emission,Optimal,10.284791047489955
kharif,270,Net return,Optimal,-253.3466381066246
kharif,270,Calorie,Optimal,-1.6043266276113393
kharif,270,Phosphorus application,Optimal,13.954717609178939
kharif,270,Nitrogen application,Optimal,11.805635070946913
kharif,270,Phosphorus Surplus,Optimal,18.060170323703773
kharif,270,Nitrogen Surplus,Optimal,17.336647466429035
kharif,270,Water Demand,Optimal,23.43257072857462
kharif,271,Nitrogen Emission,Optimal,18.04748587690655
kharif,271,Nitrogen Leach,Optimal,13.037177244223745
kharif,271,Greenhouse Gas emission,Optimal,10.294511182817487
kharif,271,Net return,Optimal,-234.7801248934431
kharif,271,Calorie,Optimal,-1.6557074422108273
kharif,271,Phosphorus application,Optimal,11.587575423324413
kharif,271,Nitrogen application,Optimal,11.865481712699596
kharif,271,Phosphorus Surplus,Optimal,15.222604067507117
kharif,271,Nitrogen Surplus,Optimal,17.425005176176064
kharif,271,Water Demand,Optimal,17.729031321401045
kharif,272,Nitrogen Emission,Optimal,18.851588999887525
kharif,272,Nitrogen Leach,Optimal,13.613862609480858
kharif,272,Greenhouse Gas emission,Optimal,10.300224205310554
kharif,272,Net return,Optimal,-252.2641927981289
kharif,272,Calorie,Optimal,-1.5881010406296703
kharif,272,Phosphorus application,Optimal,12.202530818522266
kharif,272,Nitrogen application,Optimal,12.552376722595378
kharif,272,Phosphorus Surplus,Optimal,15.91629757137015
kharif,272,Nitrogen Surplus,Optimal,18.29341493784633
kharif,272,Water Demand,Optimal,22.456306395072392
kharif,273,Nitrogen Emission,Optimal,18.12405322172374
kharif,273,Nitrogen Leach,Optimal,13.232058337997254
kharif,273,Greenhouse Gas emission,Optimal,10.784502381284614
kharif,273,Net return,Optimal,-146.7603152579074
kharif,273,Calorie,Optimal,-1.328660987133272
kharif,273,Phosphorus application,Optimal,15.917407829489074
kharif,273,Nitrogen application,Optimal,11.895370585314039
kharif,273,Phosphorus Surplus,Optimal,20.458025038038745
kharif,273,Nitrogen Surplus,Optimal,17.529708436062215
kharif,273,Water Demand,Optimal,23.058093674337854
kharif,274,Nitrogen Emission,Optimal,17.898236203958326
kharif,274,Nitrogen Leach,Optimal,11.876351956224397
kharif,274,Greenhouse Gas emission,Optimal,11.68134608530798
kharif,274,Net return,Optimal,-243.53817287678604
kharif,274,Calorie,Optimal,-1.6455928509370281
kharif,274,Phosphorus application,Optimal,13.529499038280774
kharif,274,Nitrogen application,Optimal,11.729967091221209
kharif,274,Phosphorus Surplus,Optimal,17.62781881817767
kharif,274,Nitrogen Surplus,Optimal,17.311446858227733
kharif,274,Water Demand,Optimal,21.90821091499472
kharif,275,Nitrogen Emission,Optimal,18.987324409326582
kharif,275,Nitrogen Leach,Optimal,13.198805839031477
kharif,275,Greenhouse Gas emission,Optimal,11.537689086112694
kharif,275,Net return,Optimal,-232.33578318882263
kharif,275,Calorie,Optimal,-1.529444004694964
kharif,275,Phosphorus application,Optimal,14.526053665892826
kharif,275,Nitrogen application,Optimal,12.59048246141215
kharif,275,Phosphorus Surplus,Optimal,18.810824660946988
kharif,275,Nitrogen Surplus,Optimal,18.426957920231835
kharif,275,Water Demand,Optimal,22.552077457580243
kharif,276,Nitrogen Emission,Optimal,17.44581277179693
kharif,276,Nitrogen Leach,Optimal,12.599679496360846
kharif,276,Greenhouse Gas emission,Optimal,9.991454395971445
kharif,276,Net return,Optimal,-207.68911497285092
kharif,276,Calorie,Optimal,-1.5775509076928078
kharif,276,Phosphorus application,Optimal,15.870598598338463
kharif,276,Nitrogen application,Optimal,11.372271469279275
kharif,276,Phosphorus Surplus,Optimal,20.332889791287084
kharif,276,Nitrogen Surplus,Optimal,16.774702798479762
kharif,276,Water Demand,Optimal,24.525395532709894
kharif,277,Nitrogen Emission,Optimal,18.67910807324174
kharif,277,Nitrogen Leach,Optimal,13.791203253228876
kharif,277,Greenhouse Gas emission,Optimal,10.80889410392099
kharif,277,Net return,Optimal,-285.8879746715997
kharif,277,Calorie,Optimal,-1.5861638592035585
kharif,277,Phosphorus application,Optimal,15.049888101509712
kharif,277,Nitrogen application,Optimal,12.458717089881807
kharif,277,Phosphorus Surplus,Optimal,19.420690715530373
kharif,277,Nitrogen Surplus,Optimal,18.192347322006196
kharif,277,Water Demand,Optimal,26.304124526868783
kharif,278,Nitrogen Emission,Optimal,18.636594593421638
kharif,278,Nitrogen Leach,Optimal,12.980826743276603
kharif,278,Greenhouse Gas emission,Optimal,10.46422622844666
kharif,278,Net return,Optimal,-236.4735488045643
kharif,278,Calorie,Optimal,-1.053588134805281
kharif,278,Phosphorus application,Optimal,12.900052202620016
kharif,278,Nitrogen application,Optimal,12.4069086941612
kharif,278,Phosphorus Surplus,Optimal,16.681817321284406
kharif,278,Nitrogen Surplus,Optimal,17.99768692735228
kharif,278,Water Demand,Optimal,22.353128447192134
kharif,279,Nitrogen Emission,Optimal,16.95090527387854
kharif,279,Nitrogen Leach,Optimal,11.391700862525909
kharif,279,Greenhouse Gas emission,Optimal,10.529318846281678
kharif,279,Net return,Optimal,-261.4743534872232
kharif,279,Calorie,Optimal,-1.3450523759550286
kharif,279,Phosphorus application,Optimal,13.675444591853667
kharif,279,Nitrogen application,Optimal,11.087840670497188
kharif,279,Phosphorus Surplus,Optimal,17.711953489870982
kharif,279,Nitrogen Surplus,Optimal,16.30777968877682
kharif,279,Water Demand,Optimal,17.335575540787588
kharif,280,Nitrogen Emission,Optimal,19.423005343147903
kharif,280,Nitrogen Leach,Optimal,14.131051087384423
kharif,280,Greenhouse Gas emission,Optimal,11.048150855196386
kharif,280,Net return,Optimal,-274.12288519403273
kharif,280,Calorie,Optimal,-1.4445835661619784
kharif,280,Phosphorus application,Optimal,13.794254844647744
kharif,280,Nitrogen application,Optimal,12.880742977033938
kharif,280,Phosphorus Surplus,Optimal,17.880581884877977
kharif,280,Nitrogen Surplus,Optimal,18.82939893238077
kharif,280,Water Demand,Optimal,20.66652621918429
kharif,281,Nitrogen Emission,Optimal,18.909396463742574
kharif,281,Nitrogen Leach,Optimal,14.3204497617937
kharif,281,Greenhouse Gas emission,Optimal,11.79477001436742
kharif,281,Net return,Optimal,-172.22334656554662
kharif,281,Calorie,Optimal,-1.5808373243356764
kharif,281,Phosphorus application,Optimal,10.710911039172382
kharif,281,Nitrogen application,Optimal,12.497821885141851
kharif,281,Phosphorus Surplus,Optimal,14.219332676426333
kharif,281,Nitrogen Surplus,Optimal,18.336476185625845
kharif,281,Water Demand,Optimal,18.53066971280887
kharif,282,Nitrogen Emission,Optimal,17.557815769500554
kharif,282,Nitrogen Leach,Optimal,12.435726421920311
kharif,282,Greenhouse Gas emission,Optimal,11.639749799839668
kharif,282,Net return,Optimal,-233.02090966038588
kharif,282,Calorie,Optimal,-1.469484619598893
kharif,282,Phosphorus application,Optimal,12.953110497239631
kharif,282,Nitrogen application,Optimal,11.531313784784373
kharif,282,Phosphorus Surplus,Optimal,16.891145008863578
kharif,282,Nitrogen Surplus,Optimal,16.91610803942331
kharif,282,Water Demand,Optimal,24.82236588889342
kharif,283,Nitrogen Emission,Optimal,17.134319503565028
kharif,283,Nitrogen Leach,Optimal,12.457832506132897
kharif,283,Greenhouse Gas emission,Optimal,11.285651166039031
kharif,283,Net return,Optimal,-229.48582029937552
kharif,283,Calorie,Optimal,-1.7056176648959223
kharif,283,Phosphorus application,Optimal,12.935343909680553
kharif,283,Nitrogen application,Optimal,11.0734438391704
kharif,283,Phosphorus Surplus,Optimal,16.92797014834049
kharif,283,Nitrogen Surplus,Optimal,16.51233015542543
kharif,283,Water Demand,Optimal,24.746458073749917
kharif,284,Nitrogen Emission,Optimal,19.268942768561878
kharif,284,Nitrogen Leach,Optimal,14.303002616799949
kharif,284,Greenhouse Gas emission,Optimal,11.332889181775514
kharif,284,Net return,Optimal,-202.58429916820447
kharif,284,Calorie,Optimal,-1.4095816646804313
kharif,284,Phosphorus application,Optimal,13.998601875050209
kharif,284,Nitrogen application,Optimal,12.676000943334513
kharif,284,Phosphorus Surplus,Optimal,18.11087134401058
kharif,284,Nitrogen Surplus,Optimal,18.597797190118257
kharif,284,Water Demand,Optimal,17.439033080283853
kharif,285,Nitrogen Emission,Optimal,17.795724433739057
kharif,285,Nitrogen Leach,Optimal,13.984417562671641
kharif,285,Greenhouse Gas emission,Optimal,10.901645327522818
kharif,285,Net return,Optimal,-240.19194346165403
kharif,285,Calorie,Optimal,-1.455636967308345
kharif,285,Phosphorus application,Optimal,14.203951403661804
kharif,285,Nitrogen application,Optimal,11.8481267567282
kharif,285,Phosphorus Surplus,Optimal,18.38530133679375
kharif,285,Nitrogen Surplus,Optimal,17.380399924119878
kharif,285,Water Demand,Optimal,25.45998828178544
kharif,286,Nitrogen Emission,Optimal,17.060567074650347
kharif,286,Nitrogen Leach,Optimal,12.038518084390804
kharif,286,Greenhouse Gas emission,Optimal,11.217181625401928
kharif,286,Net return,Optimal,-217.86256694082445
kharif,286,Calorie,Optimal,-1.7767695861378128
kharif,286,Phosphorus application,Optimal,12.985389980909453
kharif,286,Nitrogen application,Optimal,11.134334420661034
kharif,286,Phosphorus Surplus,Optimal,16.96914795350788
kharif,286,Nitrogen Surplus,Optimal,16.54781461863984
kharif,286,Water Demand,Optimal,24.867623885457075
kharif,287,Nitrogen Emission,Optimal,18.275922472953415
kharif,287,Nitrogen Leach,Optimal,13.416434287921332
kharif,287,Greenhouse Gas emission,Optimal,10.876035181273942
kharif,287,Net return,Optimal,-207.47439468633868
kharif,287,Calorie,Optimal,-1.4741347779081344
kharif,287,Phosphorus application,Optimal,14.50530671305488
kharif,287,Nitrogen application,Optimal,12.11290879927514
kharif,287,Phosphorus Surplus,Optimal,18.728343305591103
kharif,287,Nitrogen Surplus,Optimal,17.701918670397855
kharif,287,Water Demand,Optimal,19.889805074979243
kharif,288,Nitrogen Emission,Optimal,18.43273375762357
kharif,288,Nitrogen Leach,Optimal,13.94215171898389
kharif,288,Greenhouse Gas emission,Optimal,10.942536686133012
kharif,288,Net return,Optimal,-271.0967142928773
kharif,288,Calorie,Optimal,-1.3579810350592871
kharif,288,Phosphorus application,Optimal,14.029672306722938
kharif,288,Nitrogen application,Optimal,12.303881084310126
kharif,288,Phosphorus Surplus,Optimal,18.145208051094215
kharif,288,Nitrogen Surplus,Optimal,17.901519181694926
kharif,288,Water Demand,Optimal,22.73854880229492
kharif,289,Nitrogen Emission,Optimal,17.59821374910202
kharif,289,Nitrogen Leach,Optimal,12.078081174356376
kharif,289,Greenhouse Gas emission,Optimal,10.52548994167933
kharif,289,Net return,Optimal,-260.0128513788708
kharif,289,Calorie,Optimal,-1.7182491149563817
kharif,289,Phosphorus application,Optimal,12.227620463009789
kharif,289,Nitrogen application,Optimal,11.398867953329642
kharif,289,Phosphorus Surplus,Optimal,16.020233729931842
kharif,289,Nitrogen Surplus,Optimal,16.821559798286618
kharif,289,Water Demand,Optimal,19.077205412746192
kharif,290,Nitrogen Emission,Optimal,16.87338720904603
kharif,290,Nitrogen Leach,Optimal,11.46539064836074
kharif,290,Greenhouse Gas emission,Optimal,11.927141085600653
kharif,290,Net return,Optimal,-251.06035375847904
kharif,290,Calorie,Optimal,-1.555060584677875
kharif,290,Phosphorus application,Optimal,10.12464392881132
kharif,290,Nitrogen application,Optimal,10.837732249229683
kharif,290,Phosphorus Surplus,Optimal,13.535923192645749
kharif,290,Nitrogen Surplus,Optimal,16.185250138742393
kharif,290,Water Demand,Optimal,24.407379893236534
kharif,291,Nitrogen Emission,Optimal,19.241744299585363
kharif,291,Nitrogen Leach,Optimal,14.76448459187317
kharif,291,Greenhouse Gas emission,Optimal,11.141215357249383
kharif,291,Net return,Optimal,-239.75197774664392
kharif,291,Calorie,Optimal,-1.655445380653742
kharif,291,Phosphorus application,Optimal,13.384108820289631
kharif,291,Nitrogen application,Optimal,12.802716996705856
kharif,291,Phosphorus Surplus,Optimal,17.433807713127365
kharif,291,Nitrogen Surplus,Optimal,18.735679934379203
kharif,291,Water Demand,Optimal,24.74729344772047
kharif,292,Nitrogen Emission,Optimal,16.933207894269824
kharif,292,Nitrogen Leach,Optimal,12.805796784120444
kharif,292,Greenhouse Gas emission,Optimal,10.558636321810933
kharif,292,Net return,Optimal,-244.55457470380102
kharif,292,Calorie,Optimal,-1.735839239739886
kharif,292,Phosphorus application,Optimal,12.248512069378027
kharif,292,Nitrogen application,Optimal,11.022392719373878
kharif,292,Phosphorus Surplus,Optimal,16.006958080944123
kharif,292,Nitrogen Surplus,Optimal,16.31351765060593
kharif,292,Water Demand,Optimal,23.771642461605982
kharif,293,Nitrogen Emission,Optimal,18.1644086587978
kharif,293,Nitrogen Leach,Optimal,14.041863480725064
kharif,293,Greenhouse Gas emission,Optimal,11.093661922968753
kharif,293,Net return,Optimal,-152.24498081682128
kharif,293,Calorie,Optimal,-1.6165715952395945
kharif,293,Phosphorus application,Optimal,13.341097633613217
kharif,293,Nitrogen application,Optimal,11.85267875533213
kharif,293,Phosphorus Surplus,Optimal,17.379122662361077
kharif,293,Nitrogen Surplus,Optimal,17.556395860930955
kharif,293,Water Demand,Optimal,18.597370804511392
kharif,294,Nitrogen Emission,Optimal,17.53441274099272
kharif,294,Nitrogen Leach,Optimal,13.522525364165638
kharif,294,Greenhouse Gas emission,Optimal,10.7350592152092
kharif,294,Net return,Optimal,-280.7178632595427
kharif,294,Calorie,Optimal,-1.4657164963556328
kharif,294,Phosphorus application,Optimal,12.80759947886014
kharif,294,Nitrogen application,Optimal,11.556427049463174
kharif,294,Phosphorus Surplus,Optimal,16.678754260106217
kharif,294,Nitrogen Surplus,Optimal,16.934867875805487
kharif,294,Water Demand,Optimal,21.722628881282684
kharif,295,Nitrogen Emission,Optimal,16.94092421916105
kharif,295,Nitrogen Leach,Optimal,12.039690411358169
kharif,295,Greenhouse Gas emission,Optimal,11.35514204705461
kharif,295,Net return,Optimal,-184.0809115659874
kharif,295,Calorie,Optimal,-1.4544927903818836
kharif,295,Phosphorus application,Optimal,11.171709080760781
kharif,295,Nitrogen application,Optimal,11.18430822129082
kharif,295,Phosphorus Surplus,Optimal,14.76554137958369
kharif,295,Nitrogen Surplus,Optimal,16.49461800530585
kharif,295,Water Demand,Optimal,24.676365407820814
kharif,296,Nitrogen Emission,Optimal,17.375071404029544
kharif,296,Nitrogen Leach,Optimal,12.75936730398303
kharif,296,Greenhouse Gas emission,Optimal,11.05517351344543
kharif,296,Net return,Optimal,-216.70474239257786
kharif,296,Calorie,Optimal,-1.4991235576823054
kharif,296,Phosphorus application,Optimal,11.457695136418236
kharif,296,Nitrogen application,Optimal,11.41824908238953
kharif,296,Phosphorus Surplus,Optimal,15.056729212560075
kharif,296,Nitrogen Surplus,Optimal,16.846605375480895
kharif,296,Water Demand,Optimal,22.59809053607291
kharif,297,Nitrogen Emission,Optimal,17.791270151943863
kharif,297,Nitrogen Leach,Optimal,12.97333758572205
kharif,297,Greenhouse Gas emission,Optimal,11.466811356882202
kharif,297,Net return,Optimal,-218.7514433032602
kharif,297,Calorie,Optimal,-1.4916442548609596
kharif,297,Phosphorus application,Optimal,14.027380298592465
kharif,297,Nitrogen application,Optimal,11.649779348876137
kharif,297,Phosphorus Surplus,Optimal,18.156960809689885
kharif,297,Nitrogen Surplus,Optimal,17.205549745385863
kharif,297,Water Demand,Optimal,18.910492648070072
kharif,298,Nitrogen Emission,Optimal,18.195405594507722
kharif,298,Nitrogen Leach,Optimal,13.210950354423556
kharif,298,Greenhouse Gas emission,Optimal,10.738350330461953
kharif,298,Net return,Optimal,-259.50912949923287
kharif,298,Calorie,Optimal,-1.6339228548666178
kharif,298,Phosphorus application,Optimal,12.899059415237392
kharif,298,Nitrogen application,Optimal,11.924919044098651
kharif,298,Phosphorus Surplus,Optimal,16.801942632694193
kharif,298,Nitrogen Surplus,Optimal,17.53616884470114
kharif,298,Water Demand,Optimal,21.530354551049165
kharif,299,Nitrogen Emission,Optimal,17.168637575305876
kharif,299,Nitrogen Leach,Optimal,12.02052411064635
kharif,299,Greenhouse Gas emission,Optimal,10.146759301686725
kharif,299,Net return,Optimal,-228.98330900592518
kharif,299,Calorie,Optimal,-1.6498666503761403
kharif,299,Phosphorus application,Optimal,12.55265374877759
kharif,299,Nitrogen application,Optimal,11.188699825536496
kharif,299,Phosphorus Surplus,Optimal,16.40726349118886
kharif,299,Nitrogen Surplus,Optimal,16.580896916856155
kharif,299,Water Demand,Optimal,24.281849778560407
kharif,300,Nitrogen Emission,Optimal,18.23061060264059
kharif,300,Nitrogen Leach,Optimal,12.009710015271928
kharif,300,Greenhouse Gas emission,Optimal,10.930108950307819
kharif,300,Net return,Optimal,-242.41790033794848
kharif,300,Calorie,Optimal,-1.5514294233382282
kharif,300,Phosphorus application,Optimal,13.612844187177604
kharif,300,Nitrogen application,Optimal,12.00983017139471
kharif,300,Phosphorus Surplus,Optimal,17.701099739468354
kharif,300,Nitrogen Surplus,Optimal,17.617780693740297
kharif,300,Water Demand,Optimal,12.600235503515025
kharif,301,Nitrogen Emission,Optimal,18.805583143964252
kharif,301,Nitrogen Leach,Optimal,14.796635840177514
kharif,301,Greenhouse Gas emission,Optimal,10.401717568670927
kharif,301,Net return,Optimal,-235.31322553940143
kharif,301,Calorie,Optimal,-1.2740543184694442
kharif,301,Phosphorus application,Optimal,14.91183066281622
kharif,301,Nitrogen application,Optimal,12.653322872420881
kharif,301,Phosphorus Surplus,Optimal,19.14866968657517
kharif,301,Nitrogen Surplus,Optimal,18.302308736753943
kharif,301,Water Demand,Optimal,19.215381378712884
kharif,302,Nitrogen Emission,Optimal,17.793946737204692
kharif,302,Nitrogen Leach,Optimal,13.406382858922868
kharif,302,Greenhouse Gas emission,Optimal,10.810584997748917
kharif,302,Net return,Optimal,-223.02848246589227
kharif,302,Calorie,Optimal,-1.631525863336606
kharif,302,Phosphorus application,Optimal,12.96859451860231
kharif,302,Nitrogen application,Optimal,11.72053940108003
kharif,302,Phosphorus Surplus,Optimal,16.92175231603234
kharif,302,Nitrogen Surplus,Optimal,17.18788707374095
kharif,302,Water Demand,Optimal,23.645176965812915
kharif,303,Nitrogen Emission,Optimal,17.288023403949996
kharif,303,Nitrogen Leach,Optimal,12.12157264482165
kharif,303,Greenhouse Gas emission,Optimal,10.707262458465086
kharif,303,Net return,Optimal,-280.09493110742517
kharif,303,Calorie,Optimal,-1.5082127155729357
kharif,303,Phosphorus application,Optimal,12.970825749440936
kharif,303,Nitrogen application,Optimal,11.376216141796471
kharif,303,Phosphorus Surplus,Optimal,16.924077651647814
kharif,303,Nitrogen Surplus,Optimal,16.693443318559844
kharif,303,Water Demand,Optimal,16.585116103030824
kharif,304,Nitrogen Emission,Optimal,17.028003582450026
kharif,304,Nitrogen Leach,Optimal,12.050319533561401
kharif,304,Greenhouse Gas emission,Optimal,9.909164258380896
kharif,304,Net return,Optimal,-233.0168188842424
kharif,304,Calorie,Optimal,-1.7069834004697046
kharif,304,Phosphorus application,Optimal,14.355866158623847
kharif,304,Nitrogen application,Optimal,11.119980979601642
kharif,304,Phosphorus Surplus,Optimal,18.544179659620674
kharif,304,Nitrogen Surplus,Optimal,16.4369994902376
kharif,304,Water Demand,Optimal,20.266729335484307
kharif,305,Nitrogen Emission,Optimal,17.91938910528735
kharif,305,Nitrogen Leach,Optimal,13.166022807535336
kharif,305,Greenhouse Gas emission,Optimal,10.73698098586951
kharif,305,Net return,Optimal,-246.94485032942487
kharif,305,Calorie,Optimal,-1.6402021165257374
kharif,305,Phosphorus application,Optimal,14.177871614106715
kharif,305,Nitrogen application,Optimal,11.84036251928398
kharif,305,Phosphorus Surplus,Optimal,18.38797289166415
kharif,305,Nitrogen Surplus,Optimal,17.393857557374144
kharif,305,Water Demand,Optimal,20.225788916509806
kharif,306,Nitrogen Emission,Optimal,18.842161860165078
kharif,306,Nitrogen Leach,Optimal,13.785835151665042
kharif,306,Greenhouse Gas emission,Optimal,10.648324630111263
kharif,306,Net return,Optimal,-223.78314858360966
kharif,306,Calorie,Optimal,-1.765556634231076
kharif,306,Phosphorus application,Optimal,13.686510793045363
kharif,306,Nitrogen application,Optimal,12.449893087322787
kharif,306,Phosphorus Surplus,Optimal,17.848505151562545
kharif,306,Nitrogen Surplus,Optimal,18.26024796948472
kharif,306,Water Demand,Optimal,24.31339125273866
kharif,307,Nitrogen Emission,Optimal,19.0267366753722
kharif,307,Nitrogen Leach,Optimal,14.230275134148759
kharif,307,Greenhouse Gas emission,Optimal,11.217460937942112
kharif,307,Net return,Optimal,-251.48572320864633
kharif,307,Calorie,Optimal,-1.3937661504254641
kharif,307,Phosphorus application,Optimal,15.340948799324465
kharif,307,Nitrogen application,Optimal,12.688234126849101
kharif,307,Phosphorus Surplus,Optimal,19.685753369544553
kharif,307,Nitrogen Surplus,Optimal,18.463003749882116
kharif,307,Water Demand,Optimal,21.459194288059788
kharif,308,Nitrogen Emission,Optimal,20.363190070234715
kharif,308,Nitrogen Leach,Optimal,16.018379896701884
kharif,308,Greenhouse Gas emission,Optimal,11.387505856589378
kharif,308,Net return,Optimal,-267.47189339105205
kharif,308,Calorie,Optimal,-1.5424423400676541
kharif,308,Phosphorus application,Optimal,16.903556377895853
kharif,308,Nitrogen application,Optimal,13.752916062180029
kharif,308,Phosphorus Surplus,Optimal,21.67261110393502
kharif,308,Nitrogen Surplus,Optimal,19.905167429959516
kharif,308,Water Demand,Optimal,15.541379498318054
kharif,309,Nitrogen Emission,Optimal,18.339220096637074
kharif,309,Nitrogen Leach,Optimal,13.157703828073387
kharif,309,Greenhouse Gas emission,Optimal,11.43880788811208
kharif,309,Net return,Optimal,-240.15988000528898
kharif,309,Calorie,Optimal,-1.5737609325989983
kharif,309,Phosphorus application,Optimal,16.249945632537727
kharif,309,Nitrogen application,Optimal,12.141523353911234
kharif,309,Phosphorus Surplus,Optimal,20.902256350000496
kharif,309,Nitrogen Surplus,Optimal,17.76411823487473
kharif,309,Water Demand,Optimal,22.084135832224376
kharif,310,Nitrogen Emission,Optimal,18.943956013472494
kharif,310,Nitrogen Leach,Optimal,12.621208716762432
kharif,310,Greenhouse Gas emission,Optimal,10.974723128550432
kharif,310,Net return,Optimal,-282.35613145320514
kharif,310,Calorie,Optimal,-1.5535084330151236
kharif,310,Phosphorus application,Optimal,11.468136430990766
kharif,310,Nitrogen application,Optimal,12.420433678054545
kharif,310,Phosphorus Surplus,Optimal,15.116768147845464
kharif,310,Nitrogen Surplus,Optimal,18.229250712576675
kharif,310,Water Demand,Optimal,24.37243391375044
kharif,311,Nitrogen Emission,Optimal,19.773882518601038
kharif,311,Nitrogen Leach,Optimal,14.648710246023093
kharif,311,Greenhouse Gas emission,Optimal,11.258032413361887
kharif,311,Net return,Optimal,-231.22424423288194
kharif,311,Calorie,Optimal,-1.5300381911078174
kharif,311,Phosphorus application,Optimal,15.35128522220705
kharif,311,Nitrogen application,Optimal,13.149626241731065
kharif,311,Phosphorus Surplus,Optimal,19.78493682534364
kharif,311,Nitrogen Surplus,Optimal,19.259332394469666
kharif,311,Water Demand,Optimal,18.59150105897745
kharif,312,Nitrogen Emission,Optimal,18.201600727842376
kharif,312,Nitrogen Leach,Optimal,13.157392479266345
kharif,312,Greenhouse Gas emission,Optimal,11.176804652166357
kharif,312,Net return,Optimal,-234.4978697172417
kharif,312,Calorie,Optimal,-1.8027057963430375
kharif,312,Phosphorus application,Optimal,13.486708386201034
kharif,312,Nitrogen application,Optimal,11.85409837241834
kharif,312,Phosphorus Surplus,Optimal,17.575809125780374
kharif,312,Nitrogen Surplus,Optimal,17.5314828365879
kharif,312,Water Demand,Optimal,22.893412398236876
kharif,313,Nitrogen Emission,Optimal,17.569970466959642
kharif,313,Nitrogen Leach,Optimal,12.465927496743669
kharif,313,Greenhouse Gas emission,Optimal,10.212847770666377
kharif,313,Net return,Optimal,-297.22287890264556
kharif,313,Calorie,Optimal,-1.4383936830409807
kharif,313,Phosphorus application,Optimal,10.704997036986573
kharif,313,Nitrogen application,Optimal,11.656740984839635
kharif,313,Phosphorus Surplus,Optimal,14.08924311587576
kharif,313,Nitrogen Surplus,Optimal,16.9668018026531
kharif,313,Water Demand,Optimal,20.65475476665939
kharif,314,Nitrogen Emission,Optimal,18.79353288568194
kharif,314,Nitrogen Leach,Optimal,14.434873299079026
kharif,314,Greenhouse Gas emission,Optimal,11.781625163369926
kharif,314,Net return,Optimal,-240.53104432582217
kharif,314,Calorie,Optimal,-1.6442234981437176
kharif,314,Phosphorus application,Optimal,15.884807235617009
kharif,314,Nitrogen application,Optimal,12.526294593051713
kharif,314,Phosphorus Surplus,Optimal,20.444508983959103
kharif,314,Nitrogen Surplus,Optimal,18.265731600072098
kharif,314,Water Demand,Optimal,20.812975788792848
kharif,315,Nitrogen Emission,Optimal,19.192672563574895
kharif,315,Nitrogen Leach,Optimal,14.984288836350439
kharif,315,Greenhouse Gas emission,Optimal,11.510428569531133
kharif,315,Net return,Optimal,-299.2629965163768
kharif,315,Calorie,Optimal,-1.376391079561756
kharif,315,Phosphorus application,Optimal,12.907509261769523
kharif,315,Nitrogen application,Optimal,12.830613462937642
kharif,315,Phosphorus Surplus,Optimal,16.8599645167722
kharif,315,Nitrogen Surplus,Optimal,18.68447203369579
kharif,315,Water Demand,Optimal,15.692078626800443
kharif,316,Nitrogen Emission,Optimal,19.86794149904332
kharif,316,Nitrogen Leach,Optimal,14.60230422006118
kharif,316,Greenhouse Gas emission,Optimal,10.207745430317745
kharif,316,Net return,Optimal,-209.73270826660044
kharif,316,Calorie,Optimal,-1.5751865122387911
kharif,316,Phosphorus application,Optimal,14.692903393686633
kharif,316,Nitrogen application,Optimal,13.171011743434397
kharif,316,Phosphorus Surplus,Optimal,18.94727105059011
kharif,316,Nitrogen Surplus,Optimal,19.20392345495212
kharif,316,Water Demand,Optimal,18.68816338403413
kharif,317,Nitrogen Emission,Optimal,18.705409870872998
kharif,317,Nitrogen Leach,Optimal,13.029224355120194
kharif,317,Greenhouse Gas emission,Optimal,11.578392223135031
kharif,317,Net return,Optimal,-188.63014073211855
kharif,317,Calorie,Optimal,-1.8130160031682836
kharif,317,Phosphorus application,Optimal,16.38876710855735
kharif,317,Nitrogen application,Optimal,12.216791391021125
kharif,317,Phosphorus Surplus,Optimal,21.09441787720585
kharif,317,Nitrogen Surplus,Optimal,17.9873883146747
kharif,317,Water Demand,Optimal,18.47196826946644
kharif,318,Nitrogen Emission,Optimal,17.20053729471023
kharif,318,Nitrogen Leach,Optimal,12.768754908793783
kharif,318,Greenhouse Gas emission,Optimal,9.64294781382135
kharif,318,Net return,Optimal,-182.9059808438507
kharif,318,Calorie,Optimal,-2.175522962288523
kharif,318,Phosphorus application,Optimal,11.877129270547192
kharif,318,Nitrogen application,Optimal,11.213687474152302
kharif,318,Phosphorus Surplus,Optimal,15.690969408664204
kharif,318,Nitrogen Surplus,Optimal,16.63838083320304
kharif,318,Water Demand,Optimal,22.915963297322726
kharif,319,Nitrogen Emission,Optimal,18.43596484509949
kharif,319,Nitrogen Leach,Optimal,14.77369312215877
kharif,319,Greenhouse Gas emission,Optimal,10.459424941947848
kharif,319,Net return,Optimal,-191.34786890039152
kharif,319,Calorie,Optimal,-1.3830979888226864
kharif,319,Phosphorus application,Optimal,13.887331454343476
kharif,319,Nitrogen application,Optimal,12.312523057282565
kharif,319,Phosphorus Surplus,Optimal,17.94638691961633
kharif,319,Nitrogen Surplus,Optimal,17.957396478021113
kharif,319,Water Demand,Optimal,23.198981424146414
kharif,320,Nitrogen Emission,Optimal,18.76310568590605
kharif,320,Nitrogen Leach,Optimal,13.414903602900257
kharif,320,Greenhouse Gas emission,Optimal,11.75967258414895
kharif,320,Net return,Optimal,-262.4957302101016
kharif,320,Calorie,Optimal,-1.588913182595172
kharif,320,Phosphorus application,Optimal,13.062642745200838
kharif,320,Nitrogen application,Optimal,12.452794599856896
kharif,320,Phosphorus Surplus,Optimal,17.01631473650141
kharif,320,Nitrogen Surplus,Optimal,18.180006035080787
kharif,320,Water Demand,Optimal,21.40123838632116
kharif,321,Nitrogen Emission,Optimal,19.120751601619784
kharif,321,Nitrogen Leach,Optimal,15.691410741024896
kharif,321,Greenhouse Gas emission,Optimal,11.436043736038025
kharif,321,Net return,Optimal,-212.23679663482474
kharif,321,Calorie,Optimal,-1.6234633553807392
kharif,321,Phosphorus application,Optimal,15.258345277559158
kharif,321,Nitrogen application,Optimal,12.750793383789544
kharif,321,Phosphorus Surplus,Optimal,19.661842097378177
kharif,321,Nitrogen Surplus,Optimal,18.60752382684424
kharif,321,Water Demand,Optimal,22.635297445538242
kharif,322,Nitrogen Emission,Optimal,17.919973197959536
kharif,322,Nitrogen Leach,Optimal,13.66586122223917
kharif,322,Greenhouse Gas emission,Optimal,11.273123026757332
kharif,322,Net return,Optimal,-275.1937769863384
kharif,322,Calorie,Optimal,-1.5486371133769028
kharif,322,Phosphorus application,Optimal,13.56096945804993
kharif,322,Nitrogen application,Optimal,11.893183065674853
kharif,322,Phosphorus Surplus,Optimal,17.65903292835992
kharif,322,Nitrogen Surplus,Optimal,17.46183893940281
kharif,322,Water Demand,Optimal,23.439869911216192
kharif,323,Nitrogen Emission,Optimal,17.912882387288935
kharif,323,Nitrogen Leach,Optimal,14.123034935263654
kharif,323,Greenhouse Gas emission,Optimal,11.333200755589093
kharif,323,Net return,Optimal,-200.9976095080717
kharif,323,Calorie,Optimal,-1.493417521004756
kharif,323,Phosphorus application,Optimal,11.467519387051302
kharif,323,Nitrogen application,Optimal,11.849408165981888
kharif,323,Phosphorus Surplus,Optimal,15.091628365586418
kharif,323,Nitrogen Surplus,Optimal,17.357054269934125
kharif,323,Water Demand,Optimal,18.819829158931814
kharif,324,Nitrogen Emission,Optimal,19.05622219931086
kharif,324,Nitrogen Leach,Optimal,13.850313281762908
kharif,324,Greenhouse Gas emission,Optimal,10.96287339083162
kharif,324,Net return,Optimal,-170.63976981957603
kharif,324,Calorie,Optimal,-1.6861274216732034
kharif,324,Phosphorus application,Optimal,15.43492272763515
kharif,324,Nitrogen application,Optimal,12.534835851419302
kharif,324,Phosphorus Surplus,Optimal,19.887629375117694
kharif,324,Nitrogen Surplus,Optimal,18.42365317726665
kharif,324,Water Demand,Optimal,24.520115595219732
kharif,325,Nitrogen Emission,Optimal,18.208682670927566
kharif,325,Nitrogen Leach,Optimal,13.346517339340433
kharif,325,Greenhouse Gas emission,Optimal,9.98404884027957
kharif,325,Net return,Optimal,-256.47754000745607
kharif,325,Calorie,Optimal,-2.139205097183876
kharif,325,Phosphorus application,Optimal,14.588474688564622
kharif,325,Nitrogen application,Optimal,12.090884844640778
kharif,325,Phosphorus Surplus,Optimal,18.95756588389247
kharif,325,Nitrogen Surplus,Optimal,17.716351218667448
kharif,325,Water Demand,Optimal,24.26519123092447
kharif,326,Nitrogen Emission,Optimal,18.335389571233712
kharif,326,Nitrogen Leach,Optimal,13.786620938703813
kharif,326,Greenhouse Gas emission,Optimal,10.880761404666181
kharif,326,Net return,Optimal,-218.91504020099316
kharif,326,Calorie,Optimal,-1.5594319618236796
kharif,326,Phosphorus application,Optimal,12.528458641775737
kharif,326,Nitrogen application,Optimal,12.111857860249364
kharif,326,Phosphorus Surplus,Optimal,16.381232074475925
kharif,326,Nitrogen Surplus,Optimal,17.77334976339023
kharif,326,Water Demand,Optimal,25.6242687752373
kharif,327,Nitrogen Emission,Optimal,17.7750983524221
kharif,327,Nitrogen Leach,Optimal,13.290395433102853
kharif,327,Greenhouse Gas emission,Optimal,10.399996356151455
kharif,327,Net return,Optimal,-227.8976163774058
kharif,327,Calorie,Optimal,-1.4845705500142432
kharif,327,Phosphorus application,Optimal,14.395069575964536
kharif,327,Nitrogen application,Optimal,11.751624735282382
kharif,327,Phosphorus Surplus,Optimal,18.585146168434257
kharif,327,Nitrogen Surplus,Optimal,17.26438466350283
kharif,327,Water Demand,Optimal,23.148703966897887
kharif,328,Nitrogen Emission,Optimal,18.575238545513944
kharif,328,Nitrogen Leach,Optimal,13.490403290427926
kharif,328,Greenhouse Gas emission,Optimal,11.51636177540326
kharif,328,Net return,Optimal,-224.53931850830216
kharif,328,Calorie,Optimal,-1.8305640269252936
kharif,328,Phosphorus application,Optimal,13.17494880050058
kharif,328,Nitrogen application,Optimal,12.18361764448215
kharif,328,Phosphorus Surplus,Optimal,17.198980080630726
kharif,328,Nitrogen Surplus,Optimal,18.027177128613754
kharif,328,Water Demand,Optimal,23.68835916029128
kharif,329,Nitrogen Emission,Optimal,19.49250861683002
kharif,329,Nitrogen Leach,Optimal,14.830542955992465
kharif,329,Greenhouse Gas emission,Optimal,11.283946786502918
kharif,329,Net return,Optimal,-211.9158283540873
kharif,329,Calorie,Optimal,-1.4736161865768422
kharif,329,Phosphorus application,Optimal,14.248909686733084
kharif,329,Nitrogen application,Optimal,12.901191335304175
kharif,329,Phosphorus Surplus,Optimal,18.417611982828156
kharif,329,Nitrogen Surplus,Optimal,18.825613509538993
kharif,329,Water Demand,Optimal,21.795934104157386
kharif,330,Nitrogen Emission,Optimal,18.68425104157769
kharif,330,Nitrogen Leach,Optimal,14.090282485978186
kharif,330,Greenhouse Gas emission,Optimal,10.961366112311065
kharif,330,Net return,Optimal,-178.2823991886286
kharif,330,Calorie,Optimal,-1.553681941128378
kharif,330,Phosphorus application,Optimal,11.994079936735897
kharif,330,Nitrogen application,Optimal,12.500842692302804
kharif,330,Phosphorus Surplus,Optimal,15.674819730205376
kharif,330,Nitrogen Surplus,Optimal,18.20093233069519
kharif,330,Water Demand,Optimal,17.83489218419798
kharif,331,Nitrogen Emission,Optimal,18.3145735885399
kharif,331,Nitrogen Leach,Optimal,13.61728703181426
kharif,331,Greenhouse Gas emission,Optimal,10.310726688042612
kharif,331,Net return,Optimal,-261.741058488853
kharif,331,Calorie,Optimal,-1.4723677472527157
kharif,331,Phosphorus application,Optimal,12.968801918823075
kharif,331,Nitrogen application,Optimal,12.206282323182245
kharif,331,Phosphorus Surplus,Optimal,16.827133039352375
kharif,331,Nitrogen Surplus,Optimal,17.77603613085064
kharif,331,Water Demand,Optimal,24.682630307783526
kharif,332,Nitrogen Emission,Optimal,18.09082333438514
kharif,332,Nitrogen Leach,Optimal,13.476037877744032
kharif,332,Greenhouse Gas emission,Optimal,10.443958833013301
kharif,332,Net return,Optimal,-292.2926555659856
kharif,332,Calorie,Optimal,-1.5794796522855332
kharif,332,Phosphorus application,Optimal,12.225241137552224
kharif,332,Nitrogen application,Optimal,11.964655397485835
kharif,332,Phosphorus Surplus,Optimal,15.992798595098805
kharif,332,Nitrogen Surplus,Optimal,17.56306607883928
kharif,332,Water Demand,Optimal,23.355228556850005
kharif,333,Nitrogen Emission,Optimal,18.300622469468788
kharif,333,Nitrogen Leach,Optimal,12.995330274706102
kharif,333,Greenhouse Gas emission,Optimal,11.702950002156413
kharif,333,Net return,Optimal,-219.0560683613174
kharif,333,Calorie,Optimal,-1.6738719840749234
kharif,333,Phosphorus application,Optimal,11.57945830463528
kharif,333,Nitrogen application,Optimal,12.08477812136376
kharif,333,Phosphorus Surplus,Optimal,15.278950195342206
kharif,333,Nitrogen Surplus,Optimal,17.779241290388995
kharif,333,Water Demand,Optimal,21.04492846490819
kharif,334,Nitrogen Emission,Optimal,18.372510516221592
kharif,334,Nitrogen Leach,Optimal,13.324355051452034
kharif,334,Greenhouse Gas emission,Optimal,10.822330333621894
kharif,334,Net return,Optimal,-192.95566875104242
kharif,334,Calorie,Optimal,-1.9313064292357116
kharif,334,Phosphorus application,Optimal,14.120441904874037
kharif,334,Nitrogen application,Optimal,12.000504307392879
kharif,334,Phosphorus Surplus,Optimal,18.368336685535365
kharif,334,Nitrogen Surplus,Optimal,17.693033020721664
kharif,334,Water Demand,Optimal,24.5866087194327
kharif,335,Nitrogen Emission,Optimal,17.781536493400004
kharif,335,Nitrogen Leach,Optimal,13.566295204614471
kharif,335,Greenhouse Gas emission,Optimal,10.16970583901561
kharif,335,Net return,Optimal,-216.41265653481412
kharif,335,Calorie,Optimal,-1.5849687854469932
kharif,335,Phosphorus application,Optimal,12.164956579423585
kharif,335,Nitrogen application,Optimal,11.905268691348205
kharif,335,Phosphorus Surplus,Optimal,15.830620333597697
kharif,335,Nitrogen Surplus,Optimal,17.292998892328534
kharif,335,Water Demand,Optimal,21.32709797221314
kharif,336,Nitrogen Emission,Optimal,17.253860125285527
kharif,336,Nitrogen Leach,Optimal,11.860346595959092
kharif,336,Greenhouse Gas emission,Optimal,11.050622368960509
kharif,336,Net return,Optimal,-213.82946604016064
kharif,336,Calorie,Optimal,-1.4055485602167181
kharif,336,Phosphorus application,Optimal,13.263482296708943
kharif,336,Nitrogen application,Optimal,11.310936976135666
kharif,336,Phosphorus Surplus,Optimal,17.216564337269396
kharif,336,Nitrogen Surplus,Optimal,16.665155421870832
kharif,336,Water Demand,Optimal,24.366076640917154
kharif,337,Nitrogen Emission,Optimal,18.779365264470737
kharif,337,Nitrogen Leach,Optimal,14.445164292488561
kharif,337,Greenhouse Gas emission,Optimal,11.150937780092391
kharif,337,Net return,Optimal,-230.22762506801797
kharif,337,Calorie,Optimal,-1.4604182768822984
kharif,337,Phosphorus application,Optimal,15.34034113017172
kharif,337,Nitrogen application,Optimal,12.49935421495764
kharif,337,Phosphorus Surplus,Optimal,19.779648231540115
kharif,337,Nitrogen Surplus,Optimal,18.254232139039186
kharif,337,Water Demand,Optimal,23.081075389786413
kharif,338,Nitrogen Emission,Optimal,19.21935504134132
kharif,338,Nitrogen Leach,Optimal,15.003842056472456
kharif,338,Greenhouse Gas emission,Optimal,10.137000232865788
kharif,338,Net return,Optimal,-190.4783633409203
kharif,338,Calorie,Optimal,-0.3210915367204263
kharif,338,Phosphorus application,Optimal,15.856003455951218
kharif,338,Nitrogen application,Optimal,13.114517331664285
kharif,338,Phosphorus Surplus,Optimal,20.11233069712754
kharif,338,Nitrogen Surplus,Optimal,18.714113464963894
kharif,338,Water Demand,Optimal,14.922510740760407
kharif,339,Nitrogen Emission,Optimal,17.24738341429406
kharif,339,Nitrogen Leach,Optimal,11.092273416076372
kharif,339,Greenhouse Gas emission,Optimal,11.249473462335523
kharif,339,Net return,Optimal,-252.11319309646277
kharif,339,Calorie,Optimal,-1.3917537755203873
kharif,339,Phosphorus application,Optimal,10.756018064205442
kharif,339,Nitrogen application,Optimal,11.210851520368573
kharif,339,Phosphorus Surplus,Optimal,14.231693244206529
kharif,339,Nitrogen Surplus,Optimal,16.502569758548013
kharif,339,Water Demand,Optimal,16.405884200392286
kharif,340,Nitrogen Emission,Optimal,17.13674231390132
kharif,340,Nitrogen Leach,Optimal,12.323161333098042
kharif,340,Greenhouse Gas emission,Optimal,11.019711825072552
kharif,340,Net return,Optimal,-178.14743488969356
kharif,340,Calorie,Optimal,-2.2709010031329866
kharif,340,Phosphorus application,Optimal,13.115719990109124
kharif,340,Nitrogen application,Optimal,11.018856274983731
kharif,340,Phosphorus Surplus,Optimal,17.265703536647557
kharif,340,Nitrogen Surplus,Optimal,16.519008304740954
kharif,340,Water Demand,Optimal,27.070975610287164
kharif,341,Nitrogen Emission,Optimal,17.769977385096603
kharif,341,Nitrogen Leach,Optimal,14.07831856749345
kharif,341,Greenhouse Gas emission,Optimal,9.526850481918794
kharif,341,Net return,Optimal,-231.42922152893868
kharif,341,Calorie,Optimal,-1.6419173095449089
kharif,341,Phosphorus application,Optimal,13.368611388724208
kharif,341,Nitrogen application,Optimal,11.796043938339949
kharif,341,Phosphorus Surplus,Optimal,17.300093693763646
kharif,341,Nitrogen Surplus,Optimal,17.210932284532536
kharif,341,Water Demand,Optimal,21.764580420751315
kharif,342,Nitrogen Emission,Optimal,18.681113551080713
kharif,342,Nitrogen Leach,Optimal,13.090526536744955
kharif,342,Greenhouse Gas emission,Optimal,11.296043707578253
kharif,342,Net return,Optimal,-257.46045695077026
kharif,342,Calorie,Optimal,-1.7085910837892997
kharif,342,Phosphorus application,Optimal,12.711586144091417
kharif,342,Nitrogen application,Optimal,12.280266379463235
kharif,342,Phosphorus Surplus,Optimal,16.67175154542886
kharif,342,Nitrogen Surplus,Optimal,18.067604651088427
kharif,342,Water Demand,Optimal,18.456521451993424
kharif,343,Nitrogen Emission,Optimal,18.681197959618597
kharif,343,Nitrogen Leach,Optimal,14.130237513851661
kharif,343,Greenhouse Gas emission,Optimal,10.066607404340832
kharif,343,Net return,Optimal,-244.14722575367367
kharif,343,Calorie,Optimal,-1.2179537167090977
kharif,343,Phosphorus application,Optimal,14.175248635198894
kharif,343,Nitrogen application,Optimal,12.554357560597474
kharif,343,Phosphorus Surplus,Optimal,18.232181143037806
kharif,343,Nitrogen Surplus,Optimal,18.125372354438646
kharif,343,Water Demand,Optimal,15.958860386442595
kharif,344,Nitrogen Emission,Optimal,18.06075460867925
kharif,344,Nitrogen Leach,Optimal,13.475682183317671
kharif,344,Greenhouse Gas emission,Optimal,9.1413322966976
kharif,344,Net return,Optimal,-227.60737360010964
kharif,344,Calorie,Optimal,-2.7788918042682162
kharif,344,Phosphorus application,Optimal,14.280995725541757
kharif,344,Nitrogen application,Optimal,11.567303664643532
kharif,344,Phosphorus Surplus,Optimal,18.672945918716913
kharif,344,Nitrogen Surplus,Optimal,17.431190356599725
kharif,344,Water Demand,Optimal,22.79005483092408
kharif,345,Nitrogen Emission,Optimal,18.868074665118854
kharif,345,Nitrogen Leach,Optimal,15.054863659051051
kharif,345,Greenhouse Gas emission,Optimal,10.536719135258142
kharif,345,Net return,Optimal,-242.3146577543416
kharif,345,Calorie,Optimal,-1.4821150560498961
kharif,345,Phosphorus application,Optimal,12.988993589468587
kharif,345,Nitrogen application,Optimal,12.703566319277156
kharif,345,Phosphorus Surplus,Optimal,16.871380516173293
kharif,345,Nitrogen Surplus,Optimal,18.38914661148236
kharif,345,Water Demand,Optimal,21.035651313099255
kharif,346,Nitrogen Emission,Optimal,18.746672877206542
kharif,346,Nitrogen Leach,Optimal,14.408642868901671
kharif,346,Greenhouse Gas emission,Optimal,11.17905533731408
kharif,346,Net return,Optimal,-172.3494176415509
kharif,346,Calorie,Optimal,-1.364363225311222
kharif,346,Phosphorus application,Optimal,13.913553085760098
kharif,346,Nitrogen application,Optimal,12.356409150976594
kharif,346,Phosphorus Surplus,Optimal,18.021302100798454
kharif,346,Nitrogen Surplus,Optimal,18.206427959337404
kharif,346,Water Demand,Optimal,20.303041270532237
kharif,347,Nitrogen Emission,Optimal,17.612906348444362
kharif,347,Nitrogen Leach,Optimal,11.850289995715428
kharif,347,Greenhouse Gas emission,Optimal,10.27173553214774
kharif,347,Net return,Optimal,-227.59568850300496
kharif,347,Calorie,Optimal,-1.849750804462359
kharif,347,Phosphorus application,Optimal,11.498870075964376
kharif,347,Nitrogen application,Optimal,11.5500725162219
kharif,347,Phosphorus Surplus,Optimal,15.137418523725911
kharif,347,Nitrogen Surplus,Optimal,17.00758357130679
kharif,347,Water Demand,Optimal,17.663656196107787
kharif,348,Nitrogen Emission,Optimal,17.66243794276459
kharif,348,Nitrogen Leach,Optimal,13.95562290408788
kharif,348,Greenhouse Gas emission,Optimal,10.895453972646477
kharif,348,Net return,Optimal,-173.275239666407
kharif,348,Calorie,Optimal,-1.4416345269840218
kharif,348,Phosphorus application,Optimal,13.55346626104293
kharif,348,Nitrogen application,Optimal,11.697748614497323
kharif,348,Phosphorus Surplus,Optimal,17.5407591555704
kharif,348,Nitrogen Surplus,Optimal,17.17975658107562
kharif,348,Water Demand,Optimal,22.23997497704493
kharif,349,Nitrogen Emission,Optimal,19.016076412757347
kharif,349,Nitrogen Leach,Optimal,14.652995144375003
kharif,349,Greenhouse Gas emission,Optimal,10.994636766281491
kharif,349,Net return,Optimal,-135.71004542575363
kharif,349,Calorie,Optimal,-1.659764968223333
kharif,349,Phosphorus application,Optimal,11.595164424488845
kharif,349,Nitrogen application,Optimal,12.56008994426572
kharif,349,Phosphorus Surplus,Optimal,15.242604424121895
kharif,349,Nitrogen Surplus,Optimal,18.46441405444542
kharif,349,Water Demand,Optimal,24.701926565643966
kharif,350,Nitrogen Emission,Optimal,17.19355532251659
kharif,350,Nitrogen Leach,Optimal,12.945081930868652
kharif,350,Greenhouse Gas emission,Optimal,9.687695443059397
kharif,350,Net return,Optimal,-221.51137460029577
kharif,350,Calorie,Optimal,-2.5015362927759335
kharif,350,Phosphorus application,Optimal,9.887929688576232
kharif,350,Nitrogen application,Optimal,11.169896195474628
kharif,350,Phosphorus Surplus,Optimal,13.369412711630087
kharif,350,Nitrogen Surplus,Optimal,16.651270436049124
kharif,350,Water Demand,Optimal,24.913247778925474
kharif,351,Nitrogen Emission,Optimal,16.856230392908977
kharif,351,Nitrogen Leach,Optimal,11.565675242813393
kharif,351,Greenhouse Gas emission,Optimal,10.415265870903356
kharif,351,Net return,Optimal,-244.87258147377375
kharif,351,Calorie,Optimal,-1.4936759814802627
kharif,351,Phosphorus application,Optimal,15.21196092601349
kharif,351,Nitrogen application,Optimal,11.070371058038448
kharif,351,Phosphorus Surplus,Optimal,19.55663334781738
kharif,351,Nitrogen Surplus,Optimal,16.2304686187929
kharif,351,Water Demand,Optimal,21.497646405865463
kharif,352,Nitrogen Emission,Optimal,18.97940217755025
kharif,352,Nitrogen Leach,Optimal,13.136942464073666
kharif,352,Greenhouse Gas emission,Optimal,10.945315737341621
kharif,352,Net return,Optimal,-238.8947631037945
kharif,352,Calorie,Optimal,-1.7490598986712393
kharif,352,Phosphorus application,Optimal,13.440357857169834
kharif,352,Nitrogen application,Optimal,12.626395384537137
kharif,352,Phosphorus Surplus,Optimal,17.507297107562596
kharif,352,Nitrogen Surplus,Optimal,18.48489280521637
kharif,352,Water Demand,Optimal,20.31132552082456
kharif,353,Nitrogen Emission,Optimal,18.726305436775345
kharif,353,Nitrogen Leach,Optimal,14.77081979581952
kharif,353,Greenhouse Gas emission,Optimal,10.475944272361458
kharif,353,Net return,Optimal,-234.20125840017664
kharif,353,Calorie,Optimal,-1.7355958152863609
kharif,353,Phosphorus application,Optimal,14.537462280536815
kharif,353,Nitrogen application,Optimal,12.55339178977215
kharif,353,Phosphorus Surplus,Optimal,18.793720874395248
kharif,353,Nitrogen Surplus,Optimal,18.31430070486199
kharif,353,Water Demand,Optimal,21.898514304025955
kharif,354,Nitrogen Emission,Optimal,17.10530436046864
kharif,354,Nitrogen Leach,Optimal,11.6289571744029
kharif,354,Greenhouse Gas emission,Optimal,10.083051472501369
kharif,354,Net return,Optimal,-307.9638783433141
kharif,354,Calorie,Optimal,-1.4278105764958018
kharif,354,Phosphorus application,Optimal,12.080586995471474
kharif,354,Nitrogen application,Optimal,11.369352762051287
kharif,354,Phosphorus Surplus,Optimal,15.715586172221895
kharif,354,Nitrogen Surplus,Optimal,16.51435765542291
kharif,354,Water Demand,Optimal,20.41966273539833
kharif,355,Nitrogen Emission,Optimal,18.719729729283646
kharif,355,Nitrogen Leach,Optimal,14.490419710422135
kharif,355,Greenhouse Gas emission,Optimal,10.789953995916925
kharif,355,Net return,Optimal,-223.4405232054969
kharif,355,Calorie,Optimal,-1.5213966306382738
kharif,355,Phosphorus application,Optimal,12.603152719584559
kharif,355,Nitrogen application,Optimal,12.55755151768503
kharif,355,Phosphorus Surplus,Optimal,16.43406124706168
kharif,355,Nitrogen Surplus,Optimal,18.250689230036176
kharif,355,Water Demand,Optimal,19.442046762093984
kharif,356,Nitrogen Emission,Optimal,19.25563531768383
kharif,356,Nitrogen Leach,Optimal,15.372638553688303
kharif,356,Greenhouse Gas emission,Optimal,11.22649763245999
kharif,356,Net return,Optimal,-192.90369523959953
kharif,356,Calorie,Optimal,-1.6839520649876412
kharif,356,Phosphorus application,Optimal,15.800414486060578
kharif,356,Nitrogen application,Optimal,12.788037278857706
kharif,356,Phosphorus Surplus,Optimal,20.35226266977022
kharif,356,Nitrogen Surplus,Optimal,18.747143933726473
kharif,356,Water Demand,Optimal,23.837233341053878
kharif,357,Nitrogen Emission,Optimal,18.38456638317848
kharif,357,Nitrogen Leach,Optimal,13.86174136391819
kharif,357,Greenhouse Gas emission,Optimal,11.217208386068776
kharif,357,Net return,Optimal,-206.83614306882575
kharif,357,Calorie,Optimal,-1.7003005040527948
kharif,357,Phosphorus application,Optimal,11.391926473124068
kharif,357,Nitrogen application,Optimal,12.03727731851105
kharif,357,Phosphorus Surplus,Optimal,15.037848060623297
kharif,357,Nitrogen Surplus,Optimal,17.778219936794333
kharif,357,Water Demand,Optimal,24.91913623530864
kharif,358,Nitrogen Emission,Optimal,18.43436604583616
kharif,358,Nitrogen Leach,Optimal,12.918888891378618
kharif,358,Greenhouse Gas emission,Optimal,10.543371132563403
kharif,358,Net return,Optimal,-237.2840099317269
kharif,358,Calorie,Optimal,-1.3897520656530187
kharif,358,Phosphorus application,Optimal,13.081958467208368
kharif,358,Nitrogen application,Optimal,12.19512541951357
kharif,358,Phosphorus Surplus,Optimal,16.981595673945986
kharif,358,Nitrogen Surplus,Optimal,17.781988522047207
kharif,358,Water Demand,Optimal,14.395712964298356
kharif,359,Nitrogen Emission,Optimal,18.71943648875247
kharif,359,Nitrogen Leach,Optimal,13.642087240578222
kharif,359,Greenhouse Gas emission,Optimal,10.95248788504529
kharif,359,Net return,Optimal,-266.51068485668407
kharif,359,Calorie,Optimal,-1.6110626467789464
kharif,359,Phosphorus application,Optimal,14.397754473995006
kharif,359,Nitrogen application,Optimal,12.367917232645912
kharif,359,Phosphorus Surplus,Optimal,18.640296348984663
kharif,359,Nitrogen Surplus,Optimal,18.059242279513427
kharif,359,Water Demand,Optimal,15.298139942767882
kharif,360,Nitrogen Emission,Optimal,17.13644331213179
kharif,360,Nitrogen Leach,Optimal,13.818837164809567
kharif,360,Greenhouse Gas emission,Optimal,10.15382371122625
kharif,360,Net return,Optimal,-303.02054149774216
kharif,360,Calorie,Optimal,-1.7267279477548514
kharif,360,Phosphorus application,Optimal,12.081566050588496
kharif,360,Nitrogen application,Optimal,11.376983543608246
kharif,360,Phosphorus Surplus,Optimal,15.753529389498189
kharif,360,Nitrogen Surplus,Optimal,16.778200485323097
kharif,360,Water Demand,Optimal,23.538782634265207
kharif,361,Nitrogen Emission,Optimal,17.93746197778429
kharif,361,Nitrogen Leach,Optimal,13.984042406763013
kharif,361,Greenhouse Gas emission,Optimal,10.010584337285655
kharif,361,Net return,Optimal,-235.7202977743962
kharif,361,Calorie,Optimal,-1.5449999073257725
kharif,361,Phosphorus application,Optimal,13.864024249334415
kharif,361,Nitrogen application,Optimal,11.890704078909737
kharif,361,Phosphorus Surplus,Optimal,17.930883987495108
kharif,361,Nitrogen Surplus,Optimal,17.360761936623643
kharif,361,Water Demand,Optimal,22.676780094215324
kharif,362,Nitrogen Emission,Optimal,17.738804159816176
kharif,362,Nitrogen Leach,Optimal,13.21550827208542
kharif,362,Greenhouse Gas emission,Optimal,9.924220248193139
kharif,362,Net return,Optimal,-214.5102152413713
kharif,362,Calorie,Optimal,-1.9263426054989439
kharif,362,Phosphorus application,Optimal,13.60798162848064
kharif,362,Nitrogen application,Optimal,11.658487295748014
kharif,362,Phosphorus Surplus,Optimal,17.662754088388176
kharif,362,Nitrogen Surplus,Optimal,17.230131689996934
kharif,362,Water Demand,Optimal,20.330949071287723
kharif,363,Nitrogen Emission,Optimal,17.856026328068545
kharif,363,Nitrogen Leach,Optimal,12.770785570137921
kharif,363,Greenhouse Gas emission,Optimal,9.979157928529396
kharif,363,Net return,Optimal,-219.39101244562534
kharif,363,Calorie,Optimal,-1.5833635108415334
kharif,363,Phosphorus application,Optimal,13.496996947102813
kharif,363,Nitrogen application,Optimal,11.76554183310862
kharif,363,Phosphorus Surplus,Optimal,17.4908790212078
kharif,363,Nitrogen Surplus,Optimal,17.265756049919542
kharif,363,Water Demand,Optimal,25.7329355438205
kharif,364,Nitrogen Emission,Optimal,19.01788449309751
kharif,364,Nitrogen Leach,Optimal,14.842790465675735
kharif,364,Greenhouse Gas emission,Optimal,9.736086921828448
kharif,364,Net return,Optimal,-293.46283993997434
kharif,364,Calorie,Optimal,-1.4054151930679881
kharif,364,Phosphorus application,Optimal,16.54113176694313
kharif,364,Nitrogen application,Optimal,12.860023225890966
kharif,364,Phosphorus Surplus,Optimal,21.116105875089872
kharif,364,Nitrogen Surplus,Optimal,18.561493255388083
kharif,364,Water Demand,Optimal,15.58425833109995
kharif,365,Nitrogen Emission,Optimal,18.83846913689727
kharif,365,Nitrogen Leach,Optimal,13.951547937117311
kharif,365,Greenhouse Gas emission,Optimal,9.59256502649435
kharif,365,Net return,Optimal,-248.87836239958872
kharif,365,Calorie,Optimal,-1.3564862063039016
kharif,365,Phosphorus application,Optimal,12.248178181148345
kharif,365,Nitrogen application,Optimal,12.534723812830375
kharif,365,Phosphorus Surplus,Optimal,15.8870545401162
kharif,365,Nitrogen Surplus,Optimal,18.205102138012773
kharif,365,Water Demand,Optimal,11.38620623374616
kharif,366,Nitrogen Emission,Optimal,19.143566876000275
kharif,366,Nitrogen Leach,Optimal,13.601512416613053
kharif,366,Greenhouse Gas emission,Optimal,11.13476669672229
kharif,366,Net return,Optimal,-215.59748418466674
kharif,366,Calorie,Optimal,-1.9411780523115714
kharif,366,Phosphorus application,Optimal,13.37580369594714
kharif,366,Nitrogen application,Optimal,12.5530657800937
kharif,366,Phosphorus Surplus,Optimal,17.48519792059319
kharif,366,Nitrogen Surplus,Optimal,18.46686516651098
kharif,366,Water Demand,Optimal,22.257232161788522
kharif,367,Nitrogen Emission,Optimal,17.771504445225137
kharif,367,Nitrogen Leach,Optimal,13.390981428879874
kharif,367,Greenhouse Gas emission,Optimal,11.435591534760707
kharif,367,Net return,Optimal,-173.75334864416044
kharif,367,Calorie,Optimal,-1.4187480510682957
kharif,367,Phosphorus application,Optimal,12.434508362183763
kharif,367,Nitrogen application,Optimal,11.853877293604835
kharif,367,Phosphorus Surplus,Optimal,16.194045860850323
kharif,367,Nitrogen Surplus,Optimal,17.22704193918174
kharif,367,Water Demand,Optimal,22.175976417100518
kharif,368,Nitrogen Emission,Optimal,17.980172846302725
kharif,368,Nitrogen Leach,Optimal,13.480567777228227
kharif,368,Greenhouse Gas emission,Optimal,10.694153798038027
kharif,368,Net return,Optimal,-201.99899305224983
kharif,368,Calorie,Optimal,-1.6777244393191315
kharif,368,Phosphorus application,Optimal,12.598167632784326
kharif,368,Nitrogen application,Optimal,11.776298086156398
kharif,368,Phosphorus Surplus,Optimal,16.507512437899234
kharif,368,Nitrogen Surplus,Optimal,17.419753920410717
kharif,368,Water Demand,Optimal,23.607746412045767
kharif,369,Nitrogen Emission,Optimal,18.552427293144287
kharif,369,Nitrogen Leach,Optimal,13.69967709964376
kharif,369,Greenhouse Gas emission,Optimal,10.288112372500438
kharif,369,Net return,Optimal,-227.0628759264057
kharif,369,Calorie,Optimal,-1.5677027011931228
kharif,369,Phosphorus application,Optimal,11.313397569849306
kharif,369,Nitrogen application,Optimal,12.295306027628579
kharif,369,Phosphorus Surplus,Optimal,14.882111014861465
kharif,369,Nitrogen Surplus,Optimal,18.06327843905765
kharif,369,Water Demand,Optimal,25.519249629031926
kharif,370,Nitrogen Emission,Optimal,17.796382565539044
kharif,370,Nitrogen Leach,Optimal,12.084294710267347
kharif,370,Greenhouse Gas emission,Optimal,11.627678699416236
kharif,370,Net return,Optimal,-234.4009622704395
kharif,370,Calorie,Optimal,-1.638148739376195
kharif,370,Phosphorus application,Optimal,14.648764416036498
kharif,370,Nitrogen application,Optimal,11.728570108938852
kharif,370,Phosphorus Surplus,Optimal,18.94400731532046
kharif,370,Nitrogen Surplus,Optimal,17.30198736790248
kharif,370,Water Demand,Optimal,22.575693888191708
kharif,371,Nitrogen Emission,Optimal,19.109115003909142
kharif,371,Nitrogen Leach,Optimal,14.711026954457331
kharif,371,Greenhouse Gas emission,Optimal,11.262961893133614
kharif,371,Net return,Optimal,-212.70060318273588
kharif,371,Calorie,Optimal,-1.5827430110899248
kharif,371,Phosphorus application,Optimal,14.053303367265322
kharif,371,Nitrogen application,Optimal,12.758908212478168
kharif,371,Phosphorus Surplus,Optimal,18.252364873377374
kharif,371,Nitrogen Surplus,Optimal,18.619053308342338
kharif,371,Water Demand,Optimal,25.525880081109324
kharif,372,Nitrogen Emission,Optimal,19.190676747375154
kharif,372,Nitrogen Leach,Optimal,14.288910635281724
kharif,372,Greenhouse Gas emission,Optimal,10.597930693148959
kharif,372,Net return,Optimal,-217.69414611667324
kharif,372,Calorie,Optimal,-1.6436374832577694
kharif,372,Phosphorus application,Optimal,13.942732725882815
kharif,372,Nitrogen application,Optimal,12.789464915056891
kharif,372,Phosphorus Surplus,Optimal,18.060226922564603
kharif,372,Nitrogen Surplus,Optimal,18.619413464819583
kharif,372,Water Demand,Optimal,20.43246035418099
kharif,373,Nitrogen Emission,Optimal,17.15018610006376
kharif,373,Nitrogen Leach,Optimal,12.349665800955298
kharif,373,Greenhouse Gas emission,Optimal,10.998839995944309
kharif,373,Net return,Optimal,-234.7558469931488
kharif,373,Calorie,Optimal,-1.5617403810561568
kharif,373,Phosphorus application,Optimal,12.097688543911522
kharif,373,Nitrogen application,Optimal,11.312320069758913
kharif,373,Phosphorus Surplus,Optimal,15.835144536912358
kharif,373,Nitrogen Surplus,Optimal,16.635661619686413
kharif,373,Water Demand,Optimal,19.282259808202234
kharif,374,Nitrogen Emission,Optimal,17.95465741438174
kharif,374,Nitrogen Leach,Optimal,13.858467809459606
kharif,374,Greenhouse Gas emission,Optimal,10.151210700408015
kharif,374,Net return,Optimal,-234.0560446057633
kharif,374,Calorie,Optimal,-2.0236076834492556
kharif,374,Phosphorus application,Optimal,13.775126863395823
kharif,374,Nitrogen application,Optimal,11.98301509939574
kharif,374,Phosphorus Surplus,Optimal,17.951029614282312
kharif,374,Nitrogen Surplus,Optimal,17.574213041320245
kharif,374,Water Demand,Optimal,21.92317373141407
kharif,375,Nitrogen Emission,Optimal,17.131005846595954
kharif,375,Nitrogen Leach,Optimal,12.21460203720189
kharif,375,Greenhouse Gas emission,Optimal,10.574651674295678
kharif,375,Net return,Optimal,-253.01198958878973
kharif,375,Calorie,Optimal,-1.5175695802098967
kharif,375,Phosphorus application,Optimal,13.558689085123035
kharif,375,Nitrogen application,Optimal,11.147149242717946
kharif,375,Phosphorus Surplus,Optimal,17.578058795966726
kharif,375,Nitrogen Surplus,Optimal,16.513321043681263
kharif,375,Water Demand,Optimal,21.195754751402824
kharif,376,Nitrogen Emission,Optimal,17.59143122585994
kharif,376,Nitrogen Leach,Optimal,13.893795034055374
kharif,376,Greenhouse Gas emission,Optimal,10.504301872270315
kharif,376,Net return,Optimal,-321.33540933497926
kharif,376,Calorie,Optimal,-1.3647679662584877
kharif,376,Phosphorus application,Optimal,12.402667240857838
kharif,376,Nitrogen application,Optimal,11.745216452920685
kharif,376,Phosphorus Surplus,Optimal,16.158972534854485
kharif,376,Nitrogen Surplus,Optimal,17.1717998984781
kharif,376,Water Demand,Optimal,22.69855426443407
kharif,377,Nitrogen Emission,Optimal,16.53204807260193
kharif,377,Nitrogen Leach,Optimal,11.849752233213117
kharif,377,Greenhouse Gas emission,Optimal,11.03674787322296
kharif,377,Net return,Optimal,-158.8962178908918
kharif,377,Calorie,Optimal,-1.5751145144903314
kharif,377,Phosphorus application,Optimal,12.52148454750885
kharif,377,Nitrogen application,Optimal,10.749269014654113
kharif,377,Phosphorus Surplus,Optimal,16.35705268223618
kharif,377,Nitrogen Surplus,Optimal,15.942974342010258
kharif,377,Water Demand,Optimal,22.19237392858502
kharif,378,Nitrogen Emission,Optimal,18.658873897302094
kharif,378,Nitrogen Leach,Optimal,14.667324977330566
kharif,378,Greenhouse Gas emission,Optimal,11.009571593773837
kharif,378,Net return,Optimal,-219.76703045356575
kharif,378,Calorie,Optimal,-1.604211359537719
kharif,378,Phosphorus application,Optimal,13.411903527436206
kharif,378,Nitrogen application,Optimal,12.373745591735362
kharif,378,Phosphorus Surplus,Optimal,17.442690251633987
kharif,378,Nitrogen Surplus,Optimal,18.141128638284567
kharif,378,Water Demand,Optimal,26.554753763489558
kharif,379,Nitrogen Emission,Optimal,16.351491345484717
kharif,379,Nitrogen Leach,Optimal,11.196277898740096
kharif,379,Greenhouse Gas emission,Optimal,10.13616340975559
kharif,379,Net return,Optimal,-237.61146975670204
kharif,379,Calorie,Optimal,-1.7242320143709686
kharif,379,Phosphorus application,Optimal,12.235690032066179
kharif,379,Nitrogen application,Optimal,10.615038625092271
kharif,379,Phosphorus Surplus,Optimal,16.015764676244903
kharif,379,Nitrogen Surplus,Optimal,15.73654060238184
kharif,379,Water Demand,Optimal,21.972011704068453
kharif,380,Nitrogen Emission,Optimal,17.89668106582494
kharif,380,Nitrogen Leach,Optimal,12.69687173466411
kharif,380,Greenhouse Gas emission,Optimal,9.390690370118257
kharif,380,Net return,Optimal,-210.40078663839216
kharif,380,Calorie,Optimal,-1.680243180112046
kharif,380,Phosphorus application,Optimal,13.092136136532055
kharif,380,Nitrogen application,Optimal,11.717422957337245
kharif,380,Phosphorus Surplus,Optimal,17.02174384609284
kharif,380,Nitrogen Surplus,Optimal,17.263503857862048
kharif,380,Water Demand,Optimal,20.52954143297146
kharif,381,Nitrogen Emission,Optimal,18.532654364978164
kharif,381,Nitrogen Leach,Optimal,13.285847158388393
kharif,381,Greenhouse Gas emission,Optimal,10.783636900358067
kharif,381,Net return,Optimal,-230.4800857806395
kharif,381,Calorie,Optimal,-1.5506056846248213
kharif,381,Phosphorus application,Optimal,13.433370243031305
kharif,381,Nitrogen application,Optimal,12.25480425408487
kharif,381,Phosphorus Surplus,Optimal,17.40585466786554
kharif,381,Nitrogen Surplus,Optimal,17.966379088432305
kharif,381,Water Demand,Optimal,19.081232822887053
kharif,382,Nitrogen Emission,Optimal,17.81408419032543
kharif,382,Nitrogen Leach,Optimal,12.768941894741188
kharif,382,Greenhouse Gas emission,Optimal,10.942559844146171
kharif,382,Net return,Optimal,-293.4058913520257
kharif,382,Calorie,Optimal,-1.524189793247823
kharif,382,Phosphorus application,Optimal,13.697847998377064
kharif,382,Nitrogen application,Optimal,11.727680337675029
kharif,382,Phosphorus Surplus,Optimal,17.819812545273752
kharif,382,Nitrogen Surplus,Optimal,17.25328348515026
kharif,382,Water Demand,Optimal,19.136945702375026
kharif,383,Nitrogen Emission,Optimal,18.43078437769092
kharif,383,Nitrogen Leach,Optimal,14.049053733399468
kharif,383,Greenhouse Gas emission,Optimal,10.984933367904112
kharif,383,Net return,Optimal,-255.09476591334308
kharif,383,Calorie,Optimal,-1.4768349568477477
kharif,383,Phosphorus application,Optimal,13.050403675879293
kharif,383,Nitrogen application,Optimal,12.223475548645318
kharif,383,Phosphorus Surplus,Optimal,16.933045207902275
kharif,383,Nitrogen Surplus,Optimal,17.848169355263302
kharif,383,Water Demand,Optimal,23.51128330908127
kharif,384,Nitrogen Emission,Optimal,18.191716553773507
kharif,384,Nitrogen Leach,Optimal,13.009709912008763
kharif,384,Greenhouse Gas emission,Optimal,11.682825096629934
kharif,384,Net return,Optimal,-221.06913699877902
kharif,384,Calorie,Optimal,-1.4578403314525612
kharif,384,Phosphorus application,Optimal,13.384124427316825
kharif,384,Nitrogen application,Optimal,11.914448436053604
kharif,384,Phosphorus Surplus,Optimal,17.422312858216657
kharif,384,Nitrogen Surplus,Optimal,17.580261957165128
kharif,384,Water Demand,Optimal,27.538918032154154
kharif,385,Nitrogen Emission,Optimal,18.205019912855498
kharif,385,Nitrogen Leach,Optimal,13.585666645596287
kharif,385,Greenhouse Gas emission,Optimal,10.09809517906744
kharif,385,Net return,Optimal,-136.14057876075853
kharif,385,Calorie,Optimal,-1.5223573483107262
kharif,385,Phosphorus application,Optimal,14.794303006259742
kharif,385,Nitrogen application,Optimal,11.981973590912283
kharif,385,Phosphorus Surplus,Optimal,19.090774389226556
kharif,385,Nitrogen Surplus,Optimal,17.693554178868535
kharif,385,Water Demand,Optimal,24.524103723022975
kharif,386,Nitrogen Emission,Optimal,18.05932894911867
kharif,386,Nitrogen Leach,Optimal,11.448672676772095
kharif,386,Greenhouse Gas emission,Optimal,11.183141446916842
kharif,386,Net return,Optimal,-214.6966642463609
kharif,386,Calorie,Optimal,-1.4645176001623308
kharif,386,Phosphorus application,Optimal,13.078462894332148
kharif,386,Nitrogen application,Optimal,11.953120737125674
kharif,386,Phosphorus Surplus,Optimal,17.01399385053632
kharif,386,Nitrogen Surplus,Optimal,17.489350229284625
kharif,386,Water Demand,Optimal,16.010496591059322
kharif,387,Nitrogen Emission,Optimal,17.4337659190814
kharif,387,Nitrogen Leach,Optimal,12.387407486267113
kharif,387,Greenhouse Gas emission,Optimal,10.143455595267898
kharif,387,Net return,Optimal,-258.42314887830514
kharif,387,Calorie,Optimal,-1.510358125316385
kharif,387,Phosphorus application,Optimal,12.27931667897517
kharif,387,Nitrogen application,Optimal,11.456661771686747
kharif,387,Phosphorus Surplus,Optimal,16.035410079555703
kharif,387,Nitrogen Surplus,Optimal,16.864294286208544
kharif,387,Water Demand,Optimal,21.229337765720885
kharif,388,Nitrogen Emission,Optimal,18.11627993304157
kharif,388,Nitrogen Leach,Optimal,13.27596148535126
kharif,388,Greenhouse Gas emission,Optimal,10.984916299662729
kharif,388,Net return,Optimal,-291.0116842739703
kharif,388,Calorie,Optimal,-1.9166378249068285
kharif,388,Phosphorus application,Optimal,14.11249547012864
kharif,388,Nitrogen application,Optimal,11.883603748158345
kharif,388,Phosphorus Surplus,Optimal,18.310323796484806
kharif,388,Nitrogen Surplus,Optimal,17.51833549231849
kharif,388,Water Demand,Optimal,24.177541367046885
kharif,389,Nitrogen Emission,Optimal,16.910603858740757
kharif,389,Nitrogen Leach,Optimal,12.656880678238846
kharif,389,Greenhouse Gas emission,Optimal,11.215169697053659
kharif,389,Net return,Optimal,-244.06040487947402
kharif,389,Calorie,Optimal,-1.449713170842894
kharif,389,Phosphorus application,Optimal,12.348451269403846
kharif,389,Nitrogen application,Optimal,11.040372253016576
kharif,389,Phosphorus Surplus,Optimal,16.179216654874487
kharif,389,Nitrogen Surplus,Optimal,16.317423712851472
kharif,389,Water Demand,Optimal,17.861035998248095
kharif,390,Nitrogen Emission,Optimal,17.861899920871082
kharif,390,Nitrogen Leach,Optimal,13.624899762498456
kharif,390,Greenhouse Gas emission,Optimal,10.290035288984468
kharif,390,Net return,Optimal,-258.2655481974483
kharif,390,Calorie,Optimal,-1.3704191763648987
kharif,390,Phosphorus application,Optimal,12.740344696903898
kharif,390,Nitrogen application,Optimal,11.817769389401384
kharif,390,Phosphorus Surplus,Optimal,16.54568734074317
kharif,390,Nitrogen Surplus,Optimal,17.388478219589686
kharif,390,Water Demand,Optimal,24.706047060504655
kharif,391,Nitrogen Emission,Optimal,19.725098315994657
kharif,391,Nitrogen Leach,Optimal,14.544527555159103
kharif,391,Greenhouse Gas emission,Optimal,11.923295729614663
kharif,391,Net return,Optimal,-247.66235872800928
kharif,391,Calorie,Optimal,-1.4270714075691882
kharif,391,Phosphorus application,Optimal,14.850461364124325
kharif,391,Nitrogen application,Optimal,13.292510260273927
kharif,391,Phosphorus Surplus,Optimal,19.169581876699535
kharif,391,Nitrogen Surplus,Optimal,19.228418562189823
kharif,391,Water Demand,Optimal,26.20281957059459
kharif,392,Nitrogen Emission,Optimal,18.37522110858008
kharif,392,Nitrogen Leach,Optimal,12.839392364175884
kharif,392,Greenhouse Gas emission,Optimal,10.41873174538789
kharif,392,Net return,Optimal,-248.43148845167445
kharif,392,Calorie,Optimal,-1.6781421619549435
kharif,392,Phosphorus application,Optimal,13.078283262432505
kharif,392,Nitrogen application,Optimal,12.132555717993547
kharif,392,Phosphorus Surplus,Optimal,16.967931730369298
kharif,392,Nitrogen Surplus,Optimal,17.732411276715258
kharif,392,Water Demand,Optimal,17.9751940533345
kharif,393,Nitrogen Emission,Optimal,18.47206030223927
kharif,393,Nitrogen Leach,Optimal,13.603237544380939
kharif,393,Greenhouse Gas emission,Optimal,11.41114201523519
kharif,393,Net return,Optimal,-116.49134093998403
kharif,393,Calorie,Optimal,-1.6345319672633107
kharif,393,Phosphorus application,Optimal,13.158156515016383
kharif,393,Nitrogen application,Optimal,12.050751877669516
kharif,393,Phosphorus Surplus,Optimal,17.182963206645482
kharif,393,Nitrogen Surplus,Optimal,17.80650832041608
kharif,393,Water Demand,Optimal,18.652553312281896
kharif,394,Nitrogen Emission,Optimal,18.127934845469028
kharif,394,Nitrogen Leach,Optimal,13.25532146680104
kharif,394,Greenhouse Gas emission,Optimal,10.143153917511007
kharif,394,Net return,Optimal,-234.9651614930205
kharif,394,Calorie,Optimal,-1.8042600619245508
kharif,394,Phosphorus application,Optimal,12.722302039430776
kharif,394,Nitrogen application,Optimal,11.948603637847294
kharif,394,Phosphorus Surplus,Optimal,16.619977894096596
kharif,394,Nitrogen Surplus,Optimal,17.613548637379917
kharif,394,Water Demand,Optimal,19.29023923269325
kharif,395,Nitrogen Emission,Optimal,15.879911354484944
kharif,395,Nitrogen Leach,Optimal,9.985443893154768
kharif,395,Greenhouse Gas emission,Optimal,11.907242814736575
kharif,395,Net return,Optimal,-188.7226742255164
kharif,395,Calorie,Optimal,-1.6450395470247197
kharif,395,Phosphorus application,Optimal,12.496639548057615
kharif,395,Nitrogen application,Optimal,10.18749531071511
kharif,395,Phosphorus Surplus,Optimal,16.36905867430903
kharif,395,Nitrogen Surplus,Optimal,15.157721897575918
kharif,395,Water Demand,Optimal,25.006839235534464
kharif,396,Nitrogen Emission,Optimal,18.26982836664134
kharif,396,Nitrogen Leach,Optimal,12.665832663673209
kharif,396,Greenhouse Gas emission,Optimal,10.408802001541815
kharif,396,Net return,Optimal,-220.03567318744396
kharif,396,Calorie,Optimal,-1.8282299508438016
kharif,396,Phosphorus application,Optimal,15.360456541901609
kharif,396,Nitrogen application,Optimal,12.062935260655061
kharif,396,Phosphorus Surplus,Optimal,19.84489324532662
kharif,396,Nitrogen Surplus,Optimal,17.621627017474033
kharif,396,Water Demand,Optimal,20.825795929535587
kharif,397,Nitrogen Emission,Optimal,17.79650379832518
kharif,397,Nitrogen Leach,Optimal,12.444121465534074
kharif,397,Greenhouse Gas emission,Optimal,10.52427316282387
kharif,397,Net return,Optimal,-290.27957921373314
kharif,397,Calorie,Optimal,-1.7275789304068287
kharif,397,Phosphorus application,Optimal,14.313073786958196
kharif,397,Nitrogen application,Optimal,11.710433773520847
kharif,397,Phosphorus Surplus,Optimal,18.54455696165585
kharif,397,Nitrogen Surplus,Optimal,17.184248519066884
kharif,397,Water Demand,Optimal,23.39943936186727
kharif,398,Nitrogen Emission,Optimal,18.492397263350437
kharif,398,Nitrogen Leach,Optimal,13.363883959661758
kharif,398,Greenhouse Gas emission,Optimal,10.075480478588355
kharif,398,Net return,Optimal,-236.75497073903924
kharif,398,Calorie,Optimal,-2.2849270006791214
kharif,398,Phosphorus application,Optimal,12.863455477684614
kharif,398,Nitrogen application,Optimal,12.092364872445954
kharif,398,Phosphorus Surplus,Optimal,16.89849373966721
kharif,398,Nitrogen Surplus,Optimal,17.888475772881122
kharif,398,Water Demand,Optimal,25.897754550249044
kharif,399,Nitrogen Emission,Optimal,18.37817669169867
kharif,399,Nitrogen Leach,Optimal,13.61398080389421
kharif,399,Greenhouse Gas emission,Optimal,11.476057643917203
kharif,399,Net return,Optimal,-229.40757968366145
kharif,399,Calorie,Optimal,-1.6146564702221444
kharif,399,Phosphorus application,Optimal,14.225458770656822
kharif,399,Nitrogen application,Optimal,12.123457607501
kharif,399,Phosphorus Surplus,Optimal,18.43359321056335
kharif,399,Nitrogen Surplus,Optimal,17.783989025919006
kharif,399,Water Demand,Optimal,22.13825821072854
kharif,400,Nitrogen Emission,Optimal,18.618658157525623
kharif,400,Nitrogen Leach,Optimal,14.328188760455324
kharif,400,Greenhouse Gas emission,Optimal,10.827018062955908
kharif,400,Net return,Optimal,-224.9772218187251
kharif,400,Calorie,Optimal,-1.8256374324047038
kharif,400,Phosphorus application,Optimal,13.05851820778273
kharif,400,Nitrogen application,Optimal,12.414525430544149
kharif,400,Phosphorus Surplus,Optimal,17.080709853602315
kharif,400,Nitrogen Surplus,Optimal,18.23266082876693
kharif,400,Water Demand,Optimal,19.515163956353305
kharif,401,Nitrogen Emission,Optimal,18.521156154449027
kharif,401,Nitrogen Leach,Optimal,13.070567743382687
kharif,401,Greenhouse Gas emission,Optimal,11.34779287696424
kharif,401,Net return,Optimal,-247.84528866681455
kharif,401,Calorie,Optimal,-1.7022678235728526
kharif,401,Phosphorus application,Optimal,12.148782935965157
kharif,401,Nitrogen application,Optimal,12.155933582443922
kharif,401,Phosphorus Surplus,Optimal,15.986463709497912
kharif,401,Nitrogen Surplus,Optimal,17.96096534165178
kharif,401,Water Demand,Optimal,24.666879425489046
kharif,402,Nitrogen Emission,Optimal,17.935842789380423
kharif,402,Nitrogen Leach,Optimal,12.956692621951671
kharif,402,Greenhouse Gas emission,Optimal,11.177665077603594
kharif,402,Net return,Optimal,-181.7530934855676
kharif,402,Calorie,Optimal,-1.331529030533396
kharif,402,Phosphorus application,Optimal,11.838135002183122
kharif,402,Nitrogen application,Optimal,11.852858306214921
kharif,402,Phosphorus Surplus,Optimal,15.502020773363286
kharif,402,Nitrogen Surplus,Optimal,17.346590756147616
kharif,402,Water Demand,Optimal,17.60096392515264
kharif,403,Nitrogen Emission,Optimal,17.220655294261064
kharif,403,Nitrogen Leach,Optimal,12.292581298656701
kharif,403,Greenhouse Gas emission,Optimal,11.190333088999708
kharif,403,Net return,Optimal,-258.1105438813545
kharif,403,Calorie,Optimal,-1.6625409424058664
kharif,403,Phosphorus application,Optimal,12.862907716545662
kharif,403,Nitrogen application,Optimal,11.303471511033097
kharif,403,Phosphorus Surplus,Optimal,16.818399434763855
kharif,403,Nitrogen Surplus,Optimal,16.70121085517467
kharif,403,Water Demand,Optimal,23.312797152882492
kharif,404,Nitrogen Emission,Optimal,19.586074912889877
kharif,404,Nitrogen Leach,Optimal,14.6795159803442
kharif,404,Greenhouse Gas emission,Optimal,10.225501515014718
kharif,404,Net return,Optimal,-259.98751982338587
kharif,404,Calorie,Optimal,-1.4727406809805326
kharif,404,Phosphorus application,Optimal,13.98406389037992
kharif,404,Nitrogen application,Optimal,13.183099393602866
kharif,404,Phosphorus Surplus,Optimal,18.109620994089894
kharif,404,Nitrogen Surplus,Optimal,19.105921727860753
kharif,404,Water Demand,Optimal,18.203990005026537
kharif,405,Nitrogen Emission,Optimal,16.68000129886864
kharif,405,Nitrogen Leach,Optimal,11.31595820226275
kharif,405,Greenhouse Gas emission,Optimal,11.179081751621686
kharif,405,Net return,Optimal,-226.94164396552196
kharif,405,Calorie,Optimal,-1.8170356150960265
kharif,405,Phosphorus application,Optimal,11.628977558039992
kharif,405,Nitrogen application,Optimal,10.838045868618828
kharif,405,Phosphorus Surplus,Optimal,15.330404371732795
kharif,405,Nitrogen Surplus,Optimal,16.022976814592436
kharif,405,Water Demand,Optimal,23.970158121159827
kharif,406,Nitrogen Emission,Optimal,17.122664993612084
kharif,406,Nitrogen Leach,Optimal,11.558478932220167
kharif,406,Greenhouse Gas emission,Optimal,10.7791737475466
kharif,406,Net return,Optimal,-250.01656768223043
kharif,406,Calorie,Optimal,-1.5304184053526366
kharif,406,Phosphorus application,Optimal,12.447005700071331
kharif,406,Nitrogen application,Optimal,11.192474788029928
kharif,406,Phosphorus Surplus,Optimal,16.263000994774554
kharif,406,Nitrogen Surplus,Optimal,16.498672855352254
kharif,406,Water Demand,Optimal,16.86841570774386
kharif,407,Nitrogen Emission,Optimal,19.128436892000774
kharif,407,Nitrogen Leach,Optimal,14.14355900501917
kharif,407,Greenhouse Gas emission,Optimal,10.78810258142781
kharif,407,Net return,Optimal,-252.13337722869008
kharif,407,Calorie,Optimal,-1.5767392294132658
kharif,407,Phosphorus application,Optimal,15.077788706729429
kharif,407,Nitrogen application,Optimal,12.626836693523172
kharif,407,Phosphorus Surplus,Optimal,19.44878436932235
kharif,407,Nitrogen Surplus,Optimal,18.48610672107854
kharif,407,Water Demand,Optimal,16.992839723124096
kharif,408,Nitrogen Emission,Optimal,17.900400479643565
kharif,408,Nitrogen Leach,Optimal,11.996536163786631
kharif,408,Greenhouse Gas emission,Optimal,11.992025185803506
kharif,408,Net return,Optimal,-247.41915312856142
kharif,408,Calorie,Optimal,-1.6391584535182104
kharif,408,Phosphorus application,Optimal,11.807880295734574
kharif,408,Nitrogen application,Optimal,11.736656346787338
kharif,408,Phosphorus Surplus,Optimal,15.606057065397874
kharif,408,Nitrogen Surplus,Optimal,17.30423018123054
kharif,408,Water Demand,Optimal,25.891942439969203
kharif,409,Nitrogen Emission,Optimal,17.859877261916175
kharif,409,Nitrogen Leach,Optimal,13.739144669152395
kharif,409,Greenhouse Gas emission,Optimal,10.820396372764082
kharif,409,Net return,Optimal,-218.43781622253002
kharif,409,Calorie,Optimal,-1.5553122867763896
kharif,409,Phosphorus application,Optimal,13.0946743660303
kharif,409,Nitrogen application,Optimal,11.810540498031607
kharif,409,Phosphorus Surplus,Optimal,17.059696888784128
kharif,409,Nitrogen Surplus,Optimal,17.42166647599839
kharif,409,Water Demand,Optimal,26.46160482331236
kharif,410,Nitrogen Emission,Optimal,18.52255046599512
kharif,410,Nitrogen Leach,Optimal,14.038139435314992
kharif,410,Greenhouse Gas emission,Optimal,11.37605403184727
kharif,410,Net return,Optimal,-198.27968450801487
kharif,410,Calorie,Optimal,-1.3850975243368404
kharif,410,Phosphorus application,Optimal,14.706726943236019
kharif,410,Nitrogen application,Optimal,12.326702101204527
kharif,410,Phosphorus Surplus,Optimal,19.002206538421454
kharif,410,Nitrogen Surplus,Optimal,18.01084161402878
kharif,410,Water Demand,Optimal,19.42601020816198
kharif,411,Nitrogen Emission,Optimal,19.803365246744647
kharif,411,Nitrogen Leach,Optimal,15.695022477565171
kharif,411,Greenhouse Gas emission,Optimal,10.901332105011615
kharif,411,Net return,Optimal,-199.5901295680758
kharif,411,Calorie,Optimal,-1.2899142016431275
kharif,411,Phosphorus application,Optimal,15.646561343041283
kharif,411,Nitrogen application,Optimal,13.280522314965255
kharif,411,Phosphorus Surplus,Optimal,20.085840738047885
kharif,411,Nitrogen Surplus,Optimal,19.247293920534887
kharif,411,Water Demand,Optimal,17.875463639398113
kharif,412,Nitrogen Emission,Optimal,17.31837202382999
kharif,412,Nitrogen Leach,Optimal,12.052216300035084
kharif,412,Greenhouse Gas emission,Optimal,10.095261599462395
kharif,412,Net return,Optimal,-287.448723483367
kharif,412,Calorie,Optimal,-1.6855956433855932
kharif,412,Phosphorus application,Optimal,9.948704689708917
kharif,412,Nitrogen application,Optimal,11.36722688068523
kharif,412,Phosphorus Surplus,Optimal,13.198103673430843
kharif,412,Nitrogen Surplus,Optimal,16.652440712054226
kharif,412,Water Demand,Optimal,25.26837514893041
kharif,413,Nitrogen Emission,Optimal,19.196098658850644
kharif,413,Nitrogen Leach,Optimal,15.477733182172596
kharif,413,Greenhouse Gas emission,Optimal,10.760628023520837
kharif,413,Net return,Optimal,-231.6732369901032
kharif,413,Calorie,Optimal,-1.563284942321377
kharif,413,Phosphorus application,Optimal,13.67149599151665
kharif,413,Nitrogen application,Optimal,12.87042296714686
kharif,413,Phosphorus Surplus,Optimal,17.70056685678964
kharif,413,Nitrogen Surplus,Optimal,18.76200749110099
kharif,413,Water Demand,Optimal,21.97200435737043
kharif,414,Nitrogen Emission,Optimal,17.43692734333214
kharif,414,Nitrogen Leach,Optimal,13.161900052731596
kharif,414,Greenhouse Gas emission,Optimal,11.516323700526565
kharif,414,Net return,Optimal,-228.85281192608514
kharif,414,Calorie,Optimal,-1.602835106516434
kharif,414,Phosphorus application,Optimal,13.429429290819682
kharif,414,Nitrogen application,Optimal,11.453925336085911
kharif,414,Phosphorus Surplus,Optimal,17.46234441796105
kharif,414,Nitrogen Surplus,Optimal,16.90489586348449
kharif,414,Water Demand,Optimal,24.17495694682118
kharif,415,Nitrogen Emission,Optimal,17.024413779681367
kharif,415,Nitrogen Leach,Optimal,12.047027171143416
kharif,415,Greenhouse Gas emission,Optimal,11.636656113765591
kharif,415,Net return,Optimal,-239.48175670979285
kharif,415,Calorie,Optimal,-1.6043025231196941
kharif,415,Phosphorus application,Optimal,11.740759127099505
kharif,415,Nitrogen application,Optimal,11.105493292193906
kharif,415,Phosphorus Surplus,Optimal,15.456527452880538
kharif,415,Nitrogen Surplus,Optimal,16.479950560518795
kharif,415,Water Demand,Optimal,21.722931893413676
kharif,416,Nitrogen Emission,Optimal,17.755282296178727
kharif,416,Nitrogen Leach,Optimal,12.929868303302875
kharif,416,Greenhouse Gas emission,Optimal,11.089061019679662
kharif,416,Net return,Optimal,-155.4052052600916
kharif,416,Calorie,Optimal,-1.5848209810323863
kharif,416,Phosphorus application,Optimal,12.079265271583434
kharif,416,Nitrogen application,Optimal,11.7738367077831
kharif,416,Phosphorus Surplus,Optimal,15.812040981427295
kharif,416,Nitrogen Surplus,Optimal,17.24939709676361
kharif,416,Water Demand,Optimal,21.736973736484817
kharif,417,Nitrogen Emission,Optimal,18.637023731193626
kharif,417,Nitrogen Leach,Optimal,14.096474457496655
kharif,417,Greenhouse Gas emission,Optimal,9.555119979960857
kharif,417,Net return,Optimal,-212.32167404694349
kharif,417,Calorie,Optimal,-1.8081835602461507
kharif,417,Phosphorus application,Optimal,12.528295511784446
kharif,417,Nitrogen application,Optimal,12.324375898229126
kharif,417,Phosphorus Surplus,Optimal,16.364308567167566
kharif,417,Nitrogen Surplus,Optimal,18.126714327168575
kharif,417,Water Demand,Optimal,12.72499916136732
kharif,418,Nitrogen Emission,Optimal,19.834099416854908
kharif,418,Nitrogen Leach,Optimal,16.70138707830497
kharif,418,Greenhouse Gas emission,Optimal,11.685875844797737
kharif,418,Net return,Optimal,-249.64538607951116
kharif,418,Calorie,Optimal,-1.487076932993938
kharif,418,Phosphorus application,Optimal,15.125465978945718
kharif,418,Nitrogen application,Optimal,13.192171173618448
kharif,418,Phosphorus Surplus,Optimal,19.523786093647953
kharif,418,Nitrogen Surplus,Optimal,19.25214810844207
kharif,418,Water Demand,Optimal,20.378041107367746
kharif,419,Nitrogen Emission,Optimal,17.242401626354628
kharif,419,Nitrogen Leach,Optimal,11.247139087886296
kharif,419,Greenhouse Gas emission,Optimal,11.005478071335293
kharif,419,Net return,Optimal,-171.05293981605874
kharif,419,Calorie,Optimal,-1.4862753870091479
kharif,419,Phosphorus application,Optimal,11.763886852516208
kharif,419,Nitrogen application,Optimal,11.296237137792403
kharif,419,Phosphorus Surplus,Optimal,15.427192263613883
kharif,419,Nitrogen Surplus,Optimal,16.70151741964081
kharif,419,Water Demand,Optimal,21.135203807990397
kharif,420,Nitrogen Emission,Optimal,17.467792225668358
kharif,420,Nitrogen Leach,Optimal,13.659939899397948
kharif,420,Greenhouse Gas emission,Optimal,10.664974454335312
kharif,420,Net return,Optimal,-190.8312917556777
kharif,420,Calorie,Optimal,-1.3123302417411802
kharif,420,Phosphorus application,Optimal,12.173050571341621
kharif,420,Nitrogen application,Optimal,11.621273177955253
kharif,420,Phosphorus Surplus,Optimal,15.921823291764643
kharif,420,Nitrogen Surplus,Optimal,17.030547960357463
kharif,420,Water Demand,Optimal,19.59825548055963
kharif,421,Nitrogen Emission,Optimal,18.345535719765905
kharif,421,Nitrogen Leach,Optimal,13.995012498592573
kharif,421,Greenhouse Gas emission,Optimal,10.85571949908012
kharif,421,Net return,Optimal,-213.36613876411568
kharif,421,Calorie,Optimal,-1.6921881203762072
kharif,421,Phosphorus application,Optimal,12.856323688850898
kharif,421,Nitrogen application,Optimal,12.147438818617937
kharif,421,Phosphorus Surplus,Optimal,16.809517464370877
kharif,421,Nitrogen Surplus,Optimal,17.823771669510453
kharif,421,Water Demand,Optimal,21.713524004007326
kharif,422,Nitrogen Emission,Optimal,17.058105965192127
kharif,422,Nitrogen Leach,Optimal,11.68015205538053
kharif,422,Greenhouse Gas emission,Optimal,10.563201639577679
kharif,422,Net return,Optimal,-236.87539902581
kharif,422,Calorie,Optimal,-1.5370553678086514
kharif,422,Phosphorus application,Optimal,12.966668379916392
kharif,422,Nitrogen application,Optimal,11.146366621862777
kharif,422,Phosphorus Surplus,Optimal,16.901714621952987
kharif,422,Nitrogen Surplus,Optimal,16.434725757972252
kharif,422,Water Demand,Optimal,23.871169317539884
kharif,423,Nitrogen Emission,Optimal,17.075191814731486
kharif,423,Nitrogen Leach,Optimal,11.378239133007675
kharif,423,Greenhouse Gas emission,Optimal,10.596309278672669
kharif,423,Net return,Optimal,-242.98765910001836
kharif,423,Calorie,Optimal,-1.4132234846209972
kharif,423,Phosphorus application,Optimal,13.170656170037542
kharif,423,Nitrogen application,Optimal,11.123250453748708
kharif,423,Phosphorus Surplus,Optimal,17.04190438548358
kharif,423,Nitrogen Surplus,Optimal,16.409198835852617
kharif,423,Water Demand,Optimal,20.061672683295722
kharif,424,Nitrogen Emission,Optimal,17.98673785866253
kharif,424,Nitrogen Leach,Optimal,13.355435507910043
kharif,424,Greenhouse Gas emission,Optimal,9.154276007434738
kharif,424,Net return,Optimal,-227.01219332512176
kharif,424,Calorie,Optimal,-2.0852703910168437
kharif,424,Phosphorus application,Optimal,14.269968257121013
kharif,424,Nitrogen application,Optimal,11.784029219630728
kharif,424,Phosphorus Surplus,Optimal,18.447657427032418
kharif,424,Nitrogen Surplus,Optimal,17.33194027390874
kharif,424,Water Demand,Optimal,20.717853672318416
kharif,425,Nitrogen Emission,Optimal,17.43830014464919
kharif,425,Nitrogen Leach,Optimal,12.85759085074326
kharif,425,Greenhouse Gas emission,Optimal,10.600649793487278
kharif,425,Net return,Optimal,-218.47701814327257
kharif,425,Calorie,Optimal,-1.6175537504750108
kharif,425,Phosphorus application,Optimal,12.16770595739063
kharif,425,Nitrogen application,Optimal,11.37651759281324
kharif,425,Phosphorus Surplus,Optimal,15.94893982732902
kharif,425,Nitrogen Surplus,Optimal,16.847541900870777
kharif,425,Water Demand,Optimal,24.50407309159896
kharif,426,Nitrogen Emission,Optimal,19.1837781609456
kharif,426,Nitrogen Leach,Optimal,13.992807474468544
kharif,426,Greenhouse Gas emission,Optimal,10.856309262397934
kharif,426,Net return,Optimal,-236.83377344332487
kharif,426,Calorie,Optimal,-1.7425022295313357
kharif,426,Phosphorus application,Optimal,13.788051835137086
kharif,426,Nitrogen application,Optimal,12.652399217532832
kharif,426,Phosphorus Surplus,Optimal,17.90937371449509
kharif,426,Nitrogen Surplus,Optimal,18.547224994264763
kharif,426,Water Demand,Optimal,22.541160256243653
kharif,427,Nitrogen Emission,Optimal,17.897087936012888
kharif,427,Nitrogen Leach,Optimal,12.309552140102843
kharif,427,Greenhouse Gas emission,Optimal,11.074563497931722
kharif,427,Net return,Optimal,-202.81290556521884
kharif,427,Calorie,Optimal,-1.4377941148571585
kharif,427,Phosphorus application,Optimal,14.099627082968503
kharif,427,Nitrogen application,Optimal,11.811123873548265
kharif,427,Phosphorus Surplus,Optimal,18.209267246272084
kharif,427,Nitrogen Surplus,Optimal,17.325255879467623
kharif,427,Water Demand,Optimal,20.364099436056986
kharif,428,Nitrogen Emission,Optimal,17.154398683344482
kharif,428,Nitrogen Leach,Optimal,13.459988943362415
kharif,428,Greenhouse Gas emission,Optimal,10.874534895305965
kharif,428,Net return,Optimal,-307.34795124201986
kharif,428,Calorie,Optimal,-1.3291329655715811
kharif,428,Phosphorus application,Optimal,14.026887990627557
kharif,428,Nitrogen application,Optimal,11.39527766675194
kharif,428,Phosphorus Surplus,Optimal,18.080361965981297
kharif,428,Nitrogen Surplus,Optimal,16.761349289692202
kharif,428,Water Demand,Optimal,22.338499186229583
kharif,429,Nitrogen Emission,Optimal,17.99028139383027
kharif,429,Nitrogen Leach,Optimal,14.121739973812717
kharif,429,Greenhouse Gas emission,Optimal,10.296257382974314
kharif,429,Net return,Optimal,-182.85943048547793
kharif,429,Calorie,Optimal,-1.5690227780775445
kharif,429,Phosphorus application,Optimal,11.643569710085794
kharif,429,Nitrogen application,Optimal,11.883269110130765
kharif,429,Phosphorus Surplus,Optimal,15.312172415433787
kharif,429,Nitrogen Surplus,Optimal,17.469685810590768
kharif,429,Water Demand,Optimal,21.292741110622263
kharif,430,Nitrogen Emission,Optimal,17.687880431280686
kharif,430,Nitrogen Leach,Optimal,12.663428433898394
kharif,430,Greenhouse Gas emission,Optimal,10.691433726477095
kharif,430,Net return,Optimal,-242.35073233597325
kharif,430,Calorie,Optimal,-1.539254024556062
kharif,430,Phosphorus application,Optimal,11.482091134672064
kharif,430,Nitrogen application,Optimal,11.645364321149566
kharif,430,Phosphorus Surplus,Optimal,15.082324569832346
kharif,430,Nitrogen Surplus,Optimal,17.086348812690108
kharif,430,Water Demand,Optimal,25.488538092873252
kharif,431,Nitrogen Emission,Optimal,18.35560671687673
kharif,431,Nitrogen Leach,Optimal,14.435253379227849
kharif,431,Greenhouse Gas emission,Optimal,10.587898099218245
kharif,431,Net return,Optimal,-290.62116207854325
kharif,431,Calorie,Optimal,-1.5750560217863363
kharif,431,Phosphorus application,Optimal,11.51987783641973
kharif,431,Nitrogen application,Optimal,12.112904452401079
kharif,431,Phosphorus Surplus,Optimal,15.16158755483215
kharif,431,Nitrogen Surplus,Optimal,17.765150284288115
kharif,431,Water Demand,Optimal,22.289424628322823
kharif,432,Nitrogen Emission,Optimal,16.73923062280452
kharif,432,Nitrogen Leach,Optimal,11.765657821331262
kharif,432,Greenhouse Gas emission,Optimal,11.00871357867912
kharif,432,Net return,Optimal,-187.2463974874966
kharif,432,Calorie,Optimal,-2.4014916861979025
kharif,432,Phosphorus application,Optimal,11.734987001878935
kharif,432,Nitrogen application,Optimal,10.703867359277384
kharif,432,Phosphorus Surplus,Optimal,15.654418061755237
kharif,432,Nitrogen Surplus,Optimal,16.208972625818465
kharif,432,Water Demand,Optimal,25.21654475137858
kharif,433,Nitrogen Emission,Optimal,18.023105520547254
kharif,433,Nitrogen Leach,Optimal,12.992802195791791
kharif,433,Greenhouse Gas emission,Optimal,11.659792138733755
kharif,433,Net return,Optimal,-250.41844529455062
kharif,433,Calorie,Optimal,-1.6155075674586092
kharif,433,Phosphorus application,Optimal,12.33190027345105
kharif,433,Nitrogen application,Optimal,11.876985897522198
kharif,433,Phosphorus Surplus,Optimal,16.174594938503635
kharif,433,Nitrogen Surplus,Optimal,17.477799464206857
kharif,433,Water Demand,Optimal,24.39394001181964
kharif,434,Nitrogen Emission,Optimal,17.5405891907048
kharif,434,Nitrogen Leach,Optimal,12.143147250953769
kharif,434,Greenhouse Gas emission,Optimal,10.47250538803728
kharif,434,Net return,Optimal,-224.87192072943978
kharif,434,Calorie,Optimal,-1.505225841243556
kharif,434,Phosphorus application,Optimal,13.108473811736019
kharif,434,Nitrogen application,Optimal,11.59108863835808
kharif,434,Phosphorus Surplus,Optimal,17.03324881564792
kharif,434,Nitrogen Surplus,Optimal,16.987669218078928
kharif,434,Water Demand,Optimal,21.37847817542918
kharif,435,Nitrogen Emission,Optimal,19.66098990445349
kharif,435,Nitrogen Leach,Optimal,15.297439012156838
kharif,435,Greenhouse Gas emission,Optimal,10.918614565459334
kharif,435,Net return,Optimal,-217.68510204511463
kharif,435,Calorie,Optimal,-1.5370585560278176
kharif,435,Phosphorus application,Optimal,13.46897687952368
kharif,435,Nitrogen application,Optimal,13.063946624549398
kharif,435,Phosphorus Surplus,Optimal,17.48704243242569
kharif,435,Nitrogen Surplus,Optimal,19.038625726776047
kharif,435,Water Demand,Optimal,18.15830237869409
kharif,436,Nitrogen Emission,Optimal,18.820498000595915
kharif,436,Nitrogen Leach,Optimal,13.882575878545207
kharif,436,Greenhouse Gas emission,Optimal,10.404693177722669
kharif,436,Net return,Optimal,-167.8982402470384
kharif,436,Calorie,Optimal,-1.648802742091934
kharif,436,Phosphorus application,Optimal,14.002294789814806
kharif,436,Nitrogen application,Optimal,12.431276317660535
kharif,436,Phosphorus Surplus,Optimal,18.09586327033859
kharif,436,Nitrogen Surplus,Optimal,18.262601612539964
kharif,436,Water Demand,Optimal,20.324612718557105
kharif,437,Nitrogen Emission,Optimal,19.304616230586817
kharif,437,Nitrogen Leach,Optimal,14.266133607404967
kharif,437,Greenhouse Gas emission,Optimal,10.420646262396161
kharif,437,Net return,Optimal,-216.43340533046324
kharif,437,Calorie,Optimal,-0.7154348454130189
kharif,437,Phosphorus application,Optimal,14.696072945751256
kharif,437,Nitrogen application,Optimal,13.020917693810611
kharif,437,Phosphorus Surplus,Optimal,18.75840536822684
kharif,437,Nitrogen Surplus,Optimal,18.69209968559123
kharif,437,Water Demand,Optimal,17.23528499813876
kharif,438,Nitrogen Emission,Optimal,18.56369083681289
kharif,438,Nitrogen Leach,Optimal,12.005475262488783
kharif,438,Greenhouse Gas emission,Optimal,11.036172227699783
kharif,438,Net return,Optimal,-258.73679006107795
kharif,438,Calorie,Optimal,-1.8476756406863735
kharif,438,Phosphorus application,Optimal,13.11230807346303
kharif,438,Nitrogen application,Optimal,12.190535157400335
kharif,438,Phosphorus Surplus,Optimal,17.112339553255673
kharif,438,Nitrogen Surplus,Optimal,17.8838492706665
kharif,438,Water Demand,Optimal,15.757807247037592
kharif,439,Nitrogen Emission,Optimal,17.50107142253065
kharif,439,Nitrogen Leach,Optimal,12.203946886762903
kharif,439,Greenhouse Gas emission,Optimal,11.405530513029298
kharif,439,Net return,Optimal,-260.6047783335764
kharif,439,Calorie,Optimal,-1.6414200364257399
kharif,439,Phosphorus application,Optimal,11.876346685691287
kharif,439,Nitrogen application,Optimal,11.473187397383741
kharif,439,Phosphorus Surplus,Optimal,15.546843846020849
kharif,439,Nitrogen Surplus,Optimal,16.861746527361735
kharif,439,Water Demand,Optimal,17.33390615605042
kharif,440,Nitrogen Emission,Optimal,18.074164257031782
kharif,440,Nitrogen Leach,Optimal,13.563624289465467
kharif,440,Greenhouse Gas emission,Optimal,11.490045602333467
kharif,440,Net return,Optimal,-217.95778166372892
kharif,440,Calorie,Optimal,-1.4833266014311763
kharif,440,Phosphorus application,Optimal,16.240222758383833
kharif,440,Nitrogen application,Optimal,11.863170642859032
kharif,440,Phosphorus Surplus,Optimal,20.840384889572025
kharif,440,Nitrogen Surplus,Optimal,17.47416084030386
kharif,440,Water Demand,Optimal,24.652388898385514
kharif,441,Nitrogen Emission,Optimal,17.353928766700708
kharif,441,Nitrogen Leach,Optimal,12.83459236607789
kharif,441,Greenhouse Gas emission,Optimal,11.488083666944146
kharif,441,Net return,Optimal,-157.37261560040548
kharif,441,Calorie,Optimal,-1.2946249238024767
kharif,441,Phosphorus application,Optimal,14.837486083603602
kharif,441,Nitrogen application,Optimal,11.414805436116843
kharif,441,Phosphorus Surplus,Optimal,19.168400260287967
kharif,441,Nitrogen Surplus,Optimal,16.817643144833074
kharif,441,Water Demand,Optimal,18.989274777234687
kharif,442,Nitrogen Emission,Optimal,17.950104981719523
kharif,442,Nitrogen Leach,Optimal,13.520356836490617
kharif,442,Greenhouse Gas emission,Optimal,10.094337266699359
kharif,442,Net return,Optimal,-187.75009859206727
kharif,442,Calorie,Optimal,-1.5825643582219584
kharif,442,Phosphorus application,Optimal,10.141551491056203
kharif,442,Nitrogen application,Optimal,11.954435139325064
kharif,442,Phosphorus Surplus,Optimal,13.423877630130193
kharif,442,Nitrogen Surplus,Optimal,17.445658813360968
kharif,442,Water Demand,Optimal,21.234621687895885
kharif,443,Nitrogen Emission,Optimal,19.317344713978546
kharif,443,Nitrogen Leach,Optimal,15.489889094712298
kharif,443,Greenhouse Gas emission,Optimal,11.226406374418506
kharif,443,Net return,Optimal,-260.2489940078315
kharif,443,Calorie,Optimal,-1.3738508947204549
kharif,443,Phosphorus application,Optimal,16.724810954477242
kharif,443,Nitrogen application,Optimal,12.923429172314941
kharif,443,Phosphorus Surplus,Optimal,21.371647604801538
kharif,443,Nitrogen Surplus,Optimal,18.830777862277063
kharif,443,Water Demand,Optimal,20.107315925879313
kharif,444,Nitrogen Emission,Optimal,16.466513675580018
kharif,444,Nitrogen Leach,Optimal,10.927533062952277
kharif,444,Greenhouse Gas emission,Optimal,10.727154300908833
kharif,444,Net return,Optimal,-235.64178320592205
kharif,444,Calorie,Optimal,-1.8931940745573235
kharif,444,Phosphorus application,Optimal,12.946759532919724
kharif,444,Nitrogen application,Optimal,10.5493163679807
kharif,444,Phosphorus Surplus,Optimal,16.931595539947615
kharif,444,Nitrogen Surplus,Optimal,15.83432280256634
kharif,444,Water Demand,Optimal,22.556570461506787
kharif,445,Nitrogen Emission,Optimal,17.83561857245083
kharif,445,Nitrogen Leach,Optimal,13.190086388233402
kharif,445,Greenhouse Gas emission,Optimal,9.767351947977744
kharif,445,Net return,Optimal,-215.42845659109994
kharif,445,Calorie,Optimal,-1.5721136708961023
kharif,445,Phosphorus application,Optimal,12.966862665658926
kharif,445,Nitrogen application,Optimal,11.787970870936713
kharif,445,Phosphorus Surplus,Optimal,16.779395394137257
kharif,445,Nitrogen Surplus,Optimal,17.30892281246686
kharif,445,Water Demand,Optimal,19.303734296196563
kharif,446,Nitrogen Emission,Optimal,18.47067388852598
kharif,446,Nitrogen Leach,Optimal,14.619489851668835
kharif,446,Greenhouse Gas emission,Optimal,11.409395815494545
kharif,446,Net return,Optimal,-194.06702377455338
kharif,446,Calorie,Optimal,-1.3585357500505946
kharif,446,Phosphorus application,Optimal,13.71526521581401
kharif,446,Nitrogen application,Optimal,12.275031481854592
kharif,446,Phosphorus Surplus,Optimal,17.78143202170269
kharif,446,Nitrogen Surplus,Optimal,17.940286025429938
kharif,446,Water Demand,Optimal,20.790053267592313
kharif,447,Nitrogen Emission,Optimal,18.368876000609877
kharif,447,Nitrogen Leach,Optimal,13.904833461405046
kharif,447,Greenhouse Gas emission,Optimal,10.92095501507337
kharif,447,Net return,Optimal,-241.05173237540276
kharif,447,Calorie,Optimal,-1.502758746934747
kharif,447,Phosphorus application,Optimal,13.73487396641899
kharif,447,Nitrogen application,Optimal,12.228197529192746
kharif,447,Phosphorus Surplus,Optimal,17.77962350307302
kharif,447,Nitrogen Surplus,Optimal,17.93048329072433
kharif,447,Water Demand,Optimal,25.3616672263774
kharif,448,Nitrogen Emission,Optimal,17.81278453090704
kharif,448,Nitrogen Leach,Optimal,11.720870204695064
kharif,448,Greenhouse Gas emission,Optimal,10.201846537447247
kharif,448,Net return,Optimal,-183.51216947264516
kharif,448,Calorie,Optimal,-1.5899905154057026
kharif,448,Phosphorus application,Optimal,13.988508527556613
kharif,448,Nitrogen application,Optimal,11.798352515158665
kharif,448,Phosphorus Surplus,Optimal,18.11749530341432
kharif,448,Nitrogen Surplus,Optimal,17.259788438412258
kharif,448,Water Demand,Optimal,17.73079091095959
kharif,449,Nitrogen Emission,Optimal,19.104026172527384
kharif,449,Nitrogen Leach,Optimal,14.24565655924603
kharif,449,Greenhouse Gas emission,Optimal,10.593824954203342
kharif,449,Net return,Optimal,-218.4758827056978
kharif,449,Calorie,Optimal,-1.6981220933339614
kharif,449,Phosphorus application,Optimal,12.161892947358673
kharif,449,Nitrogen application,Optimal,12.562516122520185
kharif,449,Phosphorus Surplus,Optimal,15.93682447290725
kharif,449,Nitrogen Surplus,Optimal,18.41455661984693
kharif,449,Water Demand,Optimal,18.31440795639107
kharif,450,Nitrogen Emission,Optimal,17.682161569178408
kharif,450,Nitrogen Leach,Optimal,12.56122015445353
kharif,450,Greenhouse Gas emission,Optimal,10.698171990120148
kharif,450,Net return,Optimal,-273.7179021578117
kharif,450,Calorie,Optimal,-1.597817530134173
kharif,450,Phosphorus application,Optimal,12.888453047298807
kharif,450,Nitrogen application,Optimal,11.540404400169617
kharif,450,Phosphorus Surplus,Optimal,16.79554480093853
kharif,450,Nitrogen Surplus,Optimal,16.983952014534438
kharif,450,Water Demand,Optimal,23.441424965604963
kharif,451,Nitrogen Emission,Optimal,18.288388148297305
kharif,451,Nitrogen Leach,Optimal,12.62440249576822
kharif,451,Greenhouse Gas emission,Optimal,11.012749234444906
kharif,451,Net return,Optimal,-238.9219488617772
kharif,451,Calorie,Optimal,-1.4871912109095122
kharif,451,Phosphorus application,Optimal,13.340295958420475
kharif,451,Nitrogen application,Optimal,11.942300072434387
kharif,451,Phosphorus Surplus,Optimal,17.3393994398786
kharif,451,Nitrogen Surplus,Optimal,17.5246686512645
kharif,451,Water Demand,Optimal,18.12321594440236
kharif,452,Nitrogen Emission,Optimal,19.059900426581994
kharif,452,Nitrogen Leach,Optimal,14.564597765711232
kharif,452,Greenhouse Gas emission,Optimal,10.437977718281557
kharif,452,Net return,Optimal,-227.49797983347116
kharif,452,Calorie,Optimal,-1.4363936866823992
kharif,452,Phosphorus application,Optimal,14.554299510601906
kharif,452,Nitrogen application,Optimal,12.738227681789759
kharif,452,Phosphorus Surplus,Optimal,18.758532580511616
kharif,452,Nitrogen Surplus,Optimal,18.517333275049257
kharif,452,Water Demand,Optimal,22.736851452176616
kharif,453,Nitrogen Emission,Optimal,19.083696998702752
kharif,453,Nitrogen Leach,Optimal,14.513434831486201
kharif,453,Greenhouse Gas emission,Optimal,11.266593268345126
kharif,453,Net return,Optimal,-201.72295903116535
kharif,453,Calorie,Optimal,-1.4520966319435513
kharif,453,Phosphorus application,Optimal,14.981588055710011
kharif,453,Nitrogen application,Optimal,12.699070253763189
kharif,453,Phosphorus Surplus,Optimal,19.361137451220507
kharif,453,Nitrogen Surplus,Optimal,18.654281505156604
kharif,453,Water Demand,Optimal,18.127933563026563
kharif,454,Nitrogen Emission,Optimal,18.73006830945664
kharif,454,Nitrogen Leach,Optimal,14.234537564079464
kharif,454,Greenhouse Gas emission,Optimal,10.838759954017931
kharif,454,Net return,Optimal,-211.57459406286478
kharif,454,Calorie,Optimal,-1.8065864060065109
kharif,454,Phosphorus application,Optimal,12.241191910656498
kharif,454,Nitrogen application,Optimal,12.47763168175488
kharif,454,Phosphorus Surplus,Optimal,16.076905022640403
kharif,454,Nitrogen Surplus,Optimal,18.268259108644347
kharif,454,Water Demand,Optimal,20.92761772409081
kharif,455,Nitrogen Emission,Optimal,18.484628527412614
kharif,455,Nitrogen Leach,Optimal,13.139704674153812
kharif,455,Greenhouse Gas emission,Optimal,11.449238862918172
kharif,455,Net return,Optimal,-235.16382105864008
kharif,455,Calorie,Optimal,-1.5925021739567635
kharif,455,Phosphorus application,Optimal,14.859762682787968
kharif,455,Nitrogen application,Optimal,12.175626579290121
kharif,455,Phosphorus Surplus,Optimal,19.25819905336735
kharif,455,Nitrogen Surplus,Optimal,17.911203067548104
kharif,455,Water Demand,Optimal,20.258047015644703
kharif,456,Nitrogen Emission,Optimal,18.441818350978302
kharif,456,Nitrogen Leach,Optimal,14.011946772443482
kharif,456,Greenhouse Gas emission,Optimal,9.795394417274727
kharif,456,Net return,Optimal,-207.44504155397144
kharif,456,Calorie,Optimal,-1.49665144641929
kharif,456,Phosphorus application,Optimal,11.997139460802048
kharif,456,Nitrogen application,Optimal,12.162251335974087
kharif,456,Phosphorus Surplus,Optimal,15.641819971434419
kharif,456,Nitrogen Surplus,Optimal,17.808203973950686
kharif,456,Water Demand,Optimal,24.345948039458484
kharif,457,Nitrogen Emission,Optimal,18.63288224892098
kharif,457,Nitrogen Leach,Optimal,13.830785798498114
kharif,457,Greenhouse Gas emission,Optimal,11.56477550413791
kharif,457,Net return,Optimal,-255.82903360060553
kharif,457,Calorie,Optimal,-1.6390575509412015
kharif,457,Phosphorus application,Optimal,16.67491457056537
kharif,457,Nitrogen application,Optimal,12.247986916025678
kharif,457,Phosphorus Surplus,Optimal,21.437783677912734
kharif,457,Nitrogen Surplus,Optimal,18.060102043316228
kharif,457,Water Demand,Optimal,23.59266097724561
kharif,458,Nitrogen Emission,Optimal,18.9766496360033
kharif,458,Nitrogen Leach,Optimal,14.234500123147292
kharif,458,Greenhouse Gas emission,Optimal,10.938419421453982
kharif,458,Net return,Optimal,-219.17549016047545
kharif,458,Calorie,Optimal,-1.771006868626434
kharif,458,Phosphorus application,Optimal,11.484476475508403
kharif,458,Nitrogen application,Optimal,12.44645410030589
kharif,458,Phosphorus Surplus,Optimal,15.191896438179409
kharif,458,Nitrogen Surplus,Optimal,18.362849232023652
kharif,458,Water Demand,Optimal,19.64077115261001
kharif,459,Nitrogen Emission,Optimal,18.12263979772213
kharif,459,Nitrogen Leach,Optimal,13.541293930460625
kharif,459,Greenhouse Gas emission,Optimal,11.161039282423516
kharif,459,Net return,Optimal,-181.2392648362341
kharif,459,Calorie,Optimal,-1.4250092109820836
kharif,459,Phosphorus application,Optimal,14.372149158090231
kharif,459,Nitrogen application,Optimal,11.966359837844996
kharif,459,Phosphorus Surplus,Optimal,18.519789190091565
kharif,459,Nitrogen Surplus,Optimal,17.581091650399976
kharif,459,Water Demand,Optimal,24.099888803104214
kharif,460,Nitrogen Emission,Optimal,18.309097119619757
kharif,460,Nitrogen Leach,Optimal,13.707695922514146
kharif,460,Greenhouse Gas emission,Optimal,9.956959390538684
kharif,460,Net return,Optimal,-253.51236916047992
kharif,460,Calorie,Optimal,-1.6252998652541752
kharif,460,Phosphorus application,Optimal,13.206325906313769
kharif,460,Nitrogen application,Optimal,12.17718985756857
kharif,460,Phosphorus Surplus,Optimal,17.19332415770977
kharif,460,Nitrogen Surplus,Optimal,17.812284018642597
kharif,460,Water Demand,Optimal,21.010125470289534
kharif,461,Nitrogen Emission,Optimal,19.556977363680467
kharif,461,Nitrogen Leach,Optimal,15.311460662895898
kharif,461,Greenhouse Gas emission,Optimal,9.317640530119132
kharif,461,Net return,Optimal,-250.26576138627718
kharif,461,Calorie,Optimal,-1.4901635181315864
kharif,461,Phosphorus application,Optimal,13.9967471311794
kharif,461,Nitrogen application,Optimal,13.172687550135029
kharif,461,Phosphorus Surplus,Optimal,18.03209148255797
kharif,461,Nitrogen Surplus,Optimal,19.161584857483376
kharif,461,Water Demand,Optimal,19.88009821988849
kharif,462,Nitrogen Emission,Optimal,18.281117720458386
kharif,462,Nitrogen Leach,Optimal,14.12079421901708
kharif,462,Greenhouse Gas emission,Optimal,11.835413881573896
kharif,462,Net return,Optimal,-278.4293420373244
kharif,462,Calorie,Optimal,-1.6171496553085623
kharif,462,Phosphorus application,Optimal,12.41477607202087
kharif,462,Nitrogen application,Optimal,12.12977612581643
kharif,462,Phosphorus Surplus,Optimal,16.286767288028205
kharif,462,Nitrogen Surplus,Optimal,17.793353212443872
kharif,462,Water Demand,Optimal,20.11351684279552
kharif,463,Nitrogen Emission,Optimal,19.14905137703807
kharif,463,Nitrogen Leach,Optimal,14.840529863782875
kharif,463,Greenhouse Gas emission,Optimal,10.343010812860694
kharif,463,Net return,Optimal,-220.16165271262187
kharif,463,Calorie,Optimal,-1.6080772960337508
kharif,463,Phosphorus application,Optimal,15.282871979543401
kharif,463,Nitrogen application,Optimal,12.772343722273142
kharif,463,Phosphorus Surplus,Optimal,19.656323232826196
kharif,463,Nitrogen Surplus,Optimal,18.6499734438798
kharif,463,Water Demand,Optimal,19.784997800199694
kharif,464,Nitrogen Emission,Optimal,18.162092292738077
kharif,464,Nitrogen Leach,Optimal,13.580836973179872
kharif,464,Greenhouse Gas emission,Optimal,9.625180989796947
kharif,464,Net return,Optimal,-222.04117622629886
kharif,464,Calorie,Optimal,-2.3463992161663976
kharif,464,Phosphorus application,Optimal,11.637946699008758
kharif,464,Nitrogen application,Optimal,11.89509484979287
kharif,464,Phosphorus Surplus,Optimal,15.429660138561871
kharif,464,Nitrogen Surplus,Optimal,17.577571838262195
kharif,464,Water Demand,Optimal,22.499043302121173
kharif,465,Nitrogen Emission,Optimal,17.328985545219865
kharif,465,Nitrogen Leach,Optimal,12.70694236098259
kharif,465,Greenhouse Gas emission,Optimal,10.614613952442703
kharif,465,Net return,Optimal,-235.23891359247995
kharif,465,Calorie,Optimal,-1.8082714812459164
kharif,465,Phosphorus application,Optimal,11.095214835297977
kharif,465,Nitrogen application,Optimal,11.381721905528956
kharif,465,Phosphorus Surplus,Optimal,14.647503539105104
kharif,465,Nitrogen Surplus,Optimal,16.79747556138264
kharif,465,Water Demand,Optimal,23.998442205251234
kharif,466,Nitrogen Emission,Optimal,18.62054341839868
kharif,466,Nitrogen Leach,Optimal,13.866319055413184
kharif,466,Greenhouse Gas emission,Optimal,10.130090168681274
kharif,466,Net return,Optimal,-154.75096863069606
kharif,466,Calorie,Optimal,-1.4769864495643379
kharif,466,Phosphorus application,Optimal,12.738516613901362
kharif,466,Nitrogen application,Optimal,12.41159176387696
kharif,466,Phosphorus Surplus,Optimal,16.533399870960597
kharif,466,Nitrogen Surplus,Optimal,18.06558799148978
kharif,466,Water Demand,Optimal,18.661530507704644
kharif,467,Nitrogen Emission,Optimal,17.14277743491293
kharif,467,Nitrogen Leach,Optimal,12.53339419321817
kharif,467,Greenhouse Gas emission,Optimal,10.266089786597643
kharif,467,Net return,Optimal,-218.0820878929093
kharif,467,Calorie,Optimal,-1.7144700842925684
kharif,467,Phosphorus application,Optimal,14.299135083432489
kharif,467,Nitrogen application,Optimal,11.301689029939983
kharif,467,Phosphorus Surplus,Optimal,18.43917409676607
kharif,467,Nitrogen Surplus,Optimal,16.61469733593082
kharif,467,Water Demand,Optimal,26.586935758075253
kharif,468,Nitrogen Emission,Optimal,20.10229077271752
kharif,468,Nitrogen Leach,Optimal,16.8597664380757
kharif,468,Greenhouse Gas emission,Optimal,10.975469697345183
kharif,468,Net return,Optimal,-271.09697127593955
kharif,468,Calorie,Optimal,-1.7517979961187182
kharif,468,Phosphorus application,Optimal,15.143250815879988
kharif,468,Nitrogen application,Optimal,13.449266372873382
kharif,468,Phosphorus Surplus,Optimal,19.580626185450438
kharif,468,Nitrogen Surplus,Optimal,19.608231355266184
kharif,468,Water Demand,Optimal,26.132990854906858
kharif,469,Nitrogen Emission,Optimal,18.657189099686903
kharif,469,Nitrogen Leach,Optimal,13.753517356006837
kharif,469,Greenhouse Gas emission,Optimal,9.948377641640059
kharif,469,Net return,Optimal,-163.503767653725
kharif,469,Calorie,Optimal,-1.7700803383799584
kharif,469,Phosphorus application,Optimal,13.950376186782169
kharif,469,Nitrogen application,Optimal,12.285288743930261
kharif,469,Phosphorus Surplus,Optimal,18.096861369837303
kharif,469,Nitrogen Surplus,Optimal,18.023710011299457
kharif,469,Water Demand,Optimal,14.245369762640022
kharif,470,Nitrogen Emission,Optimal,17.109205567011294
kharif,470,Nitrogen Leach,Optimal,11.776159446745305
kharif,470,Greenhouse Gas emission,Optimal,11.227279413428382
kharif,470,Net return,Optimal,-268.4900510276606
kharif,470,Calorie,Optimal,-1.569824352501225
kharif,470,Phosphorus application,Optimal,13.5851449961202
kharif,470,Nitrogen application,Optimal,11.086097830881938
kharif,470,Phosphorus Surplus,Optimal,17.691371645555993
kharif,470,Nitrogen Surplus,Optimal,16.40508543458071
kharif,470,Water Demand,Optimal,26.525494449268773
kharif,471,Nitrogen Emission,Optimal,18.713168847311685
kharif,471,Nitrogen Leach,Optimal,14.042365196740676
kharif,471,Greenhouse Gas emission,Optimal,11.03258790565937
kharif,471,Net return,Optimal,-229.20475551127228
kharif,471,Calorie,Optimal,-1.6106281874628499
kharif,471,Phosphorus application,Optimal,14.075604178678157
kharif,471,Nitrogen application,Optimal,12.21453561429231
kharif,471,Phosphorus Surplus,Optimal,18.261899630837707
kharif,471,Nitrogen Surplus,Optimal,17.968533226704732
kharif,471,Water Demand,Optimal,25.6246085249557
kharif,472,Nitrogen Emission,Optimal,18.304257729518653
kharif,472,Nitrogen Leach,Optimal,12.430482546558078
kharif,472,Greenhouse Gas emission,Optimal,11.463655408273357
kharif,472,Net return,Optimal,-257.2735959683107
kharif,472,Calorie,Optimal,-1.4250761125311397
kharif,472,Phosphorus application,Optimal,14.254423395488297
kharif,472,Nitrogen application,Optimal,12.02607668533779
kharif,472,Phosphorus Surplus,Optimal,18.452185904732804
kharif,472,Nitrogen Surplus,Optimal,17.73672608159482
kharif,472,Water Demand,Optimal,24.73974887359602
kharif,473,Nitrogen Emission,Optimal,19.254312437418786
kharif,473,Nitrogen Leach,Optimal,15.34832098132397
kharif,473,Greenhouse Gas emission,Optimal,11.009902069645085
kharif,473,Net return,Optimal,-207.1539256700825
kharif,473,Calorie,Optimal,-1.5207176446884334
kharif,473,Phosphorus application,Optimal,13.288809585546261
kharif,473,Nitrogen application,Optimal,12.798625388304247
kharif,473,Phosphorus Surplus,Optimal,17.272525355275565
kharif,473,Nitrogen Surplus,Optimal,18.678571770293907
kharif,473,Water Demand,Optimal,17.944317836509832
kharif,474,Nitrogen Emission,Optimal,18.344417256408676
kharif,474,Nitrogen Leach,Optimal,14.54069019689402
kharif,474,Greenhouse Gas emission,Optimal,10.725511055863054
kharif,474,Net return,Optimal,-234.50773677148138
kharif,474,Calorie,Optimal,-1.5587915480353427
kharif,474,Phosphorus application,Optimal,13.519607736732336
kharif,474,Nitrogen application,Optimal,12.293213953381338
kharif,474,Phosphorus Surplus,Optimal,17.527822310934187
kharif,474,Nitrogen Surplus,Optimal,17.853163340176778
kharif,474,Water Demand,Optimal,24.366968054330393
kharif,475,Nitrogen Emission,Optimal,18.3972721974118
kharif,475,Nitrogen Leach,Optimal,13.4908483641274
kharif,475,Greenhouse Gas emission,Optimal,10.61125874135818
kharif,475,Net return,Optimal,-269.4552015599233
kharif,475,Calorie,Optimal,-1.4781655308163306
kharif,475,Phosphorus application,Optimal,14.270950183542835
kharif,475,Nitrogen application,Optimal,12.111467184143859
kharif,475,Phosphorus Surplus,Optimal,18.4450624545119
kharif,475,Nitrogen Surplus,Optimal,17.796103053545888
kharif,475,Water Demand,Optimal,25.657481851388656
kharif,476,Nitrogen Emission,Optimal,18.669895959989525
kharif,476,Nitrogen Leach,Optimal,13.285732387098252
kharif,476,Greenhouse Gas emission,Optimal,10.500313092201168
kharif,476,Net return,Optimal,-254.11069765849325
kharif,476,Calorie,Optimal,-1.8117031735000912
kharif,476,Phosphorus application,Optimal,14.047610433066192
kharif,476,Nitrogen application,Optimal,12.335956907163046
kharif,476,Phosphorus Surplus,Optimal,18.229433306172396
kharif,476,Nitrogen Surplus,Optimal,18.02303220876674
kharif,476,Water Demand,Optimal,20.241245610470965
kharif,477,Nitrogen Emission,Optimal,18.2404616969743
kharif,477,Nitrogen Leach,Optimal,14.653984443619406
kharif,477,Greenhouse Gas emission,Optimal,10.638286940570868
kharif,477,Net return,Optimal,-212.71156530110056
kharif,477,Calorie,Optimal,-1.586825304029538
kharif,477,Phosphorus application,Optimal,12.885345063177049
kharif,477,Nitrogen application,Optimal,12.175763692761345
kharif,477,Phosphorus Surplus,Optimal,16.797697582358037
kharif,477,Nitrogen Surplus,Optimal,17.771112992608924
kharif,477,Water Demand,Optimal,20.727385797388443
kharif,478,Nitrogen Emission,Optimal,16.84740481846686
kharif,478,Nitrogen Leach,Optimal,12.724018809926385
kharif,478,Greenhouse Gas emission,Optimal,10.851267399088682
kharif,478,Net return,Optimal,-309.65658948289195
kharif,478,Calorie,Optimal,-1.4206381366676644
kharif,478,Phosphorus application,Optimal,10.995356118730426
kharif,478,Nitrogen application,Optimal,11.127235422584393
kharif,478,Phosphorus Surplus,Optimal,14.494998776171252
kharif,478,Nitrogen Surplus,Optimal,16.345365876926405
kharif,478,Water Demand,Optimal,12.05623482486277
kharif,479,Nitrogen Emission,Optimal,18.046649846486787
kharif,479,Nitrogen Leach,Optimal,12.629310103422986
kharif,479,Greenhouse Gas emission,Optimal,11.545474889670354
kharif,479,Net return,Optimal,-150.42788526407213
kharif,479,Calorie,Optimal,-1.7395266034111068
kharif,479,Phosphorus application,Optimal,14.030091791177501
kharif,479,Nitrogen application,Optimal,11.826948607613936
kharif,479,Phosphorus Surplus,Optimal,18.233633792291368
kharif,479,Nitrogen Surplus,Optimal,17.453137785063603
kharif,479,Water Demand,Optimal,24.16141054278769
kharif,480,Nitrogen Emission,Optimal,17.899319980604755
kharif,480,Nitrogen Leach,Optimal,12.681360759520498
kharif,480,Greenhouse Gas emission,Optimal,10.202218620161078
kharif,480,Net return,Optimal,-289.51734412693236
kharif,480,Calorie,Optimal,-1.6519408075704423
kharif,480,Phosphorus application,Optimal,11.689893111911324
kharif,480,Nitrogen application,Optimal,11.644622853446618
kharif,480,Phosphorus Surplus,Optimal,15.340521692007364
kharif,480,Nitrogen Surplus,Optimal,17.140005339376764
kharif,480,Water Demand,Optimal,22.231920488844093
kharif,481,Nitrogen Emission,Optimal,18.643306383979155
kharif,481,Nitrogen Leach,Optimal,13.222885819347223
kharif,481,Greenhouse Gas emission,Optimal,11.313641477566271
kharif,481,Net return,Optimal,-258.7107694874244
kharif,481,Calorie,Optimal,-1.579728813153257
kharif,481,Phosphorus application,Optimal,15.005801095282706
kharif,481,Nitrogen application,Optimal,12.418180285634278
kharif,481,Phosphorus Surplus,Optimal,19.37000430864827
kharif,481,Nitrogen Surplus,Optimal,18.17127087645474
kharif,481,Water Demand,Optimal,21.934602433812046
kharif,482,Nitrogen Emission,Optimal,17.125132029932733
kharif,482,Nitrogen Leach,Optimal,11.778732203833084
kharif,482,Greenhouse Gas emission,Optimal,9.7376910246925
kharif,482,Net return,Optimal,-239.75885767740033
kharif,482,Calorie,Optimal,-1.6967761757318147
kharif,482,Phosphorus application,Optimal,14.400325911166409
kharif,482,Nitrogen application,Optimal,11.170412390201426
kharif,482,Phosphorus Surplus,Optimal,18.60425015232749
kharif,482,Nitrogen Surplus,Optimal,16.539731594582396
kharif,482,Water Demand,Optimal,23.38195490477102
kharif,483,Nitrogen Emission,Optimal,18.88683702298523
kharif,483,Nitrogen Leach,Optimal,14.618728997435326
kharif,483,Greenhouse Gas emission,Optimal,11.5932400386732
kharif,483,Net return,Optimal,-234.83774434309916
kharif,483,Calorie,Optimal,-1.408097743900442
kharif,483,Phosphorus application,Optimal,13.41125088621128
kharif,483,Nitrogen application,Optimal,12.60174358017191
kharif,483,Phosphorus Surplus,Optimal,17.452698944825418
kharif,483,Nitrogen Surplus,Optimal,18.421211889272502
kharif,483,Water Demand,Optimal,20.849674490610422
kharif,484,Nitrogen Emission,Optimal,17.572575323083466
kharif,484,Nitrogen Leach,Optimal,13.354646798207428
kharif,484,Greenhouse Gas emission,Optimal,11.007622711374937
kharif,484,Net return,Optimal,-207.21318804421495
kharif,484,Calorie,Optimal,-1.4803238399764047
kharif,484,Phosphorus application,Optimal,12.641168085632449
kharif,484,Nitrogen application,Optimal,11.767095647203123
kharif,484,Phosphorus Surplus,Optimal,16.490106098191507
kharif,484,Nitrogen Surplus,Optimal,17.177854557285492
kharif,484,Water Demand,Optimal,20.285825293470023
kharif,485,Nitrogen Emission,Optimal,18.480663247496885
kharif,485,Nitrogen Leach,Optimal,13.119235947693731
kharif,485,Greenhouse Gas emission,Optimal,10.759330066234963
kharif,485,Net return,Optimal,-242.25072929619316
kharif,485,Calorie,Optimal,-1.5583268119931046
kharif,485,Phosphorus application,Optimal,11.748871647332232
kharif,485,Nitrogen application,Optimal,12.24752379198476
kharif,485,Phosphorus Surplus,Optimal,15.384021525042918
kharif,485,Nitrogen Surplus,Optimal,17.881827918905753
kharif,485,Water Demand,Optimal,16.978905745956578
kharif,486,Nitrogen Emission,Optimal,19.263367490912444
kharif,486,Nitrogen Leach,Optimal,14.231630681866068
kharif,486,Greenhouse Gas emission,Optimal,11.691588738076987
kharif,486,Net return,Optimal,-231.02722930415968
kharif,486,Calorie,Optimal,-1.7557733211558697
kharif,486,Phosphorus application,Optimal,14.086347999644088
kharif,486,Nitrogen application,Optimal,12.660002695829096
kharif,486,Phosphorus Surplus,Optimal,18.368826343267454
kharif,486,Nitrogen Surplus,Optimal,18.588592350029543
kharif,486,Water Demand,Optimal,18.847390289594962
kharif,487,Nitrogen Emission,Optimal,18.845815896690347
kharif,487,Nitrogen Leach,Optimal,14.097374359721663
kharif,487,Greenhouse Gas emission,Optimal,10.195251498542952
kharif,487,Net return,Optimal,-183.85608302396827
kharif,487,Calorie,Optimal,-1.6035248251759875
kharif,487,Phosphorus application,Optimal,13.92193815343393
kharif,487,Nitrogen application,Optimal,12.500175861790531
kharif,487,Phosphorus Surplus,Optimal,18.028943574886963
kharif,487,Nitrogen Surplus,Optimal,18.269949507091162
kharif,487,Water Demand,Optimal,14.80816928575561
kharif,488,Nitrogen Emission,Optimal,18.04914570469149
kharif,488,Nitrogen Leach,Optimal,14.144031048203447
kharif,488,Greenhouse Gas emission,Optimal,10.075482331123368
kharif,488,Net return,Optimal,-215.23503587185786
kharif,488,Calorie,Optimal,-1.5663031914498595
kharif,488,Phosphorus application,Optimal,12.604602868846305
kharif,488,Nitrogen application,Optimal,12.032143596894354
kharif,488,Phosphorus Surplus,Optimal,16.459037721945414
kharif,488,Nitrogen Surplus,Optimal,17.59609001142109
kharif,488,Water Demand,Optimal,19.360706245411826
kharif,489,Nitrogen Emission,Optimal,17.74412598813834
kharif,489,Nitrogen Leach,Optimal,13.001092135153238
kharif,489,Greenhouse Gas emission,Optimal,10.560073038228948
kharif,489,Net return,Optimal,-249.10598006127964
kharif,489,Calorie,Optimal,-1.6394008974563739
kharif,489,Phosphorus application,Optimal,14.304768418903947
kharif,489,Nitrogen application,Optimal,11.667181255222863
kharif,489,Phosphorus Surplus,Optimal,18.46597882026719
kharif,489,Nitrogen Surplus,Optimal,17.162520765068606
kharif,489,Water Demand,Optimal,17.97683395219546
kharif,490,Nitrogen Emission,Optimal,19.575799027036048
kharif,490,Nitrogen Leach,Optimal,14.635903735127217
kharif,490,Greenhouse Gas emission,Optimal,11.288572707519759
kharif,490,Net return,Optimal,-246.30528260251316
kharif,490,Calorie,Optimal,-1.4912705282052994
kharif,490,Phosphorus application,Optimal,14.755521947836066
kharif,490,Nitrogen application,Optimal,13.029645844512709
kharif,490,Phosphorus Surplus,Optimal,19.050217852396113
kharif,490,Nitrogen Surplus,Optimal,18.98085769461606
kharif,490,Water Demand,Optimal,18.088954089957106
kharif,491,Nitrogen Emission,Optimal,18.203669150538257
kharif,491,Nitrogen Leach,Optimal,13.075517196209972
kharif,491,Greenhouse Gas emission,Optimal,10.51779035908485
kharif,491,Net return,Optimal,-272.7762751535791
kharif,491,Calorie,Optimal,-1.339640645821764
kharif,491,Phosphorus application,Optimal,14.270095944775871
kharif,491,Nitrogen application,Optimal,12.103763202634767
kharif,491,Phosphorus Surplus,Optimal,18.411325620407297
kharif,491,Nitrogen Surplus,Optimal,17.653966115554223
kharif,491,Water Demand,Optimal,16.835710817229533
kharif,492,Nitrogen Emission,Optimal,19.441430525861772
kharif,492,Nitrogen Leach,Optimal,15.22897437763095
kharif,492,Greenhouse Gas emission,Optimal,11.312966632149148
kharif,492,Net return,Optimal,-189.90627283067226
kharif,492,Calorie,Optimal,-1.448577733867433
kharif,492,Phosphorus application,Optimal,13.517558679939272
kharif,492,Nitrogen application,Optimal,12.9328386360184
kharif,492,Phosphorus Surplus,Optimal,17.57439677886458
kharif,492,Nitrogen Surplus,Optimal,18.9452727253038
kharif,492,Water Demand,Optimal,18.23393101094863
kharif,493,Nitrogen Emission,Optimal,18.328584887878666
kharif,493,Nitrogen Leach,Optimal,13.298865414793458
kharif,493,Greenhouse Gas emission,Optimal,11.022195554337195
kharif,493,Net return,Optimal,-220.32931318872843
kharif,493,Calorie,Optimal,-1.4684048419320637
kharif,493,Phosphorus application,Optimal,11.854927475571065
kharif,493,Nitrogen application,Optimal,12.226587898847196
kharif,493,Phosphorus Surplus,Optimal,15.492480345256322
kharif,493,Nitrogen Surplus,Optimal,17.879151430964445
kharif,493,Water Demand,Optimal,17.830856531642848
kharif,494,Nitrogen Emission,Optimal,19.328357351590327
kharif,494,Nitrogen Leach,Optimal,15.047566328058922
kharif,494,Greenhouse Gas emission,Optimal,11.820234762834659
kharif,494,Net return,Optimal,-309.97389405126546
kharif,494,Calorie,Optimal,-1.5664937829742316
kharif,494,Phosphorus application,Optimal,12.889590068316005
kharif,494,Nitrogen application,Optimal,12.878724090525903
kharif,494,Phosphorus Surplus,Optimal,16.88621535245881
kharif,494,Nitrogen Surplus,Optimal,18.856672102610986
kharif,494,Water Demand,Optimal,25.61863753659238
kharif,495,Nitrogen Emission,Optimal,18.650597010053602
kharif,495,Nitrogen Leach,Optimal,13.007873450064361
kharif,495,Greenhouse Gas emission,Optimal,11.380476971200833
kharif,495,Net return,Optimal,-157.77001764830973
kharif,495,Calorie,Optimal,-1.7533722886948973
kharif,495,Phosphorus application,Optimal,11.221166479718075
kharif,495,Nitrogen application,Optimal,12.087759296231933
kharif,495,Phosphorus Surplus,Optimal,14.896400824139365
kharif,495,Nitrogen Surplus,Optimal,17.95904089505221
kharif,495,Water Demand,Optimal,22.402495225854537
kharif,496,Nitrogen Emission,Optimal,18.736118353374795
kharif,496,Nitrogen Leach,Optimal,14.522253257967202
kharif,496,Greenhouse Gas emission,Optimal,10.977096773325549
kharif,496,Net return,Optimal,-188.16587309108593
kharif,496,Calorie,Optimal,-1.6145740535832134
kharif,496,Phosphorus application,Optimal,13.849063502110473
kharif,496,Nitrogen application,Optimal,12.34034645723181
kharif,496,Phosphorus Surplus,Optimal,17.952842924573194
kharif,496,Nitrogen Surplus,Optimal,18.199749050260603
kharif,496,Water Demand,Optimal,23.76869926915696
kharif,497,Nitrogen Emission,Optimal,16.699559973911057
kharif,497,Nitrogen Leach,Optimal,12.264896751806766
kharif,497,Greenhouse Gas emission,Optimal,11.73453502161781
kharif,497,Net return,Optimal,-297.8596709433547
kharif,497,Calorie,Optimal,-1.4654881077118265
kharif,497,Phosphorus application,Optimal,12.899276896155401
kharif,497,Nitrogen application,Optimal,10.946894942836245
kharif,497,Phosphorus Surplus,Optimal,16.808403771876577
kharif,497,Nitrogen Surplus,Optimal,16.110472017271864
kharif,497,Water Demand,Optimal,24.861919565410215
kharif,498,Nitrogen Emission,Optimal,17.89516483249868
kharif,498,Nitrogen Leach,Optimal,12.310221812116286
kharif,498,Greenhouse Gas emission,Optimal,9.305830575221858
kharif,498,Net return,Optimal,-239.36592236754836
kharif,498,Calorie,Optimal,-1.4858004967027876
kharif,498,Phosphorus application,Optimal,12.500209034934107
kharif,498,Nitrogen application,Optimal,11.974148513612356
kharif,498,Phosphorus Surplus,Optimal,16.217536978463723
kharif,498,Nitrogen Surplus,Optimal,17.294872662330256
kharif,498,Water Demand,Optimal,15.337926375230017
kharif,499,Nitrogen Emission,Optimal,17.62602928650486
kharif,499,Nitrogen Leach,Optimal,11.467707104776732
kharif,499,Greenhouse Gas emission,Optimal,10.866976607131022
kharif,499,Net return,Optimal,-192.9160596747429
kharif,499,Calorie,Optimal,-1.3024444289163115
kharif,499,Phosphorus application,Optimal,15.521447863063752
kharif,499,Nitrogen application,Optimal,11.532013904628531
kharif,499,Phosphorus Surplus,Optimal,19.88704418840369
kharif,499,Nitrogen Surplus,Optimal,16.91166243202943
kharif,499,Water Demand,Optimal,21.900502196228086
