season,iteration,metric,status,pct_reduction
rabi,0,Nitrogen Emission,Optimal,8.366642312489553
rabi,0,Nitrogen Leach,Optimal,8.786357200558252
rabi,0,Greenhouse Gas emission,Optimal,-2.5831750063784393
rabi,0,Net return,Optimal,2.661623465316036
rabi,0,Calorie,Optimal,-1.1611927167956984
rabi,0,Phosphorus application,Optimal,5.958604622827304
rabi,0,Nitrogen application,Optimal,4.706514983190024
rabi,0,Phosphorus Surplus,Optimal,8.103719108221181
rabi,0,Nitrogen Surplus,Optimal,7.7624063501222205
rabi,0,Water Demand,Optimal,5.664782694011932
rabi,1,Nitrogen Emission,Optimal,11.576291224794259
rabi,1,Nitrogen Leach,Optimal,12.087457985163548
rabi,1,Greenhouse Gas emission,Optimal,-2.329431665554376
rabi,1,Net return,Optimal,2.7024942497023154
rabi,1,Calorie,Optimal,-1.6542749808924548
rabi,1,Phosphorus application,Optimal,7.484278947450221
rabi,1,Nitrogen application,Optimal,6.332158731323201
rabi,1,Phosphorus Surplus,Optimal,10.308307324537045
rabi,1,Nitrogen Surplus,Optimal,11.090868581602452
rabi,1,Water Demand,Optimal,-0.08787783628509897
rabi,2,Nitrogen Emission,Optimal,11.400724379132654
rabi,2,Nitrogen Leach,Optimal,12.14024453662149
rabi,2,Greenhouse Gas emission,Optimal,-4.7598016115672435
rabi,2,Net return,Optimal,2.5375606117010716
rabi,2,Calorie,Optimal,-1.343877036850071
rabi,2,Phosphorus application,Optimal,6.390700505859206
rabi,2,Nitrogen application,Optimal,6.294729974144683
rabi,2,Phosphorus Surplus,Optimal,8.667222278815577
rabi,2,Nitrogen Surplus,Optimal,10.73209846357045
rabi,2,Water Demand,Optimal,0.8721940394232638
rabi,3,Nitrogen Emission,Optimal,9.68589377706016
rabi,3,Nitrogen Leach,Optimal,11.119455329631226
rabi,3,Greenhouse Gas emission,Optimal,-6.029799284356738
rabi,3,Net return,Optimal,2.419877304180944
rabi,3,Calorie,Optimal,-0.7014575815736269
rabi,3,Phosphorus application,Optimal,6.22875975126395
rabi,3,Nitrogen application,Optimal,5.796815262465198
rabi,3,Phosphorus Surplus,Optimal,8.216548215761154
rabi,3,Nitrogen Surplus,Optimal,9.289237644504771
rabi,3,Water Demand,Optimal,0.8126372995688376
rabi,4,Nitrogen Emission,Optimal,11.644786406642249
rabi,4,Nitrogen Leach,Optimal,12.585668763360534
rabi,4,Greenhouse Gas emission,Optimal,-6.572944078036911
rabi,4,Net return,Optimal,0.10371814898331652
rabi,4,Calorie,Optimal,-0.9519065229586012
rabi,4,Phosphorus application,Optimal,7.417871611307082
rabi,4,Nitrogen application,Optimal,6.6557843784765085
rabi,4,Phosphorus Surplus,Optimal,9.954995011435429
rabi,4,Nitrogen Surplus,Optimal,11.15759593937717
rabi,4,Water Demand,Optimal,2.2954167526960165
rabi,5,Nitrogen Emission,Optimal,11.845648423180528
rabi,5,Nitrogen Leach,Optimal,12.881160281825387
rabi,5,Greenhouse Gas emission,Optimal,-4.721632640796448
rabi,5,Net return,Optimal,2.740210778804023
rabi,5,Calorie,Optimal,-1.1241679802710138
rabi,5,Phosphorus application,Optimal,6.562217222544665
rabi,5,Nitrogen application,Optimal,6.5415614780095845
rabi,5,Phosphorus Surplus,Optimal,8.922165371141418
rabi,5,Nitrogen Surplus,Optimal,11.454208586800613
rabi,5,Water Demand,Optimal,2.2473096046012193
rabi,6,Nitrogen Emission,Optimal,10.85268941302826
rabi,6,Nitrogen Leach,Optimal,11.346382360609722
rabi,6,Greenhouse Gas emission,Optimal,-2.545725979312389
rabi,6,Net return,Optimal,0.11024003717998986
rabi,6,Calorie,Optimal,-1.2176679423641077
rabi,6,Phosphorus application,Optimal,6.585619993724678
rabi,6,Nitrogen application,Optimal,5.985269655430815
rabi,6,Phosphorus Surplus,Optimal,8.993435699902118
rabi,6,Nitrogen Surplus,Optimal,10.207038129596475
rabi,6,Water Demand,Optimal,5.038272018668815
rabi,7,Nitrogen Emission,Optimal,11.468918306476535
rabi,7,Nitrogen Leach,Optimal,11.523766070825687
rabi,7,Greenhouse Gas emission,Optimal,-2.5666610027492163
rabi,7,Net return,Optimal,0.8828445168825685
rabi,7,Calorie,Optimal,-1.213108137386056
rabi,7,Phosphorus application,Optimal,6.813316809360851
rabi,7,Nitrogen application,Optimal,6.122936738614261
rabi,7,Phosphorus Surplus,Optimal,9.36900927837729
rabi,7,Nitrogen Surplus,Optimal,10.890830351824414
rabi,7,Water Demand,Optimal,4.647267890392764
rabi,8,Nitrogen Emission,Optimal,11.575551290946944
rabi,8,Nitrogen Leach,Optimal,11.743950169779527
rabi,8,Greenhouse Gas emission,Optimal,-6.903243696856288
rabi,8,Net return,Optimal,6.896917704627762
rabi,8,Calorie,Optimal,-0.9910830891873696
rabi,8,Phosphorus application,Optimal,5.369993966462299
rabi,8,Nitrogen application,Optimal,6.771832391564483
rabi,8,Phosphorus Surplus,Optimal,7.1016052954400095
rabi,8,Nitrogen Surplus,Optimal,11.080613411923434
rabi,8,Water Demand,Optimal,3.1137581025646583
rabi,9,Nitrogen Emission,Optimal,11.712153712992924
rabi,9,Nitrogen Leach,Optimal,12.105856955560407
rabi,9,Greenhouse Gas emission,Optimal,-4.754763531796687
rabi,9,Net return,Optimal,1.2341555045778585
rabi,9,Calorie,Optimal,-0.7494918273294215
rabi,9,Phosphorus application,Optimal,7.582597452224589
rabi,9,Nitrogen application,Optimal,6.602869775791543
rabi,9,Phosphorus Surplus,Optimal,10.148576293469148
rabi,9,Nitrogen Surplus,Optimal,11.102542720839002
rabi,9,Water Demand,Optimal,0.20181026645270567
rabi,10,Nitrogen Emission,Optimal,12.878648979346867
rabi,10,Nitrogen Leach,Optimal,13.080741160986928
rabi,10,Greenhouse Gas emission,Optimal,-4.992706967461014
rabi,10,Net return,Optimal,1.1644641917564178
rabi,10,Calorie,Optimal,-0.8767669741789148
rabi,10,Phosphorus application,Optimal,7.4456834603264115
rabi,10,Nitrogen application,Optimal,7.261416073370745
rabi,10,Phosphorus Surplus,Optimal,10.020404744788273
rabi,10,Nitrogen Surplus,Optimal,12.41330365198862
rabi,10,Water Demand,Optimal,3.47121684770354
rabi,11,Nitrogen Emission,Optimal,12.063772799170826
rabi,11,Nitrogen Leach,Optimal,12.543506703272607
rabi,11,Greenhouse Gas emission,Optimal,-6.286203153540248
rabi,11,Net return,Optimal,0.6850106022205351
rabi,11,Calorie,Optimal,-1.1707724422184915
rabi,11,Phosphorus application,Optimal,6.252563102743353
rabi,11,Nitrogen application,Optimal,6.62169991362166
rabi,11,Phosphorus Surplus,Optimal,8.480428886402548
rabi,11,Nitrogen Surplus,Optimal,11.483219586801546
rabi,11,Water Demand,Optimal,-4.046230172249959
rabi,12,Nitrogen Emission,Optimal,11.03831315421345
rabi,12,Nitrogen Leach,Optimal,10.79888252374255
rabi,12,Greenhouse Gas emission,Optimal,-2.219794488239644
rabi,12,Net return,Optimal,9.125822409794909
rabi,12,Calorie,Optimal,-0.7470553216861948
rabi,12,Phosphorus application,Optimal,4.997857310936833
rabi,12,Nitrogen application,Optimal,6.347547004738339
rabi,12,Phosphorus Surplus,Optimal,6.656398329551381
rabi,12,Nitrogen Surplus,Optimal,10.51373504012024
rabi,12,Water Demand,Optimal,5.197277944099795
rabi,13,Nitrogen Emission,Optimal,10.863366490876013
rabi,13,Nitrogen Leach,Optimal,11.611072442214974
rabi,13,Greenhouse Gas emission,Optimal,-3.9772133464151045
rabi,13,Net return,Optimal,2.386643395559624
rabi,13,Calorie,Optimal,-0.6384616726174538
rabi,13,Phosphorus application,Optimal,7.191447927098585
rabi,13,Nitrogen application,Optimal,6.059867136563002
rabi,13,Phosphorus Surplus,Optimal,9.669491922835586
rabi,13,Nitrogen Surplus,Optimal,10.246811772344786
rabi,13,Water Demand,Optimal,3.3647383740930765
rabi,14,Nitrogen Emission,Optimal,10.285099950746194
rabi,14,Nitrogen Leach,Optimal,10.293304488514387
rabi,14,Greenhouse Gas emission,Optimal,-1.9131748501104482
rabi,14,Net return,Optimal,4.2377399857914355
rabi,14,Calorie,Optimal,-0.8836029044217826
rabi,14,Phosphorus application,Optimal,5.4829935930639335
rabi,14,Nitrogen application,Optimal,5.999309441702863
rabi,14,Phosphorus Surplus,Optimal,7.352806454908565
rabi,14,Nitrogen Surplus,Optimal,9.915947572071332
rabi,14,Water Demand,Optimal,2.480435239054172
rabi,15,Nitrogen Emission,Optimal,11.669220636042724
rabi,15,Nitrogen Leach,Optimal,12.221676136077363
rabi,15,Greenhouse Gas emission,Optimal,-2.0240489485165845
rabi,15,Net return,Optimal,0.0921458208854241
rabi,15,Calorie,Optimal,-1.2848299842348174
rabi,15,Phosphorus application,Optimal,7.713101566073218
rabi,15,Nitrogen application,Optimal,6.455737685005279
rabi,15,Phosphorus Surplus,Optimal,10.54732131798794
rabi,15,Nitrogen Surplus,Optimal,11.192695724466043
rabi,15,Water Demand,Optimal,0.9183661680637176
rabi,16,Nitrogen Emission,Optimal,11.665248250076527
rabi,16,Nitrogen Leach,Optimal,11.919952498761461
rabi,16,Greenhouse Gas emission,Optimal,-4.426251040209238
rabi,16,Net return,Optimal,2.3124813245468356
rabi,16,Calorie,Optimal,-0.9802930196382907
rabi,16,Phosphorus application,Optimal,7.271758415340498
rabi,16,Nitrogen application,Optimal,6.604022400984342
rabi,16,Phosphorus Surplus,Optimal,9.796449815502202
rabi,16,Nitrogen Surplus,Optimal,11.156465006800339
rabi,16,Water Demand,Optimal,-1.014401108792974
rabi,17,Nitrogen Emission,Optimal,10.852066378158051
rabi,17,Nitrogen Leach,Optimal,11.568369107303294
rabi,17,Greenhouse Gas emission,Optimal,-4.316499017084907
rabi,17,Net return,Optimal,8.881954552599701
rabi,17,Calorie,Optimal,-1.2135456323954283
rabi,17,Phosphorus application,Optimal,3.7764317911591716
rabi,17,Nitrogen application,Optimal,6.094604852333691
rabi,17,Phosphorus Surplus,Optimal,5.077879244035875
rabi,17,Nitrogen Surplus,Optimal,10.187312098126554
rabi,17,Water Demand,Optimal,-0.557717249774842
rabi,18,Nitrogen Emission,Optimal,11.450715986436155
rabi,18,Nitrogen Leach,Optimal,12.17547471215997
rabi,18,Greenhouse Gas emission,Optimal,-4.608899597101424
rabi,18,Net return,Optimal,0.10679457575251045
rabi,18,Calorie,Optimal,-1.2124811273010967
rabi,18,Phosphorus application,Optimal,5.396742474395675
rabi,18,Nitrogen application,Optimal,6.341955891061965
rabi,18,Phosphorus Surplus,Optimal,7.335540791898769
rabi,18,Nitrogen Surplus,Optimal,11.022757995671299
rabi,18,Water Demand,Optimal,1.3517215911807563
rabi,19,Nitrogen Emission,Optimal,11.643009991648679
rabi,19,Nitrogen Leach,Optimal,11.989735899592329
rabi,19,Greenhouse Gas emission,Optimal,-8.108594216565809
rabi,19,Net return,Optimal,2.0157296458760166
rabi,19,Calorie,Optimal,-1.3454452928230394
rabi,19,Phosphorus application,Optimal,7.2141050494861
rabi,19,Nitrogen application,Optimal,6.625007054627653
rabi,19,Phosphorus Surplus,Optimal,9.739907507477248
rabi,19,Nitrogen Surplus,Optimal,11.108737332150795
rabi,19,Water Demand,Optimal,-0.35544185958453206
rabi,20,Nitrogen Emission,Optimal,11.229534825757343
rabi,20,Nitrogen Leach,Optimal,11.55346496082546
rabi,20,Greenhouse Gas emission,Optimal,-4.06805333565756
rabi,20,Net return,Optimal,0.4637383014551222
rabi,20,Calorie,Optimal,-0.858693392384946
rabi,20,Phosphorus application,Optimal,6.779204856453495
rabi,20,Nitrogen application,Optimal,6.2569815831666
rabi,20,Phosphorus Surplus,Optimal,9.108984661021253
rabi,20,Nitrogen Surplus,Optimal,10.533010600531169
rabi,20,Water Demand,Optimal,2.463609263323963
rabi,21,Nitrogen Emission,Optimal,11.164199355111853
rabi,21,Nitrogen Leach,Optimal,11.40654207754606
rabi,21,Greenhouse Gas emission,Optimal,-4.6461642939644054
rabi,21,Net return,Optimal,6.799528286625104
rabi,21,Calorie,Optimal,-1.4037789190087566
rabi,21,Phosphorus application,Optimal,2.7019761556644597
rabi,21,Nitrogen application,Optimal,6.282064517719024
rabi,21,Phosphorus Surplus,Optimal,3.6141615707941837
rabi,21,Nitrogen Surplus,Optimal,10.45076867751552
rabi,21,Water Demand,Optimal,1.3869162647524726
rabi,22,Nitrogen Emission,Optimal,10.990038814759089
rabi,22,Nitrogen Leach,Optimal,11.580739938389373
rabi,22,Greenhouse Gas emission,Optimal,-3.69360562649634
rabi,22,Net return,Optimal,0.3298881648805763
rabi,22,Calorie,Optimal,-0.6659131973569838
rabi,22,Phosphorus application,Optimal,6.1222511414072045
rabi,22,Nitrogen application,Optimal,6.1781947451044275
rabi,22,Phosphorus Surplus,Optimal,8.197897588757034
rabi,22,Nitrogen Surplus,Optimal,10.463997773914798
rabi,22,Water Demand,Optimal,0.2887688297751566
rabi,23,Nitrogen Emission,Optimal,12.366365727331576
rabi,23,Nitrogen Leach,Optimal,13.079067316134525
rabi,23,Greenhouse Gas emission,Optimal,-4.960433021584348
rabi,23,Net return,Optimal,4.603479249668577
rabi,23,Calorie,Optimal,-1.0198755681835223
rabi,23,Phosphorus application,Optimal,7.165811355389038
rabi,23,Nitrogen application,Optimal,7.017819343525385
rabi,23,Phosphorus Surplus,Optimal,9.648454720154987
rabi,23,Nitrogen Surplus,Optimal,11.886311610571166
rabi,23,Water Demand,Optimal,-1.1335634620973811
rabi,24,Nitrogen Emission,Optimal,10.392721159960187
rabi,24,Nitrogen Leach,Optimal,11.069449480978554
rabi,24,Greenhouse Gas emission,Optimal,-5.367154482457257
rabi,24,Net return,Optimal,1.7324252875796617
rabi,24,Calorie,Optimal,-1.569284795345312
rabi,24,Phosphorus application,Optimal,5.6165623583513815
rabi,24,Nitrogen application,Optimal,5.760083623831281
rabi,24,Phosphorus Surplus,Optimal,7.697823925433418
rabi,24,Nitrogen Surplus,Optimal,9.789726511901478
rabi,24,Water Demand,Optimal,5.604190138678915
rabi,25,Nitrogen Emission,Optimal,12.092071228216174
rabi,25,Nitrogen Leach,Optimal,12.572192209032183
rabi,25,Greenhouse Gas emission,Optimal,-6.756542479465785
rabi,25,Net return,Optimal,4.970015938354451
rabi,25,Calorie,Optimal,-1.0124629739266755
rabi,25,Phosphorus application,Optimal,6.631309862162466
rabi,25,Nitrogen application,Optimal,7.037088156547098
rabi,25,Phosphorus Surplus,Optimal,8.828785103218369
rabi,25,Nitrogen Surplus,Optimal,11.591245656472603
rabi,25,Water Demand,Optimal,-1.1292531728902786
rabi,26,Nitrogen Emission,Optimal,10.738148180233363
rabi,26,Nitrogen Leach,Optimal,11.40706924699378
rabi,26,Greenhouse Gas emission,Optimal,-6.430140825268381
rabi,26,Net return,Optimal,3.354403409512735
rabi,26,Calorie,Optimal,-1.2232031298594805
rabi,26,Phosphorus application,Optimal,3.4767662420191536
rabi,26,Nitrogen application,Optimal,6.114384220330344
rabi,26,Phosphorus Surplus,Optimal,4.620982000440019
rabi,26,Nitrogen Surplus,Optimal,10.28261917272193
rabi,26,Water Demand,Optimal,1.6620782733757886
rabi,27,Nitrogen Emission,Optimal,12.351093055224512
rabi,27,Nitrogen Leach,Optimal,12.986946512705414
rabi,27,Greenhouse Gas emission,Optimal,-3.4145321293608153
rabi,27,Net return,Optimal,2.391867453680455
rabi,27,Calorie,Optimal,-1.153491045515492
rabi,27,Phosphorus application,Optimal,6.912447503134334
rabi,27,Nitrogen application,Optimal,6.69678659976276
rabi,27,Phosphorus Surplus,Optimal,9.413512102549603
rabi,27,Nitrogen Surplus,Optimal,11.745326882589646
rabi,27,Water Demand,Optimal,5.873871381921177
rabi,28,Nitrogen Emission,Optimal,11.87335427071989
rabi,28,Nitrogen Leach,Optimal,12.205228244195522
rabi,28,Greenhouse Gas emission,Optimal,-4.896925390016389
rabi,28,Net return,Optimal,1.937604396277474
rabi,28,Calorie,Optimal,-1.4919591310581026
rabi,28,Phosphorus application,Optimal,6.713497864983697
rabi,28,Nitrogen application,Optimal,6.491527805783333
rabi,28,Phosphorus Surplus,Optimal,9.215667478733994
rabi,28,Nitrogen Surplus,Optimal,11.308013919041024
rabi,28,Water Demand,Optimal,3.888462802826518
rabi,29,Nitrogen Emission,Optimal,11.241262243800984
rabi,29,Nitrogen Leach,Optimal,11.649464391853458
rabi,29,Greenhouse Gas emission,Optimal,-4.577081045764247
rabi,29,Net return,Optimal,6.910799702607987
rabi,29,Calorie,Optimal,-0.9194505711925743
rabi,29,Phosphorus application,Optimal,4.076759179832836
rabi,29,Nitrogen application,Optimal,6.540363953124173
rabi,29,Phosphorus Surplus,Optimal,5.340162500098487
rabi,29,Nitrogen Surplus,Optimal,10.622834532442733
rabi,29,Water Demand,Optimal,-2.782609582522801
rabi,30,Nitrogen Emission,Optimal,10.207931257938895
rabi,30,Nitrogen Leach,Optimal,11.83434558772244
rabi,30,Greenhouse Gas emission,Optimal,-2.238378051685344
rabi,30,Net return,Optimal,2.9151527205750027
rabi,30,Calorie,Optimal,-1.2081886658666539
rabi,30,Phosphorus application,Optimal,6.352065789431506
rabi,30,Nitrogen application,Optimal,5.592288331148544
rabi,30,Phosphorus Surplus,Optimal,8.70419218172658
rabi,30,Nitrogen Surplus,Optimal,9.731411042442003
rabi,30,Water Demand,Optimal,3.353706314778913
rabi,31,Nitrogen Emission,Optimal,11.001723024457318
rabi,31,Nitrogen Leach,Optimal,11.293112539094974
rabi,31,Greenhouse Gas emission,Optimal,-3.7102770568181698
rabi,31,Net return,Optimal,3.230729710366737
rabi,31,Calorie,Optimal,-0.9049125004854447
rabi,31,Phosphorus application,Optimal,5.937423959709707
rabi,31,Nitrogen application,Optimal,6.0040669043812445
rabi,31,Phosphorus Surplus,Optimal,8.030295571545198
rabi,31,Nitrogen Surplus,Optimal,10.348247609398898
rabi,31,Water Demand,Optimal,1.3416706362399746
rabi,32,Nitrogen Emission,Optimal,12.515607114561275
rabi,32,Nitrogen Leach,Optimal,13.294736783986995
rabi,32,Greenhouse Gas emission,Optimal,-3.8487014359863405
rabi,32,Net return,Optimal,6.8985376637299956
rabi,32,Calorie,Optimal,-1.011415413375218
rabi,32,Phosphorus application,Optimal,4.768482090990543
rabi,32,Nitrogen application,Optimal,7.124231196222493
rabi,32,Phosphorus Surplus,Optimal,6.382084845163776
rabi,32,Nitrogen Surplus,Optimal,12.089739129800634
rabi,32,Water Demand,Optimal,3.127581563432717
rabi,33,Nitrogen Emission,Optimal,11.272885708137734
rabi,33,Nitrogen Leach,Optimal,11.737475659135255
rabi,33,Greenhouse Gas emission,Optimal,-3.0424715143844665
rabi,33,Net return,Optimal,0.0921458208854421
rabi,33,Calorie,Optimal,-1.339747011544751
rabi,33,Phosphorus application,Optimal,5.59164516992257
rabi,33,Nitrogen application,Optimal,6.175360051373768
rabi,33,Phosphorus Surplus,Optimal,7.67673661441172
rabi,33,Nitrogen Surplus,Optimal,10.867754787857534
rabi,33,Water Demand,Optimal,-0.9462109954620115
rabi,34,Nitrogen Emission,Optimal,12.638421246456245
rabi,34,Nitrogen Leach,Optimal,13.074398367800722
rabi,34,Greenhouse Gas emission,Optimal,-7.538232515897428
rabi,34,Net return,Optimal,3.001354057552297
rabi,34,Calorie,Optimal,-1.175551936565836
rabi,34,Phosphorus application,Optimal,8.160306674392908
rabi,34,Nitrogen application,Optimal,7.087968523729368
rabi,34,Phosphorus Surplus,Optimal,10.99802182849096
rabi,34,Nitrogen Surplus,Optimal,11.974519509413525
rabi,34,Water Demand,Optimal,-5.322812486436602
rabi,35,Nitrogen Emission,Optimal,10.781370645083094
rabi,35,Nitrogen Leach,Optimal,10.845609338467435
rabi,35,Greenhouse Gas emission,Optimal,-6.575200241792978
rabi,35,Net return,Optimal,6.25598303527026
rabi,35,Calorie,Optimal,-1.3430947383542629
rabi,35,Phosphorus application,Optimal,6.3263077655009345
rabi,35,Nitrogen application,Optimal,6.118839935289774
rabi,35,Phosphorus Surplus,Optimal,8.538941936501939
rabi,35,Nitrogen Surplus,Optimal,10.136375810477192
rabi,35,Water Demand,Optimal,0.7495786368081975
rabi,36,Nitrogen Emission,Optimal,12.016467566868249
rabi,36,Nitrogen Leach,Optimal,12.253141137283736
rabi,36,Greenhouse Gas emission,Optimal,-7.148608744010623
rabi,36,Net return,Optimal,1.6196796625666647
rabi,36,Calorie,Optimal,-1.2743102867895013
rabi,36,Phosphorus application,Optimal,7.258135048264961
rabi,36,Nitrogen application,Optimal,6.752947131657883
rabi,36,Phosphorus Surplus,Optimal,9.82992432035976
rabi,36,Nitrogen Surplus,Optimal,11.462581576472328
rabi,36,Water Demand,Optimal,3.661626811417047
rabi,37,Nitrogen Emission,Optimal,11.618654436524958
rabi,37,Nitrogen Leach,Optimal,12.597877354549091
rabi,37,Greenhouse Gas emission,Optimal,-6.434350929065763
rabi,37,Net return,Optimal,0.7065662303043921
rabi,37,Calorie,Optimal,-1.4123100017160009
rabi,37,Phosphorus application,Optimal,7.531398061571364
rabi,37,Nitrogen application,Optimal,6.416322073802724
rabi,37,Phosphorus Surplus,Optimal,10.269125232152394
rabi,37,Nitrogen Surplus,Optimal,11.092127532039214
rabi,37,Water Demand,Optimal,3.8456221927456555
rabi,38,Nitrogen Emission,Optimal,10.733332002955263
rabi,38,Nitrogen Leach,Optimal,11.184426958999946
rabi,38,Greenhouse Gas emission,Optimal,-6.157997855142216
rabi,38,Net return,Optimal,0.8696148526061167
rabi,38,Calorie,Optimal,-1.3351060044769594
rabi,38,Phosphorus application,Optimal,7.880094438221632
rabi,38,Nitrogen application,Optimal,6.019228573183921
rabi,38,Phosphorus Surplus,Optimal,10.712164020881128
rabi,38,Nitrogen Surplus,Optimal,10.250474026731172
rabi,38,Water Demand,Optimal,0.29532506149201215
rabi,39,Nitrogen Emission,Optimal,12.549320538459755
rabi,39,Nitrogen Leach,Optimal,13.234080771674526
rabi,39,Greenhouse Gas emission,Optimal,-2.4037240850219725
rabi,39,Net return,Optimal,0.10215072803889667
rabi,39,Calorie,Optimal,-0.9475844080508138
rabi,39,Phosphorus application,Optimal,5.819805052451616
rabi,39,Nitrogen application,Optimal,6.966045653608117
rabi,39,Phosphorus Surplus,Optimal,7.910735354064886
rabi,39,Nitrogen Surplus,Optimal,12.236119368381777
rabi,39,Water Demand,Optimal,2.9375756829003885
rabi,40,Nitrogen Emission,Optimal,11.006707173714013
rabi,40,Nitrogen Leach,Optimal,11.309110231524631
rabi,40,Greenhouse Gas emission,Optimal,-5.267327508257075
rabi,40,Net return,Optimal,6.845132026768515
rabi,40,Calorie,Optimal,-0.8007226567209088
rabi,40,Phosphorus application,Optimal,2.8275759218579344
rabi,40,Nitrogen application,Optimal,6.468877652771687
rabi,40,Phosphorus Surplus,Optimal,3.6036616065863645
rabi,40,Nitrogen Surplus,Optimal,10.472455823166596
rabi,40,Water Demand,Optimal,3.2329904532810385
rabi,41,Nitrogen Emission,Optimal,12.03838248933219
rabi,41,Nitrogen Leach,Optimal,12.179856553228959
rabi,41,Greenhouse Gas emission,Optimal,-5.997453664482834
rabi,41,Net return,Optimal,0.9510365521455876
rabi,41,Calorie,Optimal,-1.1621672937643581
rabi,41,Phosphorus application,Optimal,7.703167744119265
rabi,41,Nitrogen application,Optimal,6.718962066957186
rabi,41,Phosphorus Surplus,Optimal,10.416069689536638
rabi,41,Nitrogen Surplus,Optimal,11.44987718585088
rabi,41,Water Demand,Optimal,-1.0681203647119675
rabi,42,Nitrogen Emission,Optimal,12.192502367205938
rabi,42,Nitrogen Leach,Optimal,12.653251325354077
rabi,42,Greenhouse Gas emission,Optimal,-4.9628384002262464
rabi,42,Net return,Optimal,1.6653903341121385
rabi,42,Calorie,Optimal,-1.2732913341485301
rabi,42,Phosphorus application,Optimal,7.1697352518253314
rabi,42,Nitrogen application,Optimal,6.773762616818972
rabi,42,Phosphorus Surplus,Optimal,9.724266373224127
rabi,42,Nitrogen Surplus,Optimal,11.638050129579463
rabi,42,Water Demand,Optimal,2.935114435770094
rabi,43,Nitrogen Emission,Optimal,12.023527092893135
rabi,43,Nitrogen Leach,Optimal,12.259821659487281
rabi,43,Greenhouse Gas emission,Optimal,-3.68388098422572
rabi,43,Net return,Optimal,0.10349496365711447
rabi,43,Calorie,Optimal,-0.7026455260203617
rabi,43,Phosphorus application,Optimal,7.614410680853621
rabi,43,Nitrogen application,Optimal,6.93787280733158
rabi,43,Phosphorus Surplus,Optimal,10.19371100549987
rabi,43,Nitrogen Surplus,Optimal,11.640008192821044
rabi,43,Water Demand,Optimal,3.4089909888926027
rabi,44,Nitrogen Emission,Optimal,12.089950956443836
rabi,44,Nitrogen Leach,Optimal,12.647419672295898
rabi,44,Greenhouse Gas emission,Optimal,-7.324251238249521
rabi,44,Net return,Optimal,0.09214582088540609
rabi,44,Calorie,Optimal,-1.4286778137040597
rabi,44,Phosphorus application,Optimal,5.999395193175604
rabi,44,Nitrogen application,Optimal,6.746698332929384
rabi,44,Phosphorus Surplus,Optimal,8.124301885923755
rabi,44,Nitrogen Surplus,Optimal,11.43156216864293
rabi,44,Water Demand,Optimal,-1.3948030163507916
rabi,45,Nitrogen Emission,Optimal,10.808635405208847
rabi,45,Nitrogen Leach,Optimal,11.477818049027048
rabi,45,Greenhouse Gas emission,Optimal,-4.900221525026978
rabi,45,Net return,Optimal,2.6725869243111595
rabi,45,Calorie,Optimal,-0.9591689466175923
rabi,45,Phosphorus application,Optimal,6.08350223668339
rabi,45,Nitrogen application,Optimal,6.091885059579721
rabi,45,Phosphorus Surplus,Optimal,8.196970889901346
rabi,45,Nitrogen Surplus,Optimal,10.36451259438134
rabi,45,Water Demand,Optimal,3.810186461189529
rabi,46,Nitrogen Emission,Optimal,10.065276711361106
rabi,46,Nitrogen Leach,Optimal,10.875559613055636
rabi,46,Greenhouse Gas emission,Optimal,-3.7580118915367087
rabi,46,Net return,Optimal,9.36403786898266
rabi,46,Calorie,Optimal,-1.5046659779167486
rabi,46,Phosphorus application,Optimal,5.106459813576452
rabi,46,Nitrogen application,Optimal,5.7434755912302595
rabi,46,Phosphorus Surplus,Optimal,6.940647358409577
rabi,46,Nitrogen Surplus,Optimal,9.568035425517174
rabi,46,Water Demand,Optimal,0.880640310134654
rabi,47,Nitrogen Emission,Optimal,11.06648211086253
rabi,47,Nitrogen Leach,Optimal,11.454809476125888
rabi,47,Greenhouse Gas emission,Optimal,-1.0942334134947433
rabi,47,Net return,Optimal,0.10257952980085355
rabi,47,Calorie,Optimal,-1.0636854011201353
rabi,47,Phosphorus application,Optimal,7.0009071391800495
rabi,47,Nitrogen application,Optimal,6.010695944175343
rabi,47,Phosphorus Surplus,Optimal,9.542954055587613
rabi,47,Nitrogen Surplus,Optimal,10.308352447938299
rabi,47,Water Demand,Optimal,2.6093253190179886
rabi,48,Nitrogen Emission,Optimal,11.393386796395237
rabi,48,Nitrogen Leach,Optimal,12.216105825968716
rabi,48,Greenhouse Gas emission,Optimal,-5.205401885323432
rabi,48,Net return,Optimal,1.8306565405892377
rabi,48,Calorie,Optimal,-1.2618857090754008
rabi,48,Phosphorus application,Optimal,5.233217549976681
rabi,48,Nitrogen application,Optimal,6.304807447896207
rabi,48,Phosphorus Surplus,Optimal,7.0876565672256095
rabi,48,Nitrogen Surplus,Optimal,10.741408617073445
rabi,48,Water Demand,Optimal,1.8367855729948048
rabi,49,Nitrogen Emission,Optimal,10.28339175620188
rabi,49,Nitrogen Leach,Optimal,11.03305198593933
rabi,49,Greenhouse Gas emission,Optimal,-8.386800060437468
rabi,49,Net return,Optimal,0.4206410854809995
rabi,49,Calorie,Optimal,-1.373117835514335
rabi,49,Phosphorus application,Optimal,6.523957171599695
rabi,49,Nitrogen application,Optimal,5.6646237420499315
rabi,49,Phosphorus Surplus,Optimal,8.833831672037425
rabi,49,Nitrogen Surplus,Optimal,9.502335520561681
rabi,49,Water Demand,Optimal,-3.762105679127782
rabi,50,Nitrogen Emission,Optimal,11.444535987972444
rabi,50,Nitrogen Leach,Optimal,11.952560436237201
rabi,50,Greenhouse Gas emission,Optimal,-2.098729484267834
rabi,50,Net return,Optimal,1.949116310870677
rabi,50,Calorie,Optimal,-0.9933083997500636
rabi,50,Phosphorus application,Optimal,7.311436835463208
rabi,50,Nitrogen application,Optimal,6.199963827653902
rabi,50,Phosphorus Surplus,Optimal,9.95204829182854
rabi,50,Nitrogen Surplus,Optimal,10.780612830611133
rabi,50,Water Demand,Optimal,0.1612501459046798
rabi,51,Nitrogen Emission,Optimal,12.378442678154162
rabi,51,Nitrogen Leach,Optimal,13.10873468282612
rabi,51,Greenhouse Gas emission,Optimal,-4.321004505808375
rabi,51,Net return,Optimal,0.0921458208854241
rabi,51,Calorie,Optimal,-1.6030471712296175
rabi,51,Phosphorus application,Optimal,8.441438292207355
rabi,51,Nitrogen application,Optimal,6.710937901141235
rabi,51,Phosphorus Surplus,Optimal,11.594104217076435
rabi,51,Nitrogen Surplus,Optimal,11.756429774691023
rabi,51,Water Demand,Optimal,0.9036123799456094
rabi,52,Nitrogen Emission,Optimal,12.628741180522681
rabi,52,Nitrogen Leach,Optimal,13.243964344767504
rabi,52,Greenhouse Gas emission,Optimal,-2.2096082080943575
rabi,52,Net return,Optimal,6.441396850658259
rabi,52,Calorie,Optimal,-0.9727504337300231
rabi,52,Phosphorus application,Optimal,5.089509859626563
rabi,52,Nitrogen application,Optimal,7.179262669513022
rabi,52,Phosphorus Surplus,Optimal,6.841269673334673
rabi,52,Nitrogen Surplus,Optimal,12.294326779418629
rabi,52,Water Demand,Optimal,-3.9932585298555727
rabi,53,Nitrogen Emission,Optimal,11.424241045597247
rabi,53,Nitrogen Leach,Optimal,12.362039480545253
rabi,53,Greenhouse Gas emission,Optimal,-2.2831111179070502
rabi,53,Net return,Optimal,4.164363092931159
rabi,53,Calorie,Optimal,-1.5660874070065067
rabi,53,Phosphorus application,Optimal,6.563182373897083
rabi,53,Nitrogen application,Optimal,6.28494306075095
rabi,53,Phosphorus Surplus,Optimal,9.052693295837942
rabi,53,Nitrogen Surplus,Optimal,10.999673583147164
rabi,53,Water Demand,Optimal,3.374752728502504
rabi,54,Nitrogen Emission,Optimal,12.371289175769942
rabi,54,Nitrogen Leach,Optimal,12.253342961759408
rabi,54,Greenhouse Gas emission,Optimal,-5.258685489583497
rabi,54,Net return,Optimal,2.7054402161976214
rabi,54,Calorie,Optimal,-0.9162002800543272
rabi,54,Phosphorus application,Optimal,7.782068848659081
rabi,54,Nitrogen application,Optimal,7.115221659413711
rabi,54,Phosphorus Surplus,Optimal,10.438456304533808
rabi,54,Nitrogen Surplus,Optimal,12.00828071583109
rabi,54,Water Demand,Optimal,-1.2267658941859851
rabi,55,Nitrogen Emission,Optimal,9.89998036477013
rabi,55,Nitrogen Leach,Optimal,10.795901802758824
rabi,55,Greenhouse Gas emission,Optimal,-5.356287991193091
rabi,55,Net return,Optimal,0.9822277553852341
rabi,55,Calorie,Optimal,-1.1280388411179256
rabi,55,Phosphorus application,Optimal,5.591797077878872
rabi,55,Nitrogen application,Optimal,5.518188502415477
rabi,55,Phosphorus Surplus,Optimal,7.5556731281946465
rabi,55,Nitrogen Surplus,Optimal,9.323018210172467
rabi,55,Water Demand,Optimal,2.349581587848293
rabi,56,Nitrogen Emission,Optimal,10.115149846266258
rabi,56,Nitrogen Leach,Optimal,10.070816610694232
rabi,56,Greenhouse Gas emission,Optimal,-6.570009235513512
rabi,56,Net return,Optimal,0.09214582088540609
rabi,56,Calorie,Optimal,-1.2577343355785588
rabi,56,Phosphorus application,Optimal,8.096199614524778
rabi,56,Nitrogen application,Optimal,5.714923508398185
rabi,56,Phosphorus Surplus,Optimal,10.976210527169322
rabi,56,Nitrogen Surplus,Optimal,9.538772411497737
rabi,56,Water Demand,Optimal,0.12050791913906676
rabi,57,Nitrogen Emission,Optimal,11.34147250653198
rabi,57,Nitrogen Leach,Optimal,11.81662150126224
rabi,57,Greenhouse Gas emission,Optimal,-5.507473746092259
rabi,57,Net return,Optimal,0.09950310303162363
rabi,57,Calorie,Optimal,-1.6166628812190642
rabi,57,Phosphorus application,Optimal,6.794935792719532
rabi,57,Nitrogen application,Optimal,6.285782441011126
rabi,57,Phosphorus Surplus,Optimal,9.297580039843599
rabi,57,Nitrogen Surplus,Optimal,10.696939636443778
rabi,57,Water Demand,Optimal,0.9286826882253373
rabi,58,Nitrogen Emission,Optimal,10.037741334631306
rabi,58,Nitrogen Leach,Optimal,10.928445807551793
rabi,58,Greenhouse Gas emission,Optimal,-5.5501548376417205
rabi,58,Net return,Optimal,3.4581091501272727
rabi,58,Calorie,Optimal,-1.127392712363113
rabi,58,Phosphorus application,Optimal,6.650248887525538
rabi,58,Nitrogen application,Optimal,5.713226994874597
rabi,58,Phosphorus Surplus,Optimal,8.962255862100491
rabi,58,Nitrogen Surplus,Optimal,9.458294116591542
rabi,58,Water Demand,Optimal,2.024215368644963
rabi,59,Nitrogen Emission,Optimal,11.25553007538776
rabi,59,Nitrogen Leach,Optimal,11.92587883261623
rabi,59,Greenhouse Gas emission,Optimal,-2.9712832543219423
rabi,59,Net return,Optimal,6.922234493126214
rabi,59,Calorie,Optimal,-0.8826396321622693
rabi,59,Phosphorus application,Optimal,5.784194797638245
rabi,59,Nitrogen application,Optimal,6.401074225513184
rabi,59,Phosphorus Surplus,Optimal,7.7480664554348815
rabi,59,Nitrogen Surplus,Optimal,10.799445283058914
rabi,59,Water Demand,Optimal,-3.1819004563181283
rabi,60,Nitrogen Emission,Optimal,10.787403956939935
rabi,60,Nitrogen Leach,Optimal,11.707111772586325
rabi,60,Greenhouse Gas emission,Optimal,-5.042194058732117
rabi,60,Net return,Optimal,0.09214582088538809
rabi,60,Calorie,Optimal,-1.6041040824329034
rabi,60,Phosphorus application,Optimal,6.449208312504625
rabi,60,Nitrogen application,Optimal,6.005695575519605
rabi,60,Phosphorus Surplus,Optimal,8.825571506475237
rabi,60,Nitrogen Surplus,Optimal,10.331531091742773
rabi,60,Water Demand,Optimal,2.3286052632814376
rabi,61,Nitrogen Emission,Optimal,11.570290409348258
rabi,61,Nitrogen Leach,Optimal,12.392463287237117
rabi,61,Greenhouse Gas emission,Optimal,-6.755480647766028
rabi,61,Net return,Optimal,6.128873494077005
rabi,61,Calorie,Optimal,-1.4842109518077786
rabi,61,Phosphorus application,Optimal,4.460598517391731
rabi,61,Nitrogen application,Optimal,6.469677973319563
rabi,61,Phosphorus Surplus,Optimal,6.0489024819890895
rabi,61,Nitrogen Surplus,Optimal,11.001320325475353
rabi,61,Water Demand,Optimal,4.142526894783004
rabi,62,Nitrogen Emission,Optimal,11.568295553494247
rabi,62,Nitrogen Leach,Optimal,12.155354443674996
rabi,62,Greenhouse Gas emission,Optimal,-6.351189641936808
rabi,62,Net return,Optimal,0.44936002708174916
rabi,62,Calorie,Optimal,-1.1645589015324413
rabi,62,Phosphorus application,Optimal,6.139727886335289
rabi,62,Nitrogen application,Optimal,6.399329923992549
rabi,62,Phosphorus Surplus,Optimal,8.283077601300894
rabi,62,Nitrogen Surplus,Optimal,10.971135836409259
rabi,62,Water Demand,Optimal,1.3071960266098281
rabi,63,Nitrogen Emission,Optimal,10.76603267555414
rabi,63,Nitrogen Leach,Optimal,11.870391790890423
rabi,63,Greenhouse Gas emission,Optimal,-5.1200986067779
rabi,63,Net return,Optimal,0.10679457575252845
rabi,63,Calorie,Optimal,-1.449827604600776
rabi,63,Phosphorus application,Optimal,5.704640726966915
rabi,63,Nitrogen application,Optimal,5.889835406711216
rabi,63,Phosphorus Surplus,Optimal,7.82866549861379
rabi,63,Nitrogen Surplus,Optimal,10.242907256383855
rabi,63,Water Demand,Optimal,3.413484048137276
rabi,64,Nitrogen Emission,Optimal,13.287715259047884
rabi,64,Nitrogen Leach,Optimal,13.546948253291976
rabi,64,Greenhouse Gas emission,Optimal,-5.574259007961654
rabi,64,Net return,Optimal,5.2791535986406455
rabi,64,Calorie,Optimal,-0.9334538038965062
rabi,64,Phosphorus application,Optimal,7.697155790806126
rabi,64,Nitrogen application,Optimal,7.638823762437234
rabi,64,Phosphorus Surplus,Optimal,10.313812183816257
rabi,64,Nitrogen Surplus,Optimal,12.848825224598897
rabi,64,Water Demand,Optimal,-2.4986291438926638
rabi,65,Nitrogen Emission,Optimal,12.123308513333049
rabi,65,Nitrogen Leach,Optimal,13.226319418297805
rabi,65,Greenhouse Gas emission,Optimal,-6.70071585100536
rabi,65,Net return,Optimal,2.7226739160902427
rabi,65,Calorie,Optimal,-1.1570007689285895
rabi,65,Phosphorus application,Optimal,5.556474418793028
rabi,65,Nitrogen application,Optimal,6.9184023677498505
rabi,65,Phosphorus Surplus,Optimal,7.458400976883491
rabi,65,Nitrogen Surplus,Optimal,11.614049222876748
rabi,65,Water Demand,Optimal,3.205202237551481
rabi,66,Nitrogen Emission,Optimal,11.908333017453119
rabi,66,Nitrogen Leach,Optimal,11.889206328207154
rabi,66,Greenhouse Gas emission,Optimal,-5.372892660833002
rabi,66,Net return,Optimal,6.8987597165875
rabi,66,Calorie,Optimal,-0.932664729116504
rabi,66,Phosphorus application,Optimal,4.404367303566474
rabi,66,Nitrogen application,Optimal,6.667990486031883
rabi,66,Phosphorus Surplus,Optimal,5.8725815790790605
rabi,66,Nitrogen Surplus,Optimal,11.394122584503785
rabi,66,Water Demand,Optimal,4.44535139507616
rabi,67,Nitrogen Emission,Optimal,11.883786613604471
rabi,67,Nitrogen Leach,Optimal,11.591856235046324
rabi,67,Greenhouse Gas emission,Optimal,-5.066482692534339
rabi,67,Net return,Optimal,1.011330577368109
rabi,67,Calorie,Optimal,-1.1187237495189322
rabi,67,Phosphorus application,Optimal,7.730585922988873
rabi,67,Nitrogen application,Optimal,6.571928414826836
rabi,67,Phosphorus Surplus,Optimal,10.519079377218379
rabi,67,Nitrogen Surplus,Optimal,11.467545788087044
rabi,67,Water Demand,Optimal,0.6782302702199483
rabi,68,Nitrogen Emission,Optimal,12.047529493897537
rabi,68,Nitrogen Leach,Optimal,12.765896621398294
rabi,68,Greenhouse Gas emission,Optimal,-5.7025572356139484
rabi,68,Net return,Optimal,1.0247743010314052
rabi,68,Calorie,Optimal,-1.3806572899145364
rabi,68,Phosphorus application,Optimal,6.991540831316895
rabi,68,Nitrogen application,Optimal,6.634048855109641
rabi,68,Phosphorus Surplus,Optimal,9.540967802380672
rabi,68,Nitrogen Surplus,Optimal,11.498863139525657
rabi,68,Water Demand,Optimal,4.254950816409479
rabi,69,Nitrogen Emission,Optimal,9.454418089293462
rabi,69,Nitrogen Leach,Optimal,10.187066313699493
rabi,69,Greenhouse Gas emission,Optimal,-3.9643159018650214
rabi,69,Net return,Optimal,0.5959444322617263
rabi,69,Calorie,Optimal,-1.5701481860760333
rabi,69,Phosphorus application,Optimal,3.5527473890543866
rabi,69,Nitrogen application,Optimal,5.193608782115494
rabi,69,Phosphorus Surplus,Optimal,4.9472025729097755
rabi,69,Nitrogen Surplus,Optimal,9.005525266703785
rabi,69,Water Demand,Optimal,4.023150007836099
rabi,70,Nitrogen Emission,Optimal,11.6150715811526
rabi,70,Nitrogen Leach,Optimal,12.296146242685909
rabi,70,Greenhouse Gas emission,Optimal,-3.525608045161376
rabi,70,Net return,Optimal,7.84238303040198
rabi,70,Calorie,Optimal,-0.9707168603326597
rabi,70,Phosphorus application,Optimal,5.222696339831577
rabi,70,Nitrogen application,Optimal,6.64956058657685
rabi,70,Phosphorus Surplus,Optimal,7.001374919055545
rabi,70,Nitrogen Surplus,Optimal,11.12407434155614
rabi,70,Water Demand,Optimal,-2.4165673331397617
rabi,71,Nitrogen Emission,Optimal,10.564906065275453
rabi,71,Nitrogen Leach,Optimal,11.602201658715176
rabi,71,Greenhouse Gas emission,Optimal,-4.022042744523253
rabi,71,Net return,Optimal,1.6906088992201704
rabi,71,Calorie,Optimal,-1.3178798607115743
rabi,71,Phosphorus application,Optimal,4.973339022339029
rabi,71,Nitrogen application,Optimal,5.7552429188306355
rabi,71,Phosphorus Surplus,Optimal,6.81631756639221
rabi,71,Nitrogen Surplus,Optimal,9.963526550843985
rabi,71,Water Demand,Optimal,5.405134372008498
rabi,72,Nitrogen Emission,Optimal,10.378658530879711
rabi,72,Nitrogen Leach,Optimal,11.608982614449049
rabi,72,Greenhouse Gas emission,Optimal,-5.85404434901828
rabi,72,Net return,Optimal,1.9493466499973982
rabi,72,Calorie,Optimal,-0.9939685892685237
rabi,72,Phosphorus application,Optimal,4.801909119331791
rabi,72,Nitrogen application,Optimal,5.733591547692325
rabi,72,Phosphorus Surplus,Optimal,6.481496289611627
rabi,72,Nitrogen Surplus,Optimal,9.809762625268323
rabi,72,Water Demand,Optimal,2.470215670486807
rabi,73,Nitrogen Emission,Optimal,12.747032193757711
rabi,73,Nitrogen Leach,Optimal,13.752558611055514
rabi,73,Greenhouse Gas emission,Optimal,-7.0595384863890045
rabi,73,Net return,Optimal,1.0018604956567527
rabi,73,Calorie,Optimal,-1.4093152181696733
rabi,73,Phosphorus application,Optimal,6.855851253623014
rabi,73,Nitrogen application,Optimal,7.073569097915225
rabi,73,Phosphorus Surplus,Optimal,9.338610415746315
rabi,73,Nitrogen Surplus,Optimal,12.287255274117166
rabi,73,Water Demand,Optimal,0.07575056035232915
rabi,74,Nitrogen Emission,Optimal,11.17317112139533
rabi,74,Nitrogen Leach,Optimal,11.521273429263923
rabi,74,Greenhouse Gas emission,Optimal,-4.637314646781564
rabi,74,Net return,Optimal,2.298973534653959
rabi,74,Calorie,Optimal,-0.6740103605000172
rabi,74,Phosphorus application,Optimal,7.396318226384444
rabi,74,Nitrogen application,Optimal,6.32824939688578
rabi,74,Phosphorus Surplus,Optimal,9.915021774657108
rabi,74,Nitrogen Surplus,Optimal,10.565856042979819
rabi,74,Water Demand,Optimal,0.9356247754940745
rabi,75,Nitrogen Emission,Optimal,13.746933882149808
rabi,75,Nitrogen Leach,Optimal,14.291076304608938
rabi,75,Greenhouse Gas emission,Optimal,-7.451819319405187
rabi,75,Net return,Optimal,2.3112304633591556
rabi,75,Calorie,Optimal,-1.02851165344056
rabi,75,Phosphorus application,Optimal,8.349934049376566
rabi,75,Nitrogen application,Optimal,7.759180809227561
rabi,75,Phosphorus Surplus,Optimal,11.203460834343593
rabi,75,Nitrogen Surplus,Optimal,13.266684834187659
rabi,75,Water Demand,Optimal,-1.5775374701839509
rabi,76,Nitrogen Emission,Optimal,10.279565826297215
rabi,76,Nitrogen Leach,Optimal,11.094210684212717
rabi,76,Greenhouse Gas emission,Optimal,-1.9564016172876817
rabi,76,Net return,Optimal,0.10522715480812661
rabi,76,Calorie,Optimal,-1.29186645938641
rabi,76,Phosphorus application,Optimal,6.9870146645458595
rabi,76,Nitrogen application,Optimal,5.589488384007525
rabi,76,Phosphorus Surplus,Optimal,9.615271876406526
rabi,76,Nitrogen Surplus,Optimal,9.864290741507876
rabi,76,Water Demand,Optimal,5.305435927225065
rabi,77,Nitrogen Emission,Optimal,11.567462243986508
rabi,77,Nitrogen Leach,Optimal,12.41450252157377
rabi,77,Greenhouse Gas emission,Optimal,-5.263487254731643
rabi,77,Net return,Optimal,1.3400006536836169
rabi,77,Calorie,Optimal,-1.1684602867702696
rabi,77,Phosphorus application,Optimal,6.304298448127021
rabi,77,Nitrogen application,Optimal,6.48228442119354
rabi,77,Phosphorus Surplus,Optimal,8.509525068221638
rabi,77,Nitrogen Surplus,Optimal,11.030628520736553
rabi,77,Water Demand,Optimal,0.2969386395828118
rabi,78,Nitrogen Emission,Optimal,9.895449386833823
rabi,78,Nitrogen Leach,Optimal,10.400170447388925
rabi,78,Greenhouse Gas emission,Optimal,-5.063089231035563
rabi,78,Net return,Optimal,0.7857599240807983
rabi,78,Calorie,Optimal,-0.6686846438876768
rabi,78,Phosphorus application,Optimal,5.847720784127911
rabi,78,Nitrogen application,Optimal,5.739149745044358
rabi,78,Phosphorus Surplus,Optimal,7.763434251482532
rabi,78,Nitrogen Surplus,Optimal,9.29166912353307
rabi,78,Water Demand,Optimal,1.9989146922020127
rabi,79,Nitrogen Emission,Optimal,11.907889211645298
rabi,79,Nitrogen Leach,Optimal,11.62427951486612
rabi,79,Greenhouse Gas emission,Optimal,-5.68197516642659
rabi,79,Net return,Optimal,3.1967577308050226
rabi,79,Calorie,Optimal,-1.0038529606137099
rabi,79,Phosphorus application,Optimal,8.245647439304376
rabi,79,Nitrogen application,Optimal,6.651006124874233
rabi,79,Phosphorus Surplus,Optimal,11.121361166291981
rabi,79,Nitrogen Surplus,Optimal,11.263402320606424
rabi,79,Water Demand,Optimal,-2.0024246100905736
rabi,80,Nitrogen Emission,Optimal,10.502178659699982
rabi,80,Nitrogen Leach,Optimal,11.595177880999602
rabi,80,Greenhouse Gas emission,Optimal,-0.7081087197063153
rabi,80,Net return,Optimal,7.115831081921738
rabi,80,Calorie,Optimal,-1.10887415590859
rabi,80,Phosphorus application,Optimal,4.223584329981751
rabi,80,Nitrogen application,Optimal,5.771906998972833
rabi,80,Phosphorus Surplus,Optimal,5.7430326377669
rabi,80,Nitrogen Surplus,Optimal,9.939366934388774
rabi,80,Water Demand,Optimal,3.3664074128486523
rabi,81,Nitrogen Emission,Optimal,10.83160588197857
rabi,81,Nitrogen Leach,Optimal,11.513739670060007
rabi,81,Greenhouse Gas emission,Optimal,-4.498883522640094
rabi,81,Net return,Optimal,0.9644004297158475
rabi,81,Calorie,Optimal,-0.8475521679132102
rabi,81,Phosphorus application,Optimal,6.912310905808773
rabi,81,Nitrogen application,Optimal,6.051568372219295
rabi,81,Phosphorus Surplus,Optimal,9.304669561555858
rabi,81,Nitrogen Surplus,Optimal,10.259493744613723
rabi,81,Water Demand,Optimal,2.7173707239258786
rabi,82,Nitrogen Emission,Optimal,12.321350052389306
rabi,82,Nitrogen Leach,Optimal,12.836301900054975
rabi,82,Greenhouse Gas emission,Optimal,-3.0354265092351476
rabi,82,Net return,Optimal,6.4122446489689
rabi,82,Calorie,Optimal,-1.262624148377028
rabi,82,Phosphorus application,Optimal,3.966431372551759
rabi,82,Nitrogen application,Optimal,6.9200400611219415
rabi,82,Phosphorus Surplus,Optimal,5.358622574459134
rabi,82,Nitrogen Surplus,Optimal,11.88045235344941
rabi,82,Water Demand,Optimal,1.0723119484679131
rabi,83,Nitrogen Emission,Optimal,11.655151986002414
rabi,83,Nitrogen Leach,Optimal,11.314917895158384
rabi,83,Greenhouse Gas emission,Optimal,-5.518773374975699
rabi,83,Net return,Optimal,6.854231124051461
rabi,83,Calorie,Optimal,-1.2633049521150947
rabi,83,Phosphorus application,Optimal,3.3427492047900698
rabi,83,Nitrogen application,Optimal,6.596564935868277
rabi,83,Phosphorus Surplus,Optimal,4.448858275543072
rabi,83,Nitrogen Surplus,Optimal,11.017130277223652
rabi,83,Water Demand,Optimal,4.227237665927845
rabi,84,Nitrogen Emission,Optimal,11.550681370370558
rabi,84,Nitrogen Leach,Optimal,12.230057011506995
rabi,84,Greenhouse Gas emission,Optimal,-2.8797967039654346
rabi,84,Net return,Optimal,0.11024003718004387
rabi,84,Calorie,Optimal,-0.8331211934105403
rabi,84,Phosphorus application,Optimal,8.548000294923689
rabi,84,Nitrogen application,Optimal,6.348107430976598
rabi,84,Phosphorus Surplus,Optimal,11.580147814642093
rabi,84,Nitrogen Surplus,Optimal,10.97467790835117
rabi,84,Water Demand,Optimal,0.38576952167125045
rabi,85,Nitrogen Emission,Optimal,12.81648099402221
rabi,85,Nitrogen Leach,Optimal,13.26447096274008
rabi,85,Greenhouse Gas emission,Optimal,-1.818740445453274
rabi,85,Net return,Optimal,0.5291230301347529
rabi,85,Calorie,Optimal,-1.0966166424855706
rabi,85,Phosphorus application,Optimal,7.101068080476724
rabi,85,Nitrogen application,Optimal,6.9421133927210885
rabi,85,Phosphorus Surplus,Optimal,9.70681474889305
rabi,85,Nitrogen Surplus,Optimal,12.27431405809247
rabi,85,Water Demand,Optimal,-2.409173583866887
rabi,86,Nitrogen Emission,Optimal,13.203644817517842
rabi,86,Nitrogen Leach,Optimal,13.415373601021173
rabi,86,Greenhouse Gas emission,Optimal,-7.481176542751173
rabi,86,Net return,Optimal,0.09214582088538809
rabi,86,Calorie,Optimal,-1.1997557742773146
rabi,86,Phosphorus application,Optimal,8.158849586910842
rabi,86,Nitrogen application,Optimal,7.227279834657981
rabi,86,Phosphorus Surplus,Optimal,11.050878646335383
rabi,86,Nitrogen Surplus,Optimal,12.53776418153752
rabi,86,Water Demand,Optimal,-0.7268513512621414
rabi,87,Nitrogen Emission,Optimal,11.177856965290669
rabi,87,Nitrogen Leach,Optimal,11.642597531979035
rabi,87,Greenhouse Gas emission,Optimal,-4.668087364708883
rabi,87,Net return,Optimal,0.9997270340448017
rabi,87,Calorie,Optimal,-0.7131592764005866
rabi,87,Phosphorus application,Optimal,8.17350696240955
rabi,87,Nitrogen application,Optimal,6.1566802029058
rabi,87,Phosphorus Surplus,Optimal,11.02400883807932
rabi,87,Nitrogen Surplus,Optimal,10.536817176038655
rabi,87,Water Demand,Optimal,-0.9711025211115109
rabi,88,Nitrogen Emission,Optimal,12.260422539822752
rabi,88,Nitrogen Leach,Optimal,12.87091164913839
rabi,88,Greenhouse Gas emission,Optimal,-4.221609747383815
rabi,88,Net return,Optimal,0.16972477379172973
rabi,88,Calorie,Optimal,-0.9622375576836781
rabi,88,Phosphorus application,Optimal,8.727521765818722
rabi,88,Nitrogen application,Optimal,6.775199676182381
rabi,88,Phosphorus Surplus,Optimal,11.81948391289184
rabi,88,Nitrogen Surplus,Optimal,11.684949797792129
rabi,88,Water Demand,Optimal,1.4739281710363243
rabi,89,Nitrogen Emission,Optimal,10.500607679319929
rabi,89,Nitrogen Leach,Optimal,11.671290241551871
rabi,89,Greenhouse Gas emission,Optimal,-7.21975770100409
rabi,89,Net return,Optimal,6.8605375742728825
rabi,89,Calorie,Optimal,-0.8930778961220943
rabi,89,Phosphorus application,Optimal,3.2047329009409578
rabi,89,Nitrogen application,Optimal,6.267050505203515
rabi,89,Phosphorus Surplus,Optimal,4.093446314144466
rabi,89,Nitrogen Surplus,Optimal,10.087326952446254
rabi,89,Water Demand,Optimal,-0.5158226248509314
rabi,90,Nitrogen Emission,Optimal,12.112381457054111
rabi,90,Nitrogen Leach,Optimal,13.157194395606416
rabi,90,Greenhouse Gas emission,Optimal,-2.7638721496734333
rabi,90,Net return,Optimal,0.09214582088540609
rabi,90,Calorie,Optimal,-1.1653180297482453
rabi,90,Phosphorus application,Optimal,7.146519609410256
rabi,90,Nitrogen application,Optimal,6.668185411010508
rabi,90,Phosphorus Surplus,Optimal,9.748167797261313
rabi,90,Nitrogen Surplus,Optimal,11.672066027884258
rabi,90,Water Demand,Optimal,4.082492883286577
rabi,91,Nitrogen Emission,Optimal,11.576484754095492
rabi,91,Nitrogen Leach,Optimal,12.336103570468941
rabi,91,Greenhouse Gas emission,Optimal,-3.865493896199362
rabi,91,Net return,Optimal,4.695198848599098
rabi,91,Calorie,Optimal,-1.316275882132414
rabi,91,Phosphorus application,Optimal,5.626967329811793
rabi,91,Nitrogen application,Optimal,6.35030996525432
rabi,91,Phosphorus Surplus,Optimal,7.648735626595097
rabi,91,Nitrogen Surplus,Optimal,10.88645804330574
rabi,91,Water Demand,Optimal,2.583935505982623
rabi,92,Nitrogen Emission,Optimal,11.301727164916251
rabi,92,Nitrogen Leach,Optimal,11.381327717246554
rabi,92,Greenhouse Gas emission,Optimal,-4.5929602627682735
rabi,92,Net return,Optimal,3.3813750805107814
rabi,92,Calorie,Optimal,-0.8358230906182698
rabi,92,Phosphorus application,Optimal,6.34006906539435
rabi,92,Nitrogen application,Optimal,6.472623234821015
rabi,92,Phosphorus Surplus,Optimal,8.467346366676358
rabi,92,Nitrogen Surplus,Optimal,10.816908949220517
rabi,92,Water Demand,Optimal,2.0059010787939937
rabi,93,Nitrogen Emission,Optimal,11.424686207225148
rabi,93,Nitrogen Leach,Optimal,12.222412541105655
rabi,93,Greenhouse Gas emission,Optimal,-5.385143040723346
rabi,93,Net return,Optimal,6.877407399121595
rabi,93,Calorie,Optimal,-1.3359187826576633
rabi,93,Phosphorus application,Optimal,4.093717202902411
rabi,93,Nitrogen application,Optimal,6.618280026049088
rabi,93,Phosphorus Surplus,Optimal,5.487957570257785
rabi,93,Nitrogen Surplus,Optimal,11.04954661642667
rabi,93,Water Demand,Optimal,2.511058625473782
rabi,94,Nitrogen Emission,Optimal,9.9947459699498
rabi,94,Nitrogen Leach,Optimal,10.612465071382843
rabi,94,Greenhouse Gas emission,Optimal,-4.338719367318133
rabi,94,Net return,Optimal,0.8094658601787308
rabi,94,Calorie,Optimal,-1.2168492239301105
rabi,94,Phosphorus application,Optimal,7.283697137587876
rabi,94,Nitrogen application,Optimal,5.513237281978218
rabi,94,Phosphorus Surplus,Optimal,9.918346622436847
rabi,94,Nitrogen Surplus,Optimal,9.363522742474279
rabi,94,Water Demand,Optimal,-0.4573256810831353
rabi,95,Nitrogen Emission,Optimal,11.076875450517136
rabi,95,Nitrogen Leach,Optimal,11.26037164353801
rabi,95,Greenhouse Gas emission,Optimal,-6.367540870676857
rabi,95,Net return,Optimal,0.7886262088622021
rabi,95,Calorie,Optimal,-1.3703950597306809
rabi,95,Phosphorus application,Optimal,6.693525801883833
rabi,95,Nitrogen application,Optimal,6.071368007811619
rabi,95,Phosphorus Surplus,Optimal,9.137052948496327
rabi,95,Nitrogen Surplus,Optimal,10.501235015097686
rabi,95,Water Demand,Optimal,2.9901743540260872
rabi,96,Nitrogen Emission,Optimal,12.076984960742125
rabi,96,Nitrogen Leach,Optimal,13.206137054678129
rabi,96,Greenhouse Gas emission,Optimal,-5.912726270221254
rabi,96,Net return,Optimal,0.5709810158580488
rabi,96,Calorie,Optimal,-1.2968824622040918
rabi,96,Phosphorus application,Optimal,5.876763671995924
rabi,96,Nitrogen application,Optimal,6.781871670476367
rabi,96,Phosphorus Surplus,Optimal,7.963131020221895
rabi,96,Nitrogen Surplus,Optimal,11.606284490774968
rabi,96,Water Demand,Optimal,2.8891769918488768
rabi,97,Nitrogen Emission,Optimal,10.988547375042513
rabi,97,Nitrogen Leach,Optimal,11.290366481909402
rabi,97,Greenhouse Gas emission,Optimal,-5.131794397381133
rabi,97,Net return,Optimal,2.364207950683492
rabi,97,Calorie,Optimal,-1.044692420165606
rabi,97,Phosphorus application,Optimal,6.829047012558163
rabi,97,Nitrogen application,Optimal,6.308788103270786
rabi,97,Phosphorus Surplus,Optimal,9.197822962255431
rabi,97,Nitrogen Surplus,Optimal,10.572937618819811
rabi,97,Water Demand,Optimal,0.5504547346357916
rabi,98,Nitrogen Emission,Optimal,12.67558488130474
rabi,98,Nitrogen Leach,Optimal,13.11359339432763
rabi,98,Greenhouse Gas emission,Optimal,-5.024379503660235
rabi,98,Net return,Optimal,0.09214582088538809
rabi,98,Calorie,Optimal,-0.9264260419204575
rabi,98,Phosphorus application,Optimal,8.399662732626334
rabi,98,Nitrogen application,Optimal,7.22395230179007
rabi,98,Phosphorus Surplus,Optimal,11.310576104220107
rabi,98,Nitrogen Surplus,Optimal,12.316976022094872
rabi,98,Water Demand,Optimal,-3.2446288500052165
rabi,99,Nitrogen Emission,Optimal,12.462542537166463
rabi,99,Nitrogen Leach,Optimal,12.96315498757424
rabi,99,Greenhouse Gas emission,Optimal,-2.358232869634319
rabi,99,Net return,Optimal,2.3184575360306696
rabi,99,Calorie,Optimal,-0.7770983032609514
rabi,99,Phosphorus application,Optimal,7.0977986319874615
rabi,99,Nitrogen application,Optimal,6.890392479487015
rabi,99,Phosphorus Surplus,Optimal,9.584326790237034
rabi,99,Nitrogen Surplus,Optimal,12.044795142010617
rabi,99,Water Demand,Optimal,5.317265655218552
rabi,100,Nitrogen Emission,Optimal,12.042748509335054
rabi,100,Nitrogen Leach,Optimal,12.601325060692686
rabi,100,Greenhouse Gas emission,Optimal,-4.6994928838034395
rabi,100,Net return,Optimal,0.12948998999330374
rabi,100,Calorie,Optimal,-1.2173541460060084
rabi,100,Phosphorus application,Optimal,6.324774899124233
rabi,100,Nitrogen application,Optimal,6.705279409509359
rabi,100,Phosphorus Surplus,Optimal,8.578923932574522
rabi,100,Nitrogen Surplus,Optimal,11.515747466766943
rabi,100,Water Demand,Optimal,-0.17847897294890305
rabi,101,Nitrogen Emission,Optimal,11.983073439565983
rabi,101,Nitrogen Leach,Optimal,12.633092860404597
rabi,101,Greenhouse Gas emission,Optimal,-6.78230282111479
rabi,101,Net return,Optimal,0.9309766084454204
rabi,101,Calorie,Optimal,-0.7122297426284153
rabi,101,Phosphorus application,Optimal,7.613558672842713
rabi,101,Nitrogen application,Optimal,6.813026369072306
rabi,101,Phosphorus Surplus,Optimal,10.149432750834704
rabi,101,Nitrogen Surplus,Optimal,11.404024372530467
rabi,101,Water Demand,Optimal,0.5804030566747961
rabi,102,Nitrogen Emission,Optimal,9.773341284602152
rabi,102,Nitrogen Leach,Optimal,10.549103283120052
rabi,102,Greenhouse Gas emission,Optimal,-5.026351679993595
rabi,102,Net return,Optimal,0.49392235476837065
rabi,102,Calorie,Optimal,-1.379667004059523
rabi,102,Phosphorus application,Optimal,6.708348292730018
rabi,102,Nitrogen application,Optimal,5.455917913393857
rabi,102,Phosphorus Surplus,Optimal,9.143850241278443
rabi,102,Nitrogen Surplus,Optimal,9.205874161745022
rabi,102,Water Demand,Optimal,0.60852893356856
rabi,103,Nitrogen Emission,Optimal,10.119680281730917
rabi,103,Nitrogen Leach,Optimal,11.060244480599321
rabi,103,Greenhouse Gas emission,Optimal,-8.572098585852967
rabi,103,Net return,Optimal,1.942586036026776
rabi,103,Calorie,Optimal,-1.7618585175234096
rabi,103,Phosphorus application,Optimal,4.912679749551209
rabi,103,Nitrogen application,Optimal,5.577882594933094
rabi,103,Phosphorus Surplus,Optimal,6.720449392188629
rabi,103,Nitrogen Surplus,Optimal,9.545576911792507
rabi,103,Water Demand,Optimal,0.14135146692034037
rabi,104,Nitrogen Emission,Optimal,10.956218720393087
rabi,104,Nitrogen Leach,Optimal,11.66657097531169
rabi,104,Greenhouse Gas emission,Optimal,-9.117534245236977
rabi,104,Net return,Optimal,3.120109492183406
rabi,104,Calorie,Optimal,-1.1817372477782555
rabi,104,Phosphorus application,Optimal,5.696603182099157
rabi,104,Nitrogen application,Optimal,6.445667596759067
rabi,104,Phosphorus Surplus,Optimal,7.574737647662611
rabi,104,Nitrogen Surplus,Optimal,10.54912347918638
rabi,104,Water Demand,Optimal,-2.042775816986142
rabi,105,Nitrogen Emission,Optimal,10.580564331551667
rabi,105,Nitrogen Leach,Optimal,11.516627909723487
rabi,105,Greenhouse Gas emission,Optimal,-2.522007186493166
rabi,105,Net return,Optimal,8.870668197053943
rabi,105,Calorie,Optimal,-1.4580760593209303
rabi,105,Phosphorus application,Optimal,2.8482144657364303
rabi,105,Nitrogen application,Optimal,6.013106578285026
rabi,105,Phosphorus Surplus,Optimal,3.8683184721024064
rabi,105,Nitrogen Surplus,Optimal,10.047179764164397
rabi,105,Water Demand,Optimal,3.8597936246307025
rabi,106,Nitrogen Emission,Optimal,12.172346343656166
rabi,106,Nitrogen Leach,Optimal,12.523051597145077
rabi,106,Greenhouse Gas emission,Optimal,-5.891503189446212
rabi,106,Net return,Optimal,1.1597099040254804
rabi,106,Calorie,Optimal,-0.8373787034641709
rabi,106,Phosphorus application,Optimal,7.883868250761756
rabi,106,Nitrogen application,Optimal,6.803111791544545
rabi,106,Phosphorus Surplus,Optimal,10.62101353674587
rabi,106,Nitrogen Surplus,Optimal,11.596382232344304
rabi,106,Water Demand,Optimal,0.14725780638946165
rabi,107,Nitrogen Emission,Optimal,10.149200161550366
rabi,107,Nitrogen Leach,Optimal,10.635614678053138
rabi,107,Greenhouse Gas emission,Optimal,-4.587246508594386
rabi,107,Net return,Optimal,0.0921458208854601
rabi,107,Calorie,Optimal,-0.9660903581941966
rabi,107,Phosphorus application,Optimal,6.054928390360739
rabi,107,Nitrogen application,Optimal,5.525271603818129
rabi,107,Phosphorus Surplus,Optimal,8.236663797236096
rabi,107,Nitrogen Surplus,Optimal,9.540940947509538
rabi,107,Water Demand,Optimal,3.317227947669884
rabi,108,Nitrogen Emission,Optimal,11.11035566202808
rabi,108,Nitrogen Leach,Optimal,11.659352568738953
rabi,108,Greenhouse Gas emission,Optimal,-3.2882221829324765
rabi,108,Net return,Optimal,3.9829266796190406
rabi,108,Calorie,Optimal,-0.5261871267967906
rabi,108,Phosphorus application,Optimal,6.69865859876845
rabi,108,Nitrogen application,Optimal,6.393461749789749
rabi,108,Phosphorus Surplus,Optimal,8.863511921956386
rabi,108,Nitrogen Surplus,Optimal,10.494898478850384
rabi,108,Water Demand,Optimal,-0.4700464796031287
rabi,109,Nitrogen Emission,Optimal,11.040487889473365
rabi,109,Nitrogen Leach,Optimal,11.495028838807047
rabi,109,Greenhouse Gas emission,Optimal,-4.396684588460292
rabi,109,Net return,Optimal,0.10371814898333452
rabi,109,Calorie,Optimal,-0.9839177653377535
rabi,109,Phosphorus application,Optimal,6.501359613135323
rabi,109,Nitrogen application,Optimal,6.289550352234735
rabi,109,Phosphorus Surplus,Optimal,8.790895806641188
rabi,109,Nitrogen Surplus,Optimal,10.714908373616641
rabi,109,Water Demand,Optimal,0.8818272781307644
rabi,110,Nitrogen Emission,Optimal,10.463757628224515
rabi,110,Nitrogen Leach,Optimal,10.739893351942522
rabi,110,Greenhouse Gas emission,Optimal,-5.240424169670906
rabi,110,Net return,Optimal,2.3443772119381974
rabi,110,Calorie,Optimal,-1.316397098425574
rabi,110,Phosphorus application,Optimal,6.237596226508995
rabi,110,Nitrogen application,Optimal,5.883566709573611
rabi,110,Phosphorus Surplus,Optimal,8.461670783252016
rabi,110,Nitrogen Surplus,Optimal,9.965884984690751
rabi,110,Water Demand,Optimal,-0.44978923103998675
rabi,111,Nitrogen Emission,Optimal,10.766035683261418
rabi,111,Nitrogen Leach,Optimal,11.614242772826971
rabi,111,Greenhouse Gas emission,Optimal,-2.681517363897838
rabi,111,Net return,Optimal,6.038682739482966
rabi,111,Calorie,Optimal,-1.0068704813242595
rabi,111,Phosphorus application,Optimal,3.5528896081343952
rabi,111,Nitrogen application,Optimal,5.952320766218508
rabi,111,Phosphorus Surplus,Optimal,4.784015550206627
rabi,111,Nitrogen Surplus,Optimal,10.106225247827789
rabi,111,Water Demand,Optimal,5.1144571322329995
rabi,112,Nitrogen Emission,Optimal,10.683606243431786
rabi,112,Nitrogen Leach,Optimal,11.63393868818799
rabi,112,Greenhouse Gas emission,Optimal,-3.3450038371804793
rabi,112,Net return,Optimal,0.7503541271367136
rabi,112,Calorie,Optimal,-1.2512164062038675
rabi,112,Phosphorus application,Optimal,5.611230799822817
rabi,112,Nitrogen application,Optimal,5.8681921096576755
rabi,112,Phosphorus Surplus,Optimal,7.667186929778566
rabi,112,Nitrogen Surplus,Optimal,10.164214955165079
rabi,112,Water Demand,Optimal,-3.2759314718309183
rabi,113,Nitrogen Emission,Optimal,12.991585151263171
rabi,113,Nitrogen Leach,Optimal,13.577219697697837
rabi,113,Greenhouse Gas emission,Optimal,-2.885292593903687
rabi,113,Net return,Optimal,2.1049091446066974
rabi,113,Calorie,Optimal,-1.3163370877819593
rabi,113,Phosphorus application,Optimal,5.400359350160414
rabi,113,Nitrogen application,Optimal,7.042928052827283
rabi,113,Phosphorus Surplus,Optimal,7.396928260688332
rabi,113,Nitrogen Surplus,Optimal,12.42998472210397
rabi,113,Water Demand,Optimal,3.5191916868244255
rabi,114,Nitrogen Emission,Optimal,12.129966821865937
rabi,114,Nitrogen Leach,Optimal,12.66821190165899
rabi,114,Greenhouse Gas emission,Optimal,-5.8950965244799365
rabi,114,Net return,Optimal,1.437999257768392
rabi,114,Calorie,Optimal,-1.203248362015475
rabi,114,Phosphorus application,Optimal,5.670940050563733
rabi,114,Nitrogen application,Optimal,6.668783780303161
rabi,114,Phosphorus Surplus,Optimal,7.676481806050977
rabi,114,Nitrogen Surplus,Optimal,11.466624739869259
rabi,114,Water Demand,Optimal,5.582511794412709
rabi,115,Nitrogen Emission,Optimal,10.589809321888449
rabi,115,Nitrogen Leach,Optimal,10.915634985519992
rabi,115,Greenhouse Gas emission,Optimal,-7.211058736767291
rabi,115,Net return,Optimal,3.342053937056975
rabi,115,Calorie,Optimal,-0.7643422152355606
rabi,115,Phosphorus application,Optimal,6.457130716247245
rabi,115,Nitrogen application,Optimal,6.0707434751313265
rabi,115,Phosphorus Surplus,Optimal,8.575879296868196
rabi,115,Nitrogen Surplus,Optimal,9.984742205045366
rabi,115,Water Demand,Optimal,2.128141804694446
rabi,116,Nitrogen Emission,Optimal,10.33733232675859
rabi,116,Nitrogen Leach,Optimal,11.158280602442044
rabi,116,Greenhouse Gas emission,Optimal,-4.730709957059818
rabi,116,Net return,Optimal,0.9365923758310891
rabi,116,Calorie,Optimal,-0.9957286766272275
rabi,116,Phosphorus application,Optimal,5.88744962959604
rabi,116,Nitrogen application,Optimal,5.802585793082015
rabi,116,Phosphorus Surplus,Optimal,7.9302728664436115
rabi,116,Nitrogen Surplus,Optimal,9.842109009314584
rabi,116,Water Demand,Optimal,4.224541411172412
rabi,117,Nitrogen Emission,Optimal,11.07101805883529
rabi,117,Nitrogen Leach,Optimal,11.851065183536134
rabi,117,Greenhouse Gas emission,Optimal,-1.0453050909098038
rabi,117,Net return,Optimal,0.7524496423826366
rabi,117,Calorie,Optimal,-1.3919078469912385
rabi,117,Phosphorus application,Optimal,5.385799759529806
rabi,117,Nitrogen application,Optimal,6.013591049683714
rabi,117,Phosphorus Surplus,Optimal,7.445464341243134
rabi,117,Nitrogen Surplus,Optimal,10.552038184781608
rabi,117,Water Demand,Optimal,3.850856335400586
rabi,118,Nitrogen Emission,Optimal,12.730454573029384
rabi,118,Nitrogen Leach,Optimal,12.663622763830126
rabi,118,Greenhouse Gas emission,Optimal,-4.0636079195557055
rabi,118,Net return,Optimal,0.10257952980081755
rabi,118,Calorie,Optimal,-0.9456351044310014
rabi,118,Phosphorus application,Optimal,8.870337979377686
rabi,118,Nitrogen application,Optimal,6.959988123584694
rabi,118,Phosphorus Surplus,Optimal,12.033531563812684
rabi,118,Nitrogen Surplus,Optimal,12.134670963281978
rabi,118,Water Demand,Optimal,0.19487811390716084
rabi,119,Nitrogen Emission,Optimal,11.734590527999389
rabi,119,Nitrogen Leach,Optimal,11.941809765655172
rabi,119,Greenhouse Gas emission,Optimal,-7.902515446047609
rabi,119,Net return,Optimal,2.299257160916259
rabi,119,Calorie,Optimal,-0.9244417294289853
rabi,119,Phosphorus application,Optimal,7.274662367982681
rabi,119,Nitrogen application,Optimal,6.686601682927372
rabi,119,Phosphorus Surplus,Optimal,9.734808095745175
rabi,119,Nitrogen Surplus,Optimal,11.184251202206957
rabi,119,Water Demand,Optimal,-2.1586245321801796
rabi,120,Nitrogen Emission,Optimal,11.913652795227453
rabi,120,Nitrogen Leach,Optimal,12.606238633900732
rabi,120,Greenhouse Gas emission,Optimal,-5.900686521438806
rabi,120,Net return,Optimal,6.934716781024398
rabi,120,Calorie,Optimal,-1.3853949563746868
rabi,120,Phosphorus application,Optimal,4.274327959439456
rabi,120,Nitrogen application,Optimal,6.7585103342277995
rabi,120,Phosphorus Surplus,Optimal,5.747501982078919
rabi,120,Nitrogen Surplus,Optimal,11.416837081493078
rabi,120,Water Demand,Optimal,2.5823823916425703
rabi,121,Nitrogen Emission,Optimal,10.177214173859989
rabi,121,Nitrogen Leach,Optimal,10.486538273082443
rabi,121,Greenhouse Gas emission,Optimal,-4.468245690860301
rabi,121,Net return,Optimal,0.10371814898331652
rabi,121,Calorie,Optimal,-1.4803554124491536
rabi,121,Phosphorus application,Optimal,4.377589020252591
rabi,121,Nitrogen application,Optimal,5.666548388572935
rabi,121,Phosphorus Surplus,Optimal,6.017266770983076
rabi,121,Nitrogen Surplus,Optimal,9.753848549937278
rabi,121,Water Demand,Optimal,6.65883666004491
rabi,122,Nitrogen Emission,Optimal,10.884932065774914
rabi,122,Nitrogen Leach,Optimal,11.062426088346294
rabi,122,Greenhouse Gas emission,Optimal,-5.722374661176705
rabi,122,Net return,Optimal,0.10522715480810861
rabi,122,Calorie,Optimal,-1.0305273188151491
rabi,122,Phosphorus application,Optimal,6.02740348738357
rabi,122,Nitrogen application,Optimal,6.157966862900443
rabi,122,Phosphorus Surplus,Optimal,8.103793015245039
rabi,122,Nitrogen Surplus,Optimal,10.371270448973291
rabi,122,Water Demand,Optimal,-0.2523066663840077
rabi,123,Nitrogen Emission,Optimal,10.423477706959691
rabi,123,Nitrogen Leach,Optimal,10.862223258907036
rabi,123,Greenhouse Gas emission,Optimal,-4.407883664089314
rabi,123,Net return,Optimal,0.0921458208854241
rabi,123,Calorie,Optimal,-1.632404703389805
rabi,123,Phosphorus application,Optimal,6.600688590530205
rabi,123,Nitrogen application,Optimal,5.633041360573804
rabi,123,Phosphorus Surplus,Optimal,9.098109706669856
rabi,123,Nitrogen Surplus,Optimal,9.76767651941767
rabi,123,Water Demand,Optimal,0.6418259632021688
rabi,124,Nitrogen Emission,Optimal,11.632260229289933
rabi,124,Nitrogen Leach,Optimal,11.743759344495988
rabi,124,Greenhouse Gas emission,Optimal,-5.126648087195692
rabi,124,Net return,Optimal,6.8210260997121175
rabi,124,Calorie,Optimal,-1.270995583020644
rabi,124,Phosphorus application,Optimal,5.265058933395893
rabi,124,Nitrogen application,Optimal,6.668413419073239
rabi,124,Phosphorus Surplus,Optimal,7.071425280112547
rabi,124,Nitrogen Surplus,Optimal,11.199336558157151
rabi,124,Water Demand,Optimal,1.3010226290285571
rabi,125,Nitrogen Emission,Optimal,11.067950758828683
rabi,125,Nitrogen Leach,Optimal,11.239355995876071
rabi,125,Greenhouse Gas emission,Optimal,-4.136336101965359
rabi,125,Net return,Optimal,0.3597869776164666
rabi,125,Calorie,Optimal,-1.3034840989432683
rabi,125,Phosphorus application,Optimal,6.653770555650612
rabi,125,Nitrogen application,Optimal,5.9932651992564105
rabi,125,Phosphorus Surplus,Optimal,9.096495278097029
rabi,125,Nitrogen Surplus,Optimal,10.44416603304374
rabi,125,Water Demand,Optimal,5.012780455125232
rabi,126,Nitrogen Emission,Optimal,12.595108731050079
rabi,126,Nitrogen Leach,Optimal,13.812580014045352
rabi,126,Greenhouse Gas emission,Optimal,-3.1099946306071677
rabi,126,Net return,Optimal,0.10371814898329851
rabi,126,Calorie,Optimal,-1.3902493691112139
rabi,126,Phosphorus application,Optimal,8.177417713618489
rabi,126,Nitrogen application,Optimal,6.928656697135101
rabi,126,Phosphorus Surplus,Optimal,11.21672374059235
rabi,126,Nitrogen Surplus,Optimal,12.250276730064606
rabi,126,Water Demand,Optimal,-1.4179449403671458
rabi,127,Nitrogen Emission,Optimal,12.46597124980126
rabi,127,Nitrogen Leach,Optimal,12.878571542655145
rabi,127,Greenhouse Gas emission,Optimal,-7.248677846759968
rabi,127,Net return,Optimal,1.9632785553096392
rabi,127,Calorie,Optimal,-1.1032543806259814
rabi,127,Phosphorus application,Optimal,5.387239649508862
rabi,127,Nitrogen application,Optimal,7.033720428215803
rabi,127,Phosphorus Surplus,Optimal,7.229667114243481
rabi,127,Nitrogen Surplus,Optimal,12.009505850090001
rabi,127,Water Demand,Optimal,2.924946525843446
rabi,128,Nitrogen Emission,Optimal,10.400310752726533
rabi,128,Nitrogen Leach,Optimal,11.588334631359963
rabi,128,Greenhouse Gas emission,Optimal,-6.67330456863038
rabi,128,Net return,Optimal,0.10371814898329851
rabi,128,Calorie,Optimal,-1.2507287482986569
rabi,128,Phosphorus application,Optimal,4.890766844381423
rabi,128,Nitrogen application,Optimal,5.779789505805496
rabi,128,Phosphorus Surplus,Optimal,6.614156433878842
rabi,128,Nitrogen Surplus,Optimal,9.880281534162632
rabi,128,Water Demand,Optimal,4.732911172364829
rabi,129,Nitrogen Emission,Optimal,12.028439188284327
rabi,129,Nitrogen Leach,Optimal,12.80585753339889
rabi,129,Greenhouse Gas emission,Optimal,-7.75887329712123
rabi,129,Net return,Optimal,4.926478560127908
rabi,129,Calorie,Optimal,-1.4019741401963683
rabi,129,Phosphorus application,Optimal,7.257510486076693
rabi,129,Nitrogen application,Optimal,6.969181680404893
rabi,129,Phosphorus Surplus,Optimal,9.746856416274236
rabi,129,Nitrogen Surplus,Optimal,11.506013107498324
rabi,129,Water Demand,Optimal,0.6424383419694718
rabi,130,Nitrogen Emission,Optimal,12.486367886608635
rabi,130,Nitrogen Leach,Optimal,12.858362382091894
rabi,130,Greenhouse Gas emission,Optimal,-6.420080923451428
rabi,130,Net return,Optimal,0.8321738014629635
rabi,130,Calorie,Optimal,-0.6649975993639352
rabi,130,Phosphorus application,Optimal,5.7413582613687195
rabi,130,Nitrogen application,Optimal,7.109449423662351
rabi,130,Phosphorus Surplus,Optimal,7.637271537812838
rabi,130,Nitrogen Surplus,Optimal,12.107362884491996
rabi,130,Water Demand,Optimal,3.1975775122305254
rabi,131,Nitrogen Emission,Optimal,12.642523221231517
rabi,131,Nitrogen Leach,Optimal,13.02858322076255
rabi,131,Greenhouse Gas emission,Optimal,-9.202831950610648
rabi,131,Net return,Optimal,1.8916459233888672
rabi,131,Calorie,Optimal,-1.7701124184393693
rabi,131,Phosphorus application,Optimal,7.2422578768104
rabi,131,Nitrogen application,Optimal,7.098159506265311
rabi,131,Phosphorus Surplus,Optimal,9.877972354837572
rabi,131,Nitrogen Surplus,Optimal,12.13374185936171
rabi,131,Water Demand,Optimal,0.6059558641623364
rabi,132,Nitrogen Emission,Optimal,11.90292594515733
rabi,132,Nitrogen Leach,Optimal,12.005213881061
rabi,132,Greenhouse Gas emission,Optimal,-6.384551487265005
rabi,132,Net return,Optimal,2.7774390918620426
rabi,132,Calorie,Optimal,-0.8508869389615379
rabi,132,Phosphorus application,Optimal,6.242530993974419
rabi,132,Nitrogen application,Optimal,6.8564572100547405
rabi,132,Phosphorus Surplus,Optimal,8.285039435597799
rabi,132,Nitrogen Surplus,Optimal,11.444200684164551
rabi,132,Water Demand,Optimal,0.8333406398437422
rabi,133,Nitrogen Emission,Optimal,11.668992329827267
rabi,133,Nitrogen Leach,Optimal,12.200196608574469
rabi,133,Greenhouse Gas emission,Optimal,-4.734646785532381
rabi,133,Net return,Optimal,6.4727645502243
rabi,133,Calorie,Optimal,-1.2650425829469638
rabi,133,Phosphorus application,Optimal,4.304248748890519
rabi,133,Nitrogen application,Optimal,6.794992470571708
rabi,133,Phosphorus Surplus,Optimal,5.761156090218376
rabi,133,Nitrogen Surplus,Optimal,11.336640937535167
rabi,133,Water Demand,Optimal,4.012578800082995
rabi,134,Nitrogen Emission,Optimal,11.048808916603528
rabi,134,Nitrogen Leach,Optimal,11.14771713427802
rabi,134,Greenhouse Gas emission,Optimal,-5.953805299444488
rabi,134,Net return,Optimal,0.10679457575252845
rabi,134,Calorie,Optimal,-0.9757062162426664
rabi,134,Phosphorus application,Optimal,6.068878850718452
rabi,134,Nitrogen application,Optimal,6.2407931976529785
rabi,134,Phosphorus Surplus,Optimal,8.153847060310929
rabi,134,Nitrogen Surplus,Optimal,10.596415546877248
rabi,134,Water Demand,Optimal,5.81142803078514
rabi,135,Nitrogen Emission,Optimal,11.529445973215738
rabi,135,Nitrogen Leach,Optimal,11.60836491138945
rabi,135,Greenhouse Gas emission,Optimal,-6.398867961182317
rabi,135,Net return,Optimal,2.595852847103218
rabi,135,Calorie,Optimal,-1.077947959956889
rabi,135,Phosphorus application,Optimal,7.113812344229429
rabi,135,Nitrogen application,Optimal,6.619884686271901
rabi,135,Phosphorus Surplus,Optimal,9.546420842773628
rabi,135,Nitrogen Surplus,Optimal,11.03206122139404
rabi,135,Water Demand,Optimal,-0.7905918009826456
rabi,136,Nitrogen Emission,Optimal,11.131285636482144
rabi,136,Nitrogen Leach,Optimal,11.620794037093335
rabi,136,Greenhouse Gas emission,Optimal,-3.9865355938856206
rabi,136,Net return,Optimal,0.09214582088540609
rabi,136,Calorie,Optimal,-1.2109935244571481
rabi,136,Phosphorus application,Optimal,6.61233373288335
rabi,136,Nitrogen application,Optimal,6.173229256995004
rabi,136,Phosphorus Surplus,Optimal,9.00682140229349
rabi,136,Nitrogen Surplus,Optimal,10.651096573324038
rabi,136,Water Demand,Optimal,4.536336981777133
rabi,137,Nitrogen Emission,Optimal,9.968837917508667
rabi,137,Nitrogen Leach,Optimal,10.22615007961175
rabi,137,Greenhouse Gas emission,Optimal,-4.214878865243139
rabi,137,Net return,Optimal,2.5197101257353447
rabi,137,Calorie,Optimal,-0.9641933331319762
rabi,137,Phosphorus application,Optimal,5.146855426655055
rabi,137,Nitrogen application,Optimal,5.5687946175605365
rabi,137,Phosphorus Surplus,Optimal,6.938263252103283
rabi,137,Nitrogen Surplus,Optimal,9.358234693522732
rabi,137,Water Demand,Optimal,4.210576118583623
rabi,138,Nitrogen Emission,Optimal,11.214797177262282
rabi,138,Nitrogen Leach,Optimal,11.848624128866064
rabi,138,Greenhouse Gas emission,Optimal,-2.8302496543704745
rabi,138,Net return,Optimal,2.774804033413531
rabi,138,Calorie,Optimal,-1.1070454192134485
rabi,138,Phosphorus application,Optimal,6.756347698527109
rabi,138,Nitrogen application,Optimal,6.1960971946255174
rabi,138,Phosphorus Surplus,Optimal,9.189737260929585
rabi,138,Nitrogen Surplus,Optimal,10.659272385250285
rabi,138,Water Demand,Optimal,3.6214748134758756
rabi,139,Nitrogen Emission,Optimal,10.590080376928475
rabi,139,Nitrogen Leach,Optimal,11.252364317057745
rabi,139,Greenhouse Gas emission,Optimal,-6.19984345395247
rabi,139,Net return,Optimal,8.99682147782587
rabi,139,Calorie,Optimal,-1.0380795861027023
rabi,139,Phosphorus application,Optimal,5.709602265191696
rabi,139,Nitrogen application,Optimal,6.22501077508955
rabi,139,Phosphorus Surplus,Optimal,7.5426896371013665
rabi,139,Nitrogen Surplus,Optimal,9.930464948829265
rabi,139,Water Demand,Optimal,-5.190675495573294
rabi,140,Nitrogen Emission,Optimal,10.343645921514122
rabi,140,Nitrogen Leach,Optimal,10.922434094689372
rabi,140,Greenhouse Gas emission,Optimal,-5.252800459467254
rabi,140,Net return,Optimal,0.6104271674556182
rabi,140,Calorie,Optimal,-0.9973813068428082
rabi,140,Phosphorus application,Optimal,4.7845160787942405
rabi,140,Nitrogen application,Optimal,5.7171582926529085
rabi,140,Phosphorus Surplus,Optimal,6.435389958384554
rabi,140,Nitrogen Surplus,Optimal,9.746243835114484
rabi,140,Water Demand,Optimal,4.514159235464143
rabi,141,Nitrogen Emission,Optimal,11.636528717771029
rabi,141,Nitrogen Leach,Optimal,12.438299754533721
rabi,141,Greenhouse Gas emission,Optimal,-1.3872491829592957
rabi,141,Net return,Optimal,0.7716462070066779
rabi,141,Calorie,Optimal,-0.682804832157611
rabi,141,Phosphorus application,Optimal,8.210734794668051
rabi,141,Nitrogen application,Optimal,6.269970741573148
rabi,141,Phosphorus Surplus,Optimal,11.143961728615597
rabi,141,Nitrogen Surplus,Optimal,10.96122799630792
rabi,141,Water Demand,Optimal,-2.7455856911494676
rabi,142,Nitrogen Emission,Optimal,11.341181475253427
rabi,142,Nitrogen Leach,Optimal,11.827177025608826
rabi,142,Greenhouse Gas emission,Optimal,-3.94159496161889
rabi,142,Net return,Optimal,0.8381158010496034
rabi,142,Calorie,Optimal,-1.2569587708433054
rabi,142,Phosphorus application,Optimal,5.6384890832465855
rabi,142,Nitrogen application,Optimal,6.238364576201532
rabi,142,Phosphorus Surplus,Optimal,7.687050913058358
rabi,142,Nitrogen Surplus,Optimal,10.826420456941657
rabi,142,Water Demand,Optimal,1.0365062353446068
rabi,143,Nitrogen Emission,Optimal,12.193257776917555
rabi,143,Nitrogen Leach,Optimal,12.376334005702857
rabi,143,Greenhouse Gas emission,Optimal,-4.951810985229599
rabi,143,Net return,Optimal,7.243737741357784
rabi,143,Calorie,Optimal,-1.1932515841649824
rabi,143,Phosphorus application,Optimal,3.666550533897685
rabi,143,Nitrogen application,Optimal,6.807681700825005
rabi,143,Phosphorus Surplus,Optimal,4.885187280469825
rabi,143,Nitrogen Surplus,Optimal,11.516961710917448
rabi,143,Water Demand,Optimal,4.529723262195172
rabi,144,Nitrogen Emission,Optimal,10.875230887949305
rabi,144,Nitrogen Leach,Optimal,11.92769897073247
rabi,144,Greenhouse Gas emission,Optimal,-1.298246902805543
rabi,144,Net return,Optimal,2.6195768033132927
rabi,144,Calorie,Optimal,-0.8417898714574797
rabi,144,Phosphorus application,Optimal,6.912149928952057
rabi,144,Nitrogen application,Optimal,6.081624154560212
rabi,144,Phosphorus Surplus,Optimal,9.350263809684245
rabi,144,Nitrogen Surplus,Optimal,10.404518236090487
rabi,144,Water Demand,Optimal,1.7995452255639361
rabi,145,Nitrogen Emission,Optimal,10.686489422066542
rabi,145,Nitrogen Leach,Optimal,11.043667202385222
rabi,145,Greenhouse Gas emission,Optimal,-2.2142353376488466
rabi,145,Net return,Optimal,0.09214582088540609
rabi,145,Calorie,Optimal,-1.0332403695596348
rabi,145,Phosphorus application,Optimal,6.42303278846793
rabi,145,Nitrogen application,Optimal,5.859473419810045
rabi,145,Phosphorus Surplus,Optimal,8.745455165251062
rabi,145,Nitrogen Surplus,Optimal,10.022924385130576
rabi,145,Water Demand,Optimal,0.2360367058020517
rabi,146,Nitrogen Emission,Optimal,10.423709308605241
rabi,146,Nitrogen Leach,Optimal,11.072112008122975
rabi,146,Greenhouse Gas emission,Optimal,-3.6889875866350783
rabi,146,Net return,Optimal,0.1455474963060414
rabi,146,Calorie,Optimal,-0.9496799108099591
rabi,146,Phosphorus application,Optimal,5.722581722979481
rabi,146,Nitrogen application,Optimal,5.776099849518948
rabi,146,Phosphorus Surplus,Optimal,7.756616644663503
rabi,146,Nitrogen Surplus,Optimal,9.87808623868423
rabi,146,Water Demand,Optimal,-0.522312483816444
rabi,147,Nitrogen Emission,Optimal,12.12197928423049
rabi,147,Nitrogen Leach,Optimal,13.32134922825249
rabi,147,Greenhouse Gas emission,Optimal,-3.251641069618125
rabi,147,Net return,Optimal,0.09214582088538809
rabi,147,Calorie,Optimal,-0.9214143729653054
rabi,147,Phosphorus application,Optimal,7.553396096633558
rabi,147,Nitrogen application,Optimal,6.75785840627185
rabi,147,Phosphorus Surplus,Optimal,10.23275847248535
rabi,147,Nitrogen Surplus,Optimal,11.637915615642905
rabi,147,Water Demand,Optimal,-1.0862746364920177
rabi,148,Nitrogen Emission,Optimal,11.162662762691369
rabi,148,Nitrogen Leach,Optimal,11.823477848593711
rabi,148,Greenhouse Gas emission,Optimal,-7.413869911464672
rabi,148,Net return,Optimal,7.35366554141594
rabi,148,Calorie,Optimal,-1.0096382057387716
rabi,148,Phosphorus application,Optimal,5.275752252707435
rabi,148,Nitrogen application,Optimal,6.480464030315707
rabi,148,Phosphorus Surplus,Optimal,6.974748498569567
rabi,148,Nitrogen Surplus,Optimal,10.576968756813855
rabi,148,Water Demand,Optimal,-1.6680052683136073
rabi,149,Nitrogen Emission,Optimal,9.598383006649085
rabi,149,Nitrogen Leach,Optimal,10.493057178019033
rabi,149,Greenhouse Gas emission,Optimal,-4.022178029656205
rabi,149,Net return,Optimal,0.8777681474120553
rabi,149,Calorie,Optimal,-1.0941540108526462
rabi,149,Phosphorus application,Optimal,4.739019218275927
rabi,149,Nitrogen application,Optimal,5.470782522000468
rabi,149,Phosphorus Surplus,Optimal,6.40083364065612
rabi,149,Nitrogen Surplus,Optimal,9.09953417431227
rabi,149,Water Demand,Optimal,0.904833307262744
rabi,150,Nitrogen Emission,Optimal,11.70102597286711
rabi,150,Nitrogen Leach,Optimal,12.016132271739352
rabi,150,Greenhouse Gas emission,Optimal,-4.815369392925832
rabi,150,Net return,Optimal,2.4225189987436133
rabi,150,Calorie,Optimal,-1.5378804177998764
rabi,150,Phosphorus application,Optimal,7.843055924780487
rabi,150,Nitrogen application,Optimal,6.450328309235156
rabi,150,Phosphorus Surplus,Optimal,10.73280860802477
rabi,150,Nitrogen Surplus,Optimal,11.16387599408946
rabi,150,Water Demand,Optimal,0.13916676342051398
rabi,151,Nitrogen Emission,Optimal,10.503687105738045
rabi,151,Nitrogen Leach,Optimal,11.325411917883317
rabi,151,Greenhouse Gas emission,Optimal,-3.7567927380320345
rabi,151,Net return,Optimal,0.10215072803887867
rabi,151,Calorie,Optimal,-1.1436175964713542
rabi,151,Phosphorus application,Optimal,8.262175698442958
rabi,151,Nitrogen application,Optimal,5.882504809524794
rabi,151,Phosphorus Surplus,Optimal,11.242023478173579
rabi,151,Nitrogen Surplus,Optimal,10.031542958326103
rabi,151,Water Demand,Optimal,2.6497689220373126
rabi,152,Nitrogen Emission,Optimal,12.588660289031022
rabi,152,Nitrogen Leach,Optimal,12.422527486338474
rabi,152,Greenhouse Gas emission,Optimal,-5.874470502951622
rabi,152,Net return,Optimal,8.810968033930367
rabi,152,Calorie,Optimal,-1.2652164141562199
rabi,152,Phosphorus application,Optimal,3.9316403563930304
rabi,152,Nitrogen application,Optimal,7.124123964938043
rabi,152,Phosphorus Surplus,Optimal,5.20436542102043
rabi,152,Nitrogen Surplus,Optimal,11.930414481353749
rabi,152,Water Demand,Optimal,0.5910421950450961
rabi,153,Nitrogen Emission,Optimal,11.555991150541633
rabi,153,Nitrogen Leach,Optimal,12.150614220102552
rabi,153,Greenhouse Gas emission,Optimal,-6.625510996798516
rabi,153,Net return,Optimal,0.10257952980083555
rabi,153,Calorie,Optimal,-0.8334769027143184
rabi,153,Phosphorus application,Optimal,4.933914156171975
rabi,153,Nitrogen application,Optimal,6.565049952392597
rabi,153,Phosphorus Surplus,Optimal,6.5722082456333
rabi,153,Nitrogen Surplus,Optimal,11.197678052925793
rabi,153,Water Demand,Optimal,2.2980843137831144
rabi,154,Nitrogen Emission,Optimal,12.046104594566538
rabi,154,Nitrogen Leach,Optimal,12.630974404017447
rabi,154,Greenhouse Gas emission,Optimal,-6.231590762640665
rabi,154,Net return,Optimal,1.8040542368124086
rabi,154,Calorie,Optimal,-1.309151009898873
rabi,154,Phosphorus application,Optimal,7.300124090389315
rabi,154,Nitrogen application,Optimal,6.779490913054674
rabi,154,Phosphorus Surplus,Optimal,9.890720867339693
rabi,154,Nitrogen Surplus,Optimal,11.55653975931359
rabi,154,Water Demand,Optimal,2.486259256471017
rabi,155,Nitrogen Emission,Optimal,11.300402349833918
rabi,155,Nitrogen Leach,Optimal,12.330664928164246
rabi,155,Greenhouse Gas emission,Optimal,-7.190847450047931
rabi,155,Net return,Optimal,0.0921458208854241
rabi,155,Calorie,Optimal,-1.0588819302884236
rabi,155,Phosphorus application,Optimal,5.956417329203174
rabi,155,Nitrogen application,Optimal,6.49424941794926
rabi,155,Phosphorus Surplus,Optimal,7.952985752314929
rabi,155,Nitrogen Surplus,Optimal,10.86918112996259
rabi,155,Water Demand,Optimal,2.4250109967297466
rabi,156,Nitrogen Emission,Optimal,11.641478299136507
rabi,156,Nitrogen Leach,Optimal,12.012341463429504
rabi,156,Greenhouse Gas emission,Optimal,-4.980364120805045
rabi,156,Net return,Optimal,0.6625108080432756
rabi,156,Calorie,Optimal,-1.2044991368407962
rabi,156,Phosphorus application,Optimal,7.288530008056955
rabi,156,Nitrogen application,Optimal,6.493170453403944
rabi,156,Phosphorus Surplus,Optimal,9.89355845603774
rabi,156,Nitrogen Surplus,Optimal,11.158553432573898
rabi,156,Water Demand,Optimal,-1.0956812615015978
rabi,157,Nitrogen Emission,Optimal,11.71741312994343
rabi,157,Nitrogen Leach,Optimal,11.783246538635908
rabi,157,Greenhouse Gas emission,Optimal,-4.050639737144269
rabi,157,Net return,Optimal,2.62949286202366
rabi,157,Calorie,Optimal,-1.2256009360694728
rabi,157,Phosphorus application,Optimal,4.4160084027537945
rabi,157,Nitrogen application,Optimal,6.414241596601257
rabi,157,Phosphorus Surplus,Optimal,6.021719408620664
rabi,157,Nitrogen Surplus,Optimal,11.241863252073896
rabi,157,Water Demand,Optimal,5.465241141157349
rabi,158,Nitrogen Emission,Optimal,11.417755688083234
rabi,158,Nitrogen Leach,Optimal,12.255689542385454
rabi,158,Greenhouse Gas emission,Optimal,-4.304863144810944
rabi,158,Net return,Optimal,6.207292773150082
rabi,158,Calorie,Optimal,-1.586091159853998
rabi,158,Phosphorus application,Optimal,7.485596927251883
rabi,158,Nitrogen application,Optimal,6.391794760089119
rabi,158,Phosphorus Surplus,Optimal,10.21898758770909
rabi,158,Nitrogen Surplus,Optimal,10.769263346765825
rabi,158,Water Demand,Optimal,-0.039544224546233235
rabi,159,Nitrogen Emission,Optimal,10.456339619984007
rabi,159,Nitrogen Leach,Optimal,10.9435589856408
rabi,159,Greenhouse Gas emission,Optimal,-5.4901592425011705
rabi,159,Net return,Optimal,0.12370752309719102
rabi,159,Calorie,Optimal,-0.993503164123587
rabi,159,Phosphorus application,Optimal,6.180586058153754
rabi,159,Nitrogen application,Optimal,5.859720073448023
rabi,159,Phosphorus Surplus,Optimal,8.362975339672554
rabi,159,Nitrogen Surplus,Optimal,10.008593237157356
rabi,159,Water Demand,Optimal,2.3256874987910283
rabi,160,Nitrogen Emission,Optimal,11.254435893067496
rabi,160,Nitrogen Leach,Optimal,11.104342310909274
rabi,160,Greenhouse Gas emission,Optimal,-7.013740943366041
rabi,160,Net return,Optimal,0.2803665825182289
rabi,160,Calorie,Optimal,-0.8036176368171515
rabi,160,Phosphorus application,Optimal,7.419746682978453
rabi,160,Nitrogen application,Optimal,6.199806243376368
rabi,160,Phosphorus Surplus,Optimal,9.954444500616285
rabi,160,Nitrogen Surplus,Optimal,10.54511011967442
rabi,160,Water Demand,Optimal,-0.550243527032945
rabi,161,Nitrogen Emission,Optimal,11.057871960158867
rabi,161,Nitrogen Leach,Optimal,11.893984791850608
rabi,161,Greenhouse Gas emission,Optimal,-2.7478720153265463
rabi,161,Net return,Optimal,0.7573506436111774
rabi,161,Calorie,Optimal,-1.111486471917764
rabi,161,Phosphorus application,Optimal,6.08800291968998
rabi,161,Nitrogen application,Optimal,5.996611323636098
rabi,161,Phosphorus Surplus,Optimal,8.323047166124164
rabi,161,Nitrogen Surplus,Optimal,10.508522457530239
rabi,161,Water Demand,Optimal,1.9644418938399888
rabi,162,Nitrogen Emission,Optimal,11.053639912960811
rabi,162,Nitrogen Leach,Optimal,11.996989704892684
rabi,162,Greenhouse Gas emission,Optimal,-1.610349161732793
rabi,162,Net return,Optimal,0.5622316749218492
rabi,162,Calorie,Optimal,-0.507903473873253
rabi,162,Phosphorus application,Optimal,6.1268679663328784
rabi,162,Nitrogen application,Optimal,5.994353274630541
rabi,162,Phosphorus Surplus,Optimal,8.28544025185082
rabi,162,Nitrogen Surplus,Optimal,10.529828730558906
rabi,162,Water Demand,Optimal,3.5650509299381605
rabi,163,Nitrogen Emission,Optimal,10.952539055410817
rabi,163,Nitrogen Leach,Optimal,11.825285421489752
rabi,163,Greenhouse Gas emission,Optimal,-5.722940371692648
rabi,163,Net return,Optimal,5.48986904280007
rabi,163,Calorie,Optimal,-1.4576705852201193
rabi,163,Phosphorus application,Optimal,3.4744336199729084
rabi,163,Nitrogen application,Optimal,6.195777441639149
rabi,163,Phosphorus Surplus,Optimal,4.659867966648462
rabi,163,Nitrogen Surplus,Optimal,10.334302003605565
rabi,163,Water Demand,Optimal,6.0237036974587586
rabi,164,Nitrogen Emission,Optimal,11.020993990279603
rabi,164,Nitrogen Leach,Optimal,11.319623348526665
rabi,164,Greenhouse Gas emission,Optimal,-3.4653874949955004
rabi,164,Net return,Optimal,6.880921492036409
rabi,164,Calorie,Optimal,-1.4777743619485348
rabi,164,Phosphorus application,Optimal,5.646104385198072
rabi,164,Nitrogen application,Optimal,5.9818618754980015
rabi,164,Phosphorus Surplus,Optimal,7.781096628250399
rabi,164,Nitrogen Surplus,Optimal,10.457627724298474
rabi,164,Water Demand,Optimal,3.9566028151803385
rabi,165,Nitrogen Emission,Optimal,10.90140181289311
rabi,165,Nitrogen Leach,Optimal,11.059385050508567
rabi,165,Greenhouse Gas emission,Optimal,-7.9791881188788265
rabi,165,Net return,Optimal,2.630811545972071
rabi,165,Calorie,Optimal,-1.535054214203229
rabi,165,Phosphorus application,Optimal,4.531209141326086
rabi,165,Nitrogen application,Optimal,6.155018272170979
rabi,165,Phosphorus Surplus,Optimal,6.117408605009381
rabi,165,Nitrogen Surplus,Optimal,10.298802973999182
rabi,165,Water Demand,Optimal,5.358847082121403
rabi,166,Nitrogen Emission,Optimal,10.873445330046831
rabi,166,Nitrogen Leach,Optimal,11.601802139710433
rabi,166,Greenhouse Gas emission,Optimal,-2.1385004993729138
rabi,166,Net return,Optimal,6.283598998749913
rabi,166,Calorie,Optimal,-1.3278419015740586
rabi,166,Phosphorus application,Optimal,3.7758021982975585
rabi,166,Nitrogen application,Optimal,6.06049562220349
rabi,166,Phosphorus Surplus,Optimal,5.137703379501423
rabi,166,Nitrogen Surplus,Optimal,10.269477752045203
rabi,166,Water Demand,Optimal,4.9194908837637925
rabi,167,Nitrogen Emission,Optimal,11.861923961793952
rabi,167,Nitrogen Leach,Optimal,12.053772898113085
rabi,167,Greenhouse Gas emission,Optimal,-8.089905234256753
rabi,167,Net return,Optimal,0.26409488530409075
rabi,167,Calorie,Optimal,-0.7869189946332223
rabi,167,Phosphorus application,Optimal,6.250374837452016
rabi,167,Nitrogen application,Optimal,6.685453912209075
rabi,167,Phosphorus Surplus,Optimal,8.302199632873608
rabi,167,Nitrogen Surplus,Optimal,11.214941224565786
rabi,167,Water Demand,Optimal,-5.147308421385257
rabi,168,Nitrogen Emission,Optimal,9.965072443851202
rabi,168,Nitrogen Leach,Optimal,10.259445341196878
rabi,168,Greenhouse Gas emission,Optimal,0.4161876039198055
rabi,168,Net return,Optimal,6.873970054128435
rabi,168,Calorie,Optimal,-1.0374954257807902
rabi,168,Phosphorus application,Optimal,4.130125007361763
rabi,168,Nitrogen application,Optimal,5.566914126985322
rabi,168,Phosphorus Surplus,Optimal,5.659689388716386
rabi,168,Nitrogen Surplus,Optimal,9.643367408948947
rabi,168,Water Demand,Optimal,6.706317476429171
rabi,169,Nitrogen Emission,Optimal,12.431406785899542
rabi,169,Nitrogen Leach,Optimal,12.850860323592352
rabi,169,Greenhouse Gas emission,Optimal,-5.344292806059188
rabi,169,Net return,Optimal,0.7520768823513505
rabi,169,Calorie,Optimal,-0.8566292607965328
rabi,169,Phosphorus application,Optimal,8.376692964418526
rabi,169,Nitrogen application,Optimal,6.927198768918348
rabi,169,Phosphorus Surplus,Optimal,11.28983727920044
rabi,169,Nitrogen Surplus,Optimal,11.865661039325076
rabi,169,Water Demand,Optimal,-2.294577413445648
rabi,170,Nitrogen Emission,Optimal,11.540091232730246
rabi,170,Nitrogen Leach,Optimal,12.159100491320956
rabi,170,Greenhouse Gas emission,Optimal,-2.819140008090694
rabi,170,Net return,Optimal,0.3976110333523028
rabi,170,Calorie,Optimal,-1.2069542825321218
rabi,170,Phosphorus application,Optimal,6.597761141777113
rabi,170,Nitrogen application,Optimal,6.395193896994316
rabi,170,Phosphorus Surplus,Optimal,8.974669125160553
rabi,170,Nitrogen Surplus,Optimal,11.050970240577332
rabi,170,Water Demand,Optimal,-1.0882413017857542
rabi,171,Nitrogen Emission,Optimal,11.13592355837712
rabi,171,Nitrogen Leach,Optimal,12.158892155901393
rabi,171,Greenhouse Gas emission,Optimal,-6.47175680825789
rabi,171,Net return,Optimal,0.12429095117020672
rabi,171,Calorie,Optimal,-1.078944233461447
rabi,171,Phosphorus application,Optimal,7.206017920916031
rabi,171,Nitrogen application,Optimal,6.377874453516435
rabi,171,Phosphorus Surplus,Optimal,9.681659452074078
rabi,171,Nitrogen Surplus,Optimal,10.71374306915851
rabi,171,Water Demand,Optimal,-2.5879301898159213
rabi,172,Nitrogen Emission,Optimal,10.6901182980691
rabi,172,Nitrogen Leach,Optimal,11.397778374896491
rabi,172,Greenhouse Gas emission,Optimal,-3.466831478393328
rabi,172,Net return,Optimal,0.5783031984392893
rabi,172,Calorie,Optimal,-0.8003429218345671
rabi,172,Phosphorus application,Optimal,8.380720734101814
rabi,172,Nitrogen application,Optimal,5.887679880120685
rabi,172,Phosphorus Surplus,Optimal,11.325350017623554
rabi,172,Nitrogen Surplus,Optimal,9.94745392529491
rabi,172,Water Demand,Optimal,-0.83662383938332
rabi,173,Nitrogen Emission,Optimal,10.859240666828848
rabi,173,Nitrogen Leach,Optimal,11.62539121328263
rabi,173,Greenhouse Gas emission,Optimal,-2.6487802668955136
rabi,173,Net return,Optimal,2.393567506625308
rabi,173,Calorie,Optimal,-0.9056716268620847
rabi,173,Phosphorus application,Optimal,7.627064452121539
rabi,173,Nitrogen application,Optimal,6.2115454209249386
rabi,173,Phosphorus Surplus,Optimal,10.298838457476805
rabi,173,Nitrogen Surplus,Optimal,10.53052978024699
rabi,173,Water Demand,Optimal,2.0176559753073677
rabi,174,Nitrogen Emission,Optimal,11.368570642056898
rabi,174,Nitrogen Leach,Optimal,12.078456382781376
rabi,174,Greenhouse Gas emission,Optimal,-1.9441379229814553
rabi,174,Net return,Optimal,0.1009577424462118
rabi,174,Calorie,Optimal,-1.0200070499631457
rabi,174,Phosphorus application,Optimal,6.5948519947103605
rabi,174,Nitrogen application,Optimal,6.120230106333443
rabi,174,Phosphorus Surplus,Optimal,9.025660070283749
rabi,174,Nitrogen Surplus,Optimal,10.825285278313359
rabi,174,Water Demand,Optimal,-0.5549268897217012
rabi,175,Nitrogen Emission,Optimal,9.712749315058813
rabi,175,Nitrogen Leach,Optimal,10.341311651698415
rabi,175,Greenhouse Gas emission,Optimal,-6.5933158552600055
rabi,175,Net return,Optimal,0.7539794645136381
rabi,175,Calorie,Optimal,-1.0794196431695777
rabi,175,Phosphorus application,Optimal,4.89790368837876
rabi,175,Nitrogen application,Optimal,5.565507468430281
rabi,175,Phosphorus Surplus,Optimal,6.559868045558461
rabi,175,Nitrogen Surplus,Optimal,9.184539053421627
rabi,175,Water Demand,Optimal,6.614564045134955
rabi,176,Nitrogen Emission,Optimal,11.163948095975483
rabi,176,Nitrogen Leach,Optimal,11.606212634790769
rabi,176,Greenhouse Gas emission,Optimal,-6.151825386691366
rabi,176,Net return,Optimal,2.8411353535377772
rabi,176,Calorie,Optimal,-1.2231022393964222
rabi,176,Phosphorus application,Optimal,6.727829701062797
rabi,176,Nitrogen application,Optimal,6.0978471139935015
rabi,176,Phosphorus Surplus,Optimal,9.139608553282594
rabi,176,Nitrogen Surplus,Optimal,10.489140401202897
rabi,176,Water Demand,Optimal,1.6182889501702804
rabi,177,Nitrogen Emission,Optimal,10.673994011555227
rabi,177,Nitrogen Leach,Optimal,11.161357771032254
rabi,177,Greenhouse Gas emission,Optimal,-5.8039336683575735
rabi,177,Net return,Optimal,0.694001304288301
rabi,177,Calorie,Optimal,-0.7912672846275612
rabi,177,Phosphorus application,Optimal,4.9071037295724595
rabi,177,Nitrogen application,Optimal,6.11239336630186
rabi,177,Phosphorus Surplus,Optimal,6.517602768721446
rabi,177,Nitrogen Surplus,Optimal,10.20298317261343
rabi,177,Water Demand,Optimal,1.949535955161052
rabi,178,Nitrogen Emission,Optimal,11.348338402924627
rabi,178,Nitrogen Leach,Optimal,12.312783509155723
rabi,178,Greenhouse Gas emission,Optimal,-4.688667402927245
rabi,178,Net return,Optimal,0.22761640720646226
rabi,178,Calorie,Optimal,-1.5324895018497107
rabi,178,Phosphorus application,Optimal,7.248768921035484
rabi,178,Nitrogen application,Optimal,6.103605828204355
rabi,178,Phosphorus Surplus,Optimal,9.949464240074281
rabi,178,Nitrogen Surplus,Optimal,10.685296482512136
rabi,178,Water Demand,Optimal,3.5418635819378284
rabi,179,Nitrogen Emission,Optimal,11.945322924978978
rabi,179,Nitrogen Leach,Optimal,12.788622133023749
rabi,179,Greenhouse Gas emission,Optimal,-7.011428707394667
rabi,179,Net return,Optimal,0.10679457575254644
rabi,179,Calorie,Optimal,-1.5314873133149176
rabi,179,Phosphorus application,Optimal,4.967881241526303
rabi,179,Nitrogen application,Optimal,6.546298550916234
rabi,179,Phosphorus Surplus,Optimal,6.783368506881
rabi,179,Nitrogen Surplus,Optimal,11.380924634248267
rabi,179,Water Demand,Optimal,7.070136371483116
rabi,180,Nitrogen Emission,Optimal,11.108407189531052
rabi,180,Nitrogen Leach,Optimal,12.169502976724909
rabi,180,Greenhouse Gas emission,Optimal,-3.9207145037666784
rabi,180,Net return,Optimal,0.09950310303162363
rabi,180,Calorie,Optimal,-1.1025473717530587
rabi,180,Phosphorus application,Optimal,4.214126057011329
rabi,180,Nitrogen application,Optimal,6.272598620365158
rabi,180,Phosphorus Surplus,Optimal,5.690231413028211
rabi,180,Nitrogen Surplus,Optimal,10.67584799825839
rabi,180,Water Demand,Optimal,4.35437096811576
rabi,181,Nitrogen Emission,Optimal,9.986865341106581
rabi,181,Nitrogen Leach,Optimal,10.781886458962774
rabi,181,Greenhouse Gas emission,Optimal,-3.083084358656585
rabi,181,Net return,Optimal,2.428982821620383
rabi,181,Calorie,Optimal,-0.5196761315887044
rabi,181,Phosphorus application,Optimal,6.233704968746476
rabi,181,Nitrogen application,Optimal,5.6779705762047135
rabi,181,Phosphorus Surplus,Optimal,8.315230556003065
rabi,181,Nitrogen Surplus,Optimal,9.356876601552491
rabi,181,Water Demand,Optimal,-0.5877681432551833
rabi,182,Nitrogen Emission,Optimal,11.506898412800291
rabi,182,Nitrogen Leach,Optimal,11.745439464261231
rabi,182,Greenhouse Gas emission,Optimal,-5.5583201797033945
rabi,182,Net return,Optimal,6.623413326494143
rabi,182,Calorie,Optimal,-1.3247897292528892
rabi,182,Phosphorus application,Optimal,4.920788999089937
rabi,182,Nitrogen application,Optimal,6.401188161621138
rabi,182,Phosphorus Surplus,Optimal,6.665203561179243
rabi,182,Nitrogen Surplus,Optimal,10.841915657736545
rabi,182,Water Demand,Optimal,5.204081264956016
rabi,183,Nitrogen Emission,Optimal,11.814164758718865
rabi,183,Nitrogen Leach,Optimal,12.742550798464613
rabi,183,Greenhouse Gas emission,Optimal,-4.005743490937643
rabi,183,Net return,Optimal,2.3964663626812484
rabi,183,Calorie,Optimal,-1.2714319789523387
rabi,183,Phosphorus application,Optimal,7.253663083217906
rabi,183,Nitrogen application,Optimal,6.5173475081436285
rabi,183,Phosphorus Surplus,Optimal,9.878263254411657
rabi,183,Nitrogen Surplus,Optimal,11.271014028352129
rabi,183,Water Demand,Optimal,1.4026725862010057
rabi,184,Nitrogen Emission,Optimal,11.90289317649875
rabi,184,Nitrogen Leach,Optimal,12.4059037113358
rabi,184,Greenhouse Gas emission,Optimal,-8.574605582859865
rabi,184,Net return,Optimal,2.3611091719607447
rabi,184,Calorie,Optimal,-1.5045400048544924
rabi,184,Phosphorus application,Optimal,5.658799310708499
rabi,184,Nitrogen application,Optimal,6.705437022526492
rabi,184,Phosphorus Surplus,Optimal,7.648309988780524
rabi,184,Nitrogen Surplus,Optimal,11.404346294692436
rabi,184,Water Demand,Optimal,5.273932150953573
rabi,185,Nitrogen Emission,Optimal,11.470346858589386
rabi,185,Nitrogen Leach,Optimal,11.893812744908402
rabi,185,Greenhouse Gas emission,Optimal,-5.753894346190429
rabi,185,Net return,Optimal,0.8369767506787159
rabi,185,Calorie,Optimal,-0.9773744689369203
rabi,185,Phosphorus application,Optimal,7.05321669146698
rabi,185,Nitrogen application,Optimal,6.441822146349303
rabi,185,Phosphorus Surplus,Optimal,9.462668011300432
rabi,185,Nitrogen Surplus,Optimal,10.823868653106551
rabi,185,Water Demand,Optimal,1.2243514820488266
rabi,186,Nitrogen Emission,Optimal,11.234243297374197
rabi,186,Nitrogen Leach,Optimal,11.543258961756734
rabi,186,Greenhouse Gas emission,Optimal,-5.613864516979489
rabi,186,Net return,Optimal,2.6567607640171675
rabi,186,Calorie,Optimal,-1.252713999722121
rabi,186,Phosphorus application,Optimal,6.702941570680982
rabi,186,Nitrogen application,Optimal,6.307614878502064
rabi,186,Phosphorus Surplus,Optimal,9.06263805871881
rabi,186,Nitrogen Surplus,Optimal,10.658122882175789
rabi,186,Water Demand,Optimal,2.830807523528171
rabi,187,Nitrogen Emission,Optimal,11.534539031874719
rabi,187,Nitrogen Leach,Optimal,11.828516886408494
rabi,187,Greenhouse Gas emission,Optimal,-4.341142752802968
rabi,187,Net return,Optimal,1.737620615071421
rabi,187,Calorie,Optimal,-0.8841972374647545
rabi,187,Phosphorus application,Optimal,5.516942531416284
rabi,187,Nitrogen application,Optimal,6.373764802281376
rabi,187,Phosphorus Surplus,Optimal,7.409504951315236
rabi,187,Nitrogen Surplus,Optimal,10.801538054442446
rabi,187,Water Demand,Optimal,1.8966718445930133
rabi,188,Nitrogen Emission,Optimal,10.507463515886831
rabi,188,Nitrogen Leach,Optimal,11.27692456610127
rabi,188,Greenhouse Gas emission,Optimal,-3.251814110746529
rabi,188,Net return,Optimal,7.329734028230905
rabi,188,Calorie,Optimal,-0.9615556204550516
rabi,188,Phosphorus application,Optimal,3.3101914639649395
rabi,188,Nitrogen application,Optimal,5.985899488574195
rabi,188,Phosphorus Surplus,Optimal,4.370188522337628
rabi,188,Nitrogen Surplus,Optimal,9.907004504909267
rabi,188,Water Demand,Optimal,4.539497989752942
rabi,189,Nitrogen Emission,Optimal,12.290583705059019
rabi,189,Nitrogen Leach,Optimal,13.275824170443713
rabi,189,Greenhouse Gas emission,Optimal,-4.5201600103008674
rabi,189,Net return,Optimal,6.053507777456927
rabi,189,Calorie,Optimal,-1.0974320404667657
rabi,189,Phosphorus application,Optimal,5.3670126866019645
rabi,189,Nitrogen application,Optimal,6.959147857370902
rabi,189,Phosphorus Surplus,Optimal,7.178217751021272
rabi,189,Nitrogen Surplus,Optimal,11.640296998987772
rabi,189,Water Demand,Optimal,0.2761498148599823
rabi,190,Nitrogen Emission,Optimal,11.29770115176461
rabi,190,Nitrogen Leach,Optimal,12.101046957252187
rabi,190,Greenhouse Gas emission,Optimal,-4.326614644880196
rabi,190,Net return,Optimal,7.047543109424025
rabi,190,Calorie,Optimal,-1.0526354656561183
rabi,190,Phosphorus application,Optimal,4.056645008610963
rabi,190,Nitrogen application,Optimal,6.413856439216283
rabi,190,Phosphorus Surplus,Optimal,5.38462018828911
rabi,190,Nitrogen Surplus,Optimal,10.779438443660064
rabi,190,Water Demand,Optimal,3.797561943376207
rabi,191,Nitrogen Emission,Optimal,8.696147037783478
rabi,191,Nitrogen Leach,Optimal,10.469192039738324
rabi,191,Greenhouse Gas emission,Optimal,-2.0041294762831967
rabi,191,Net return,Optimal,0.7552860091703082
rabi,191,Calorie,Optimal,-0.937591644688975
rabi,191,Phosphorus application,Optimal,4.462662304262637
rabi,191,Nitrogen application,Optimal,4.871194961262275
rabi,191,Phosphorus Surplus,Optimal,6.045308305772852
rabi,191,Nitrogen Surplus,Optimal,8.21239800773321
rabi,191,Water Demand,Optimal,4.9683512240061045
rabi,192,Nitrogen Emission,Optimal,13.265753239673172
rabi,192,Nitrogen Leach,Optimal,13.616902121451258
rabi,192,Greenhouse Gas emission,Optimal,-3.48684932162714
rabi,192,Net return,Optimal,3.942001450731232
rabi,192,Calorie,Optimal,-1.1954844410227992
rabi,192,Phosphorus application,Optimal,7.724822602248179
rabi,192,Nitrogen application,Optimal,7.309143375730892
rabi,192,Phosphorus Surplus,Optimal,10.508616983686304
rabi,192,Nitrogen Surplus,Optimal,12.686235077343136
rabi,192,Water Demand,Optimal,1.3074843774668068
rabi,193,Nitrogen Emission,Optimal,11.275499780837578
rabi,193,Nitrogen Leach,Optimal,11.878525615941589
rabi,193,Greenhouse Gas emission,Optimal,-3.9231767455383
rabi,193,Net return,Optimal,5.409747852135322
rabi,193,Calorie,Optimal,-1.2227459162133394
rabi,193,Phosphorus application,Optimal,4.412822685706276
rabi,193,Nitrogen application,Optimal,6.413739451359207
rabi,193,Phosphorus Surplus,Optimal,5.930623889323115
rabi,193,Nitrogen Surplus,Optimal,10.739776912204675
rabi,193,Water Demand,Optimal,-5.008692154396326
rabi,194,Nitrogen Emission,Optimal,12.07579553177961
rabi,194,Nitrogen Leach,Optimal,12.650891377354506
rabi,194,Greenhouse Gas emission,Optimal,-4.616378030062071
rabi,194,Net return,Optimal,0.0921458208854421
rabi,194,Calorie,Optimal,-1.5656487466741162
rabi,194,Phosphorus application,Optimal,5.606435231316387
rabi,194,Nitrogen application,Optimal,6.437792168521914
rabi,194,Phosphorus Surplus,Optimal,7.752788784554611
rabi,194,Nitrogen Surplus,Optimal,11.530661326791368
rabi,194,Water Demand,Optimal,5.925397736717636
rabi,195,Nitrogen Emission,Optimal,12.336520490103323
rabi,195,Nitrogen Leach,Optimal,12.922529240862744
rabi,195,Greenhouse Gas emission,Optimal,-6.370935439575804
rabi,195,Net return,Optimal,2.1106675464431386
rabi,195,Calorie,Optimal,-1.447611704848189
rabi,195,Phosphorus application,Optimal,6.531644290212069
rabi,195,Nitrogen application,Optimal,6.856145862585936
rabi,195,Phosphorus Surplus,Optimal,8.895868166335408
rabi,195,Nitrogen Surplus,Optimal,11.889546520835259
rabi,195,Water Demand,Optimal,1.6132986520220933
rabi,196,Nitrogen Emission,Optimal,11.034732591574357
rabi,196,Nitrogen Leach,Optimal,11.496078389589137
rabi,196,Greenhouse Gas emission,Optimal,-3.337580709954
rabi,196,Net return,Optimal,0.0921458208854421
rabi,196,Calorie,Optimal,-0.7935281893343966
rabi,196,Phosphorus application,Optimal,7.578008631515735
rabi,196,Nitrogen application,Optimal,6.149848585647139
rabi,196,Phosphorus Surplus,Optimal,10.21632243555984
rabi,196,Nitrogen Surplus,Optimal,10.473870763157255
rabi,196,Water Demand,Optimal,3.3060807674583166
rabi,197,Nitrogen Emission,Optimal,10.784113652575462
rabi,197,Nitrogen Leach,Optimal,11.139027974810327
rabi,197,Greenhouse Gas emission,Optimal,-4.015849756381719
rabi,197,Net return,Optimal,0.5432554277384725
rabi,197,Calorie,Optimal,-1.2155293325975416
rabi,197,Phosphorus application,Optimal,7.716238781574853
rabi,197,Nitrogen application,Optimal,6.039280837782944
rabi,197,Phosphorus Surplus,Optimal,10.472053689990279
rabi,197,Nitrogen Surplus,Optimal,10.112486567414681
rabi,197,Water Demand,Optimal,0.11430833551982003
rabi,198,Nitrogen Emission,Optimal,10.089365510623022
rabi,198,Nitrogen Leach,Optimal,10.590444083291148
rabi,198,Greenhouse Gas emission,Optimal,-7.847705227983694
rabi,198,Net return,Optimal,0.0921458208854241
rabi,198,Calorie,Optimal,-1.4816151353967437
rabi,198,Phosphorus application,Optimal,5.746058546378939
rabi,198,Nitrogen application,Optimal,5.5941849024194825
rabi,198,Phosphorus Surplus,Optimal,7.804708429725405
rabi,198,Nitrogen Surplus,Optimal,9.389587960591827
rabi,198,Water Demand,Optimal,1.6980025974934367
rabi,199,Nitrogen Emission,Optimal,11.2246879614055
rabi,199,Nitrogen Leach,Optimal,11.756024256444233
rabi,199,Greenhouse Gas emission,Optimal,-5.760860421783885
rabi,199,Net return,Optimal,1.8523370090275337
rabi,199,Calorie,Optimal,-1.1359942665814078
rabi,199,Phosphorus application,Optimal,6.291664310799222
rabi,199,Nitrogen application,Optimal,6.285043626750042
rabi,199,Phosphorus Surplus,Optimal,8.476797023083662
rabi,199,Nitrogen Surplus,Optimal,10.612645637702622
rabi,199,Water Demand,Optimal,0.5263822064024981
rabi,200,Nitrogen Emission,Optimal,12.023405009188977
rabi,200,Nitrogen Leach,Optimal,12.685947593210516
rabi,200,Greenhouse Gas emission,Optimal,-7.977476401424987
rabi,200,Net return,Optimal,0.9184336203570366
rabi,200,Calorie,Optimal,-0.8972508798597781
rabi,200,Phosphorus application,Optimal,6.661808919939712
rabi,200,Nitrogen application,Optimal,6.8949303418333745
rabi,200,Phosphorus Surplus,Optimal,8.87771347963064
rabi,200,Nitrogen Surplus,Optimal,11.523827676396403
rabi,200,Water Demand,Optimal,1.974097998427002
rabi,201,Nitrogen Emission,Optimal,12.04703096519525
rabi,201,Nitrogen Leach,Optimal,12.598492129919864
rabi,201,Greenhouse Gas emission,Optimal,-7.190450813389388
rabi,201,Net return,Optimal,0.775727319336992
rabi,201,Calorie,Optimal,-1.3801147768089137
rabi,201,Phosphorus application,Optimal,6.856744180439402
rabi,201,Nitrogen application,Optimal,6.869459305033947
rabi,201,Phosphorus Surplus,Optimal,9.250634245825983
rabi,201,Nitrogen Surplus,Optimal,11.55378744758673
rabi,201,Water Demand,Optimal,2.556723663816439
rabi,202,Nitrogen Emission,Optimal,10.195392793921366
rabi,202,Nitrogen Leach,Optimal,10.622471299903474
rabi,202,Greenhouse Gas emission,Optimal,-3.7183576517039887
rabi,202,Net return,Optimal,0.10679457575254644
rabi,202,Calorie,Optimal,-1.0931002096047993
rabi,202,Phosphorus application,Optimal,6.805309786872077
rabi,202,Nitrogen application,Optimal,5.647683082380993
rabi,202,Phosphorus Surplus,Optimal,9.220699929916552
rabi,202,Nitrogen Surplus,Optimal,9.570523853491164
rabi,202,Water Demand,Optimal,2.1914286547197976
rabi,203,Nitrogen Emission,Optimal,12.35520819910139
rabi,203,Nitrogen Leach,Optimal,12.419288985962153
rabi,203,Greenhouse Gas emission,Optimal,-4.8631576247254875
rabi,203,Net return,Optimal,6.871180630006793
rabi,203,Calorie,Optimal,-0.8092805814570007
rabi,203,Phosphorus application,Optimal,3.349517301099121
rabi,203,Nitrogen application,Optimal,7.047311308573209
rabi,203,Phosphorus Surplus,Optimal,4.366543038681272
rabi,203,Nitrogen Surplus,Optimal,11.758097565273935
rabi,203,Water Demand,Optimal,3.6850408304466047
rabi,204,Nitrogen Emission,Optimal,11.062733883353985
rabi,204,Nitrogen Leach,Optimal,11.766830846094546
rabi,204,Greenhouse Gas emission,Optimal,-0.03788533705034381
rabi,204,Net return,Optimal,6.35618012546539
rabi,204,Calorie,Optimal,-0.5296277950938478
rabi,204,Phosphorus application,Optimal,4.210303837612562
rabi,204,Nitrogen application,Optimal,6.260732119275759
rabi,204,Phosphorus Surplus,Optimal,5.6013458836475225
rabi,204,Nitrogen Surplus,Optimal,10.584974790422105
rabi,204,Water Demand,Optimal,4.725583351593955
rabi,205,Nitrogen Emission,Optimal,8.882302184716005
rabi,205,Nitrogen Leach,Optimal,9.37020907426438
rabi,205,Greenhouse Gas emission,Optimal,-6.698936178659061
rabi,205,Net return,Optimal,0.0921458208854241
rabi,205,Calorie,Optimal,-1.2783480550934685
rabi,205,Phosphorus application,Optimal,5.007015974401364
rabi,205,Nitrogen application,Optimal,4.941877756295075
rabi,205,Phosphorus Surplus,Optimal,6.823803772245341
rabi,205,Nitrogen Surplus,Optimal,8.393430098417156
rabi,205,Water Demand,Optimal,-2.53416504201747
rabi,206,Nitrogen Emission,Optimal,10.644402073928074
rabi,206,Nitrogen Leach,Optimal,11.451637384757866
rabi,206,Greenhouse Gas emission,Optimal,-2.129647238137476
rabi,206,Net return,Optimal,4.243720366994761
rabi,206,Calorie,Optimal,-0.9478425841010257
rabi,206,Phosphorus application,Optimal,5.152613850518599
rabi,206,Nitrogen application,Optimal,5.838361720138102
rabi,206,Phosphorus Surplus,Optimal,6.959707213234564
rabi,206,Nitrogen Surplus,Optimal,9.971021954670507
rabi,206,Water Demand,Optimal,0.9999967805993242
rabi,207,Nitrogen Emission,Optimal,9.840166698329053
rabi,207,Nitrogen Leach,Optimal,10.536878088130003
rabi,207,Greenhouse Gas emission,Optimal,-4.7772602588487585
rabi,207,Net return,Optimal,4.897658725243999
rabi,207,Calorie,Optimal,-1.2653922870527685
rabi,207,Phosphorus application,Optimal,7.926568104268834
rabi,207,Nitrogen application,Optimal,5.58645335808727
rabi,207,Phosphorus Surplus,Optimal,10.725126966541325
rabi,207,Nitrogen Surplus,Optimal,9.104283653961295
rabi,207,Water Demand,Optimal,0.28356505123868825
rabi,208,Nitrogen Emission,Optimal,10.733052506813465
rabi,208,Nitrogen Leach,Optimal,11.688479149806472
rabi,208,Greenhouse Gas emission,Optimal,-2.944961106880128
rabi,208,Net return,Optimal,0.09214582088540609
rabi,208,Calorie,Optimal,-1.2613239248328427
rabi,208,Phosphorus application,Optimal,6.812727665904746
rabi,208,Nitrogen application,Optimal,5.872384444357475
rabi,208,Phosphorus Surplus,Optimal,9.331207046590013
rabi,208,Nitrogen Surplus,Optimal,10.207838559319955
rabi,208,Water Demand,Optimal,5.456044564896114
rabi,209,Nitrogen Emission,Optimal,10.752056366004862
rabi,209,Nitrogen Leach,Optimal,11.599594172382805
rabi,209,Greenhouse Gas emission,Optimal,-6.770495693878509
rabi,209,Net return,Optimal,0.10009715110374459
rabi,209,Calorie,Optimal,-0.9678333667518211
rabi,209,Phosphorus application,Optimal,7.943915844509854
rabi,209,Nitrogen application,Optimal,6.087558596567322
rabi,209,Phosphorus Surplus,Optimal,10.71398823752436
rabi,209,Nitrogen Surplus,Optimal,10.323566303100277
rabi,209,Water Demand,Optimal,-2.9375063763948512
rabi,210,Nitrogen Emission,Optimal,11.196697655185242
rabi,210,Nitrogen Leach,Optimal,11.829160833230434
rabi,210,Greenhouse Gas emission,Optimal,-2.7196769573390633
rabi,210,Net return,Optimal,0.12181236527790028
rabi,210,Calorie,Optimal,-1.1918456298036901
rabi,210,Phosphorus application,Optimal,5.908245674064378
rabi,210,Nitrogen application,Optimal,6.290458376919987
rabi,210,Phosphorus Surplus,Optimal,8.052495970573203
rabi,210,Nitrogen Surplus,Optimal,10.839822813652244
rabi,210,Water Demand,Optimal,2.6795753490420404
rabi,211,Nitrogen Emission,Optimal,9.56647264375571
rabi,211,Nitrogen Leach,Optimal,10.17594455484616
rabi,211,Greenhouse Gas emission,Optimal,-5.219182845050541
rabi,211,Net return,Optimal,2.654606261777059
rabi,211,Calorie,Optimal,-1.3082742096751694
rabi,211,Phosphorus application,Optimal,6.254221092729884
rabi,211,Nitrogen application,Optimal,5.487020212997504
rabi,211,Phosphorus Surplus,Optimal,8.476702728760833
rabi,211,Nitrogen Surplus,Optimal,9.042948745560182
rabi,211,Water Demand,Optimal,1.6151751503012128
rabi,212,Nitrogen Emission,Optimal,11.832418219383905
rabi,212,Nitrogen Leach,Optimal,12.403228496650788
rabi,212,Greenhouse Gas emission,Optimal,-1.9304118392780654
rabi,212,Net return,Optimal,3.6697623521810945
rabi,212,Calorie,Optimal,-1.2432312752391144
rabi,212,Phosphorus application,Optimal,5.882009780543893
rabi,212,Nitrogen application,Optimal,6.69561894990459
rabi,212,Phosphorus Surplus,Optimal,7.997839172807359
rabi,212,Nitrogen Surplus,Optimal,11.407604288663379
rabi,212,Water Demand,Optimal,3.6942470583590605
rabi,213,Nitrogen Emission,Optimal,11.97204462417752
rabi,213,Nitrogen Leach,Optimal,12.601367538684478
rabi,213,Greenhouse Gas emission,Optimal,-4.619884690228244
rabi,213,Net return,Optimal,2.8453591036472425
rabi,213,Calorie,Optimal,-1.404596624334103
rabi,213,Phosphorus application,Optimal,7.615997476324474
rabi,213,Nitrogen application,Optimal,6.690981166526787
rabi,213,Phosphorus Surplus,Optimal,10.378999533508283
rabi,213,Nitrogen Surplus,Optimal,11.48416210374926
rabi,213,Water Demand,Optimal,3.79693754838286
rabi,214,Nitrogen Emission,Optimal,12.546022646445946
rabi,214,Nitrogen Leach,Optimal,12.814221020041026
rabi,214,Greenhouse Gas emission,Optimal,-8.471874736529806
rabi,214,Net return,Optimal,2.4999349405020164
rabi,214,Calorie,Optimal,-0.9898356738973222
rabi,214,Phosphorus application,Optimal,6.220417894750752
rabi,214,Nitrogen application,Optimal,7.284302036994323
rabi,214,Phosphorus Surplus,Optimal,8.249475190920098
rabi,214,Nitrogen Surplus,Optimal,12.080091417875161
rabi,214,Water Demand,Optimal,0.12835469476486877
rabi,215,Nitrogen Emission,Optimal,11.823113371195513
rabi,215,Nitrogen Leach,Optimal,11.626679877351076
rabi,215,Greenhouse Gas emission,Optimal,-6.326814418946004
rabi,215,Net return,Optimal,6.1320118650400515
rabi,215,Calorie,Optimal,-1.037587945084457
rabi,215,Phosphorus application,Optimal,6.081108869861428
rabi,215,Nitrogen application,Optimal,6.8546693171434985
rabi,215,Phosphorus Surplus,Optimal,8.113120670948431
rabi,215,Nitrogen Surplus,Optimal,11.328192738675959
rabi,215,Water Demand,Optimal,1.3862387642327039
rabi,216,Nitrogen Emission,Optimal,10.544592201998848
rabi,216,Nitrogen Leach,Optimal,11.415011921515573
rabi,216,Greenhouse Gas emission,Optimal,-8.39577965936047
rabi,216,Net return,Optimal,3.1659374116033345
rabi,216,Calorie,Optimal,-1.1645071722411
rabi,216,Phosphorus application,Optimal,6.287236502453075
rabi,216,Nitrogen application,Optimal,6.124025327954458
rabi,216,Phosphorus Surplus,Optimal,8.405051018827656
rabi,216,Nitrogen Surplus,Optimal,10.00254809198545
rabi,216,Water Demand,Optimal,2.1137714355726396
rabi,217,Nitrogen Emission,Optimal,12.5428396595223
rabi,217,Nitrogen Leach,Optimal,13.177598292367302
rabi,217,Greenhouse Gas emission,Optimal,-5.040951183677419
rabi,217,Net return,Optimal,2.8283893950168433
rabi,217,Calorie,Optimal,-0.9662104552311472
rabi,217,Phosphorus application,Optimal,7.614782721486953
rabi,217,Nitrogen application,Optimal,6.99604574234122
rabi,217,Phosphorus Surplus,Optimal,10.271444424088232
rabi,217,Nitrogen Surplus,Optimal,11.995261826385194
rabi,217,Water Demand,Optimal,2.8457805309584794
rabi,218,Nitrogen Emission,Optimal,11.727592469795699
rabi,218,Nitrogen Leach,Optimal,12.52852818973611
rabi,218,Greenhouse Gas emission,Optimal,-6.538262734338937
rabi,218,Net return,Optimal,6.600561975019146
rabi,218,Calorie,Optimal,-1.3098295364535046
rabi,218,Phosphorus application,Optimal,5.348727825287584
rabi,218,Nitrogen application,Optimal,6.7442642194346005
rabi,218,Phosphorus Surplus,Optimal,7.184327091532887
rabi,218,Nitrogen Surplus,Optimal,11.293946813361636
rabi,218,Water Demand,Optimal,-1.1096989637502699
rabi,219,Nitrogen Emission,Optimal,10.183526547662913
rabi,219,Nitrogen Leach,Optimal,10.356431579499606
rabi,219,Greenhouse Gas emission,Optimal,-4.879035844942797
rabi,219,Net return,Optimal,0.7708198178505091
rabi,219,Calorie,Optimal,-1.0363611839325322
rabi,219,Phosphorus application,Optimal,7.5064268460824755
rabi,219,Nitrogen application,Optimal,5.654245505050938
rabi,219,Phosphorus Surplus,Optimal,10.182464337242568
rabi,219,Nitrogen Surplus,Optimal,9.611062501424891
rabi,219,Water Demand,Optimal,-1.279342477115735
rabi,220,Nitrogen Emission,Optimal,11.565163003828504
rabi,220,Nitrogen Leach,Optimal,12.22130047112328
rabi,220,Greenhouse Gas emission,Optimal,-6.2310424858849505
rabi,220,Net return,Optimal,0.09214582088538809
rabi,220,Calorie,Optimal,-1.3368431496215913
rabi,220,Phosphorus application,Optimal,6.737748607614367
rabi,220,Nitrogen application,Optimal,6.572056551649437
rabi,220,Phosphorus Surplus,Optimal,9.099846867856364
rabi,220,Nitrogen Surplus,Optimal,11.053987211847657
rabi,220,Water Demand,Optimal,6.284385195595834
rabi,221,Nitrogen Emission,Optimal,11.213617707149252
rabi,221,Nitrogen Leach,Optimal,11.329345656391135
rabi,221,Greenhouse Gas emission,Optimal,-4.963052196746791
rabi,221,Net return,Optimal,2.6954304558398308
rabi,221,Calorie,Optimal,-1.0095613711976477
rabi,221,Phosphorus application,Optimal,7.891512797621661
rabi,221,Nitrogen application,Optimal,6.3477964848378825
rabi,221,Phosphorus Surplus,Optimal,10.638838754480114
rabi,221,Nitrogen Surplus,Optimal,10.70151117439885
rabi,221,Water Demand,Optimal,-5.896221656308766
rabi,222,Nitrogen Emission,Optimal,10.090075912171605
rabi,222,Nitrogen Leach,Optimal,12.110385917063821
rabi,222,Greenhouse Gas emission,Optimal,-5.651788765537007
rabi,222,Net return,Optimal,3.1005645370943626
rabi,222,Calorie,Optimal,-1.3774924734715253
rabi,222,Phosphorus application,Optimal,4.409536069745122
rabi,222,Nitrogen application,Optimal,5.774041346307048
rabi,222,Phosphorus Surplus,Optimal,5.92672824287766
rabi,222,Nitrogen Surplus,Optimal,9.497107919525325
rabi,222,Water Demand,Optimal,6.433633236787969
rabi,223,Nitrogen Emission,Optimal,11.241065029245986
rabi,223,Nitrogen Leach,Optimal,11.563421873265014
rabi,223,Greenhouse Gas emission,Optimal,-7.655349626916793
rabi,223,Net return,Optimal,0.11506729175498889
rabi,223,Calorie,Optimal,-1.4301264477293898
rabi,223,Phosphorus application,Optimal,5.753442271214155
rabi,223,Nitrogen application,Optimal,6.387172752974228
rabi,223,Phosphorus Surplus,Optimal,7.782737751519623
rabi,223,Nitrogen Surplus,Optimal,10.725636559239257
rabi,223,Water Demand,Optimal,3.3148073629059964
rabi,224,Nitrogen Emission,Optimal,11.712751951256724
rabi,224,Nitrogen Leach,Optimal,11.732493523408348
rabi,224,Greenhouse Gas emission,Optimal,-5.880744758885718
rabi,224,Net return,Optimal,5.825150322378866
rabi,224,Calorie,Optimal,-0.708111891483114
rabi,224,Phosphorus application,Optimal,6.067362459722505
rabi,224,Nitrogen application,Optimal,6.742994862272418
rabi,224,Phosphorus Surplus,Optimal,8.03808682260027
rabi,224,Nitrogen Surplus,Optimal,11.099989767393675
rabi,224,Water Demand,Optimal,-1.1821545660732653
rabi,225,Nitrogen Emission,Optimal,9.584690378929858
rabi,225,Nitrogen Leach,Optimal,10.114938348897033
rabi,225,Greenhouse Gas emission,Optimal,-7.037159663386484
rabi,225,Net return,Optimal,1.9247861145726874
rabi,225,Calorie,Optimal,-1.2728419071584356
rabi,225,Phosphorus application,Optimal,5.312023172265899
rabi,225,Nitrogen application,Optimal,5.409562746489908
rabi,225,Phosphorus Surplus,Optimal,7.172505848037954
rabi,225,Nitrogen Surplus,Optimal,8.939253270417172
rabi,225,Water Demand,Optimal,2.322877449309416
rabi,226,Nitrogen Emission,Optimal,10.581971735980105
rabi,226,Nitrogen Leach,Optimal,10.701809905033727
rabi,226,Greenhouse Gas emission,Optimal,-6.59104412562258
rabi,226,Net return,Optimal,7.768768060853913
rabi,226,Calorie,Optimal,-0.8470359181551681
rabi,226,Phosphorus application,Optimal,2.7563166431891797
rabi,226,Nitrogen application,Optimal,6.332545098114734
rabi,226,Phosphorus Surplus,Optimal,3.490762642732614
rabi,226,Nitrogen Surplus,Optimal,10.138978109270939
rabi,226,Water Demand,Optimal,1.731482695865589
rabi,227,Nitrogen Emission,Optimal,12.40546761058545
rabi,227,Nitrogen Leach,Optimal,13.30196068545431
rabi,227,Greenhouse Gas emission,Optimal,-5.277543694001667
rabi,227,Net return,Optimal,0.6884793791450335
rabi,227,Calorie,Optimal,-1.1952586323763639
rabi,227,Phosphorus application,Optimal,5.73220303263465
rabi,227,Nitrogen application,Optimal,6.904398441998656
rabi,227,Phosphorus Surplus,Optimal,7.727568223846814
rabi,227,Nitrogen Surplus,Optimal,11.740207790851855
rabi,227,Water Demand,Optimal,4.038301112538468
rabi,228,Nitrogen Emission,Optimal,8.429002769751598
rabi,228,Nitrogen Leach,Optimal,9.628256499579834
rabi,228,Greenhouse Gas emission,Optimal,-3.470292301534293
rabi,228,Net return,Optimal,0.0921458208854241
rabi,228,Calorie,Optimal,-1.0999442707021014
rabi,228,Phosphorus application,Optimal,4.197408805892624
rabi,228,Nitrogen application,Optimal,4.686910580504679
rabi,228,Phosphorus Surplus,Optimal,5.685875350028504
rabi,228,Nitrogen Surplus,Optimal,7.850771215256388
rabi,228,Water Demand,Optimal,7.867848099289053
rabi,229,Nitrogen Emission,Optimal,11.001479212118863
rabi,229,Nitrogen Leach,Optimal,11.916813775798067
rabi,229,Greenhouse Gas emission,Optimal,-2.461411413343743
rabi,229,Net return,Optimal,6.910279938697453
rabi,229,Calorie,Optimal,-1.5133070426887762
rabi,229,Phosphorus application,Optimal,4.664116365359329
rabi,229,Nitrogen application,Optimal,6.125020917579697
rabi,229,Phosphorus Surplus,Optimal,6.396277494122187
rabi,229,Nitrogen Surplus,Optimal,10.474965106339132
rabi,229,Water Demand,Optimal,4.933891479135893
rabi,230,Nitrogen Emission,Optimal,9.911441065049628
rabi,230,Nitrogen Leach,Optimal,10.60368487294602
rabi,230,Greenhouse Gas emission,Optimal,-6.1566460989636465
rabi,230,Net return,Optimal,0.4208340657034546
rabi,230,Calorie,Optimal,-1.4605076615466401
rabi,230,Phosphorus application,Optimal,7.320203565160238
rabi,230,Nitrogen application,Optimal,5.483980545702146
rabi,230,Phosphorus Surplus,Optimal,10.0104994447478
rabi,230,Nitrogen Surplus,Optimal,9.350839575733833
rabi,230,Water Demand,Optimal,1.5899549820382375
rabi,231,Nitrogen Emission,Optimal,10.967296145088003
rabi,231,Nitrogen Leach,Optimal,11.610594326433533
rabi,231,Greenhouse Gas emission,Optimal,-5.322106963799607
rabi,231,Net return,Optimal,0.6728415176882563
rabi,231,Calorie,Optimal,-1.1676944980722177
rabi,231,Phosphorus application,Optimal,7.456361765060454
rabi,231,Nitrogen application,Optimal,6.148018092948322
rabi,231,Phosphorus Surplus,Optimal,10.097267153430714
rabi,231,Nitrogen Surplus,Optimal,10.375805696090621
rabi,231,Water Demand,Optimal,0.41837316819954473
rabi,232,Nitrogen Emission,Optimal,10.622288842615891
rabi,232,Nitrogen Leach,Optimal,11.600088189957745
rabi,232,Greenhouse Gas emission,Optimal,-4.612235076547473
rabi,232,Net return,Optimal,2.3916310640819156
rabi,232,Calorie,Optimal,-1.113486219924527
rabi,232,Phosphorus application,Optimal,3.4349773430768886
rabi,232,Nitrogen application,Optimal,5.887096838248644
rabi,232,Phosphorus Surplus,Optimal,4.654995567274071
rabi,232,Nitrogen Surplus,Optimal,10.167909343703148
rabi,232,Water Demand,Optimal,6.293294220057151
rabi,233,Nitrogen Emission,Optimal,12.223610040089689
rabi,233,Nitrogen Leach,Optimal,13.186350694473104
rabi,233,Greenhouse Gas emission,Optimal,-2.3361010951778844
rabi,233,Net return,Optimal,0.10679457575249243
rabi,233,Calorie,Optimal,-0.8417844740022824
rabi,233,Phosphorus application,Optimal,7.300134270565825
rabi,233,Nitrogen application,Optimal,6.773484150395223
rabi,233,Phosphorus Surplus,Optimal,9.871663899922986
rabi,233,Nitrogen Surplus,Optimal,11.75997318068619
rabi,233,Water Demand,Optimal,5.4649443517224165
rabi,234,Nitrogen Emission,Optimal,10.55543424057218
rabi,234,Nitrogen Leach,Optimal,10.710001483103174
rabi,234,Greenhouse Gas emission,Optimal,-4.707433600560136
rabi,234,Net return,Optimal,0.8755907790510761
rabi,234,Calorie,Optimal,-1.5911571165216467
rabi,234,Phosphorus application,Optimal,6.264348039074466
rabi,234,Nitrogen application,Optimal,5.753507505597514
rabi,234,Phosphorus Surplus,Optimal,8.624571724014134
rabi,234,Nitrogen Surplus,Optimal,9.948298992801414
rabi,234,Water Demand,Optimal,3.1636674432064176
rabi,235,Nitrogen Emission,Optimal,10.958985295075898
rabi,235,Nitrogen Leach,Optimal,11.28521671001446
rabi,235,Greenhouse Gas emission,Optimal,-4.682056440411325
rabi,235,Net return,Optimal,4.636938400939822
rabi,235,Calorie,Optimal,-1.0874304838907385
rabi,235,Phosphorus application,Optimal,7.696498193923317
rabi,235,Nitrogen application,Optimal,6.17202368996466
rabi,235,Phosphorus Surplus,Optimal,10.37965034244335
rabi,235,Nitrogen Surplus,Optimal,10.284650112333397
rabi,235,Water Demand,Optimal,0.18388886480002856
rabi,236,Nitrogen Emission,Optimal,11.34044902630767
rabi,236,Nitrogen Leach,Optimal,10.844496111576479
rabi,236,Greenhouse Gas emission,Optimal,-8.276779424297947
rabi,236,Net return,Optimal,2.174927508092983
rabi,236,Calorie,Optimal,-1.5325411244808467
rabi,236,Phosphorus application,Optimal,7.38880263254852
rabi,236,Nitrogen application,Optimal,6.2058460497448245
rabi,236,Phosphorus Surplus,Optimal,10.05756801471848
rabi,236,Nitrogen Surplus,Optimal,10.63091419680315
rabi,236,Water Demand,Optimal,-1.1561813006416306
rabi,237,Nitrogen Emission,Optimal,11.468540357153724
rabi,237,Nitrogen Leach,Optimal,12.17460932657171
rabi,237,Greenhouse Gas emission,Optimal,-3.2435884698440973
rabi,237,Net return,Optimal,0.10679457575254644
rabi,237,Calorie,Optimal,-1.2116836019184587
rabi,237,Phosphorus application,Optimal,7.447868595498629
rabi,237,Nitrogen application,Optimal,6.375704909377922
rabi,237,Phosphorus Surplus,Optimal,10.15601375821977
rabi,237,Nitrogen Surplus,Optimal,10.971278275517518
rabi,237,Water Demand,Optimal,-0.04564817090828203
rabi,238,Nitrogen Emission,Optimal,11.740879200034795
rabi,238,Nitrogen Leach,Optimal,12.450474250894395
rabi,238,Greenhouse Gas emission,Optimal,-4.74789607706841
rabi,238,Net return,Optimal,0.14234451934001605
rabi,238,Calorie,Optimal,-0.7091152876688537
rabi,238,Phosphorus application,Optimal,7.667270929648933
rabi,238,Nitrogen application,Optimal,6.504235517106766
rabi,238,Phosphorus Surplus,Optimal,10.316043460802454
rabi,238,Nitrogen Surplus,Optimal,11.066838168550762
rabi,238,Water Demand,Optimal,1.4281723529966261
rabi,239,Nitrogen Emission,Optimal,11.492121615015886
rabi,239,Nitrogen Leach,Optimal,12.33465230690208
rabi,239,Greenhouse Gas emission,Optimal,-3.492511965631827
rabi,239,Net return,Optimal,0.10679457575252845
rabi,239,Calorie,Optimal,-1.4145722659460227
rabi,239,Phosphorus application,Optimal,6.06485651349091
rabi,239,Nitrogen application,Optimal,6.326800829541481
rabi,239,Phosphorus Surplus,Optimal,8.29913940758089
rabi,239,Nitrogen Surplus,Optimal,11.041915103592014
rabi,239,Water Demand,Optimal,3.626698159476048
rabi,240,Nitrogen Emission,Optimal,11.414982820481818
rabi,240,Nitrogen Leach,Optimal,11.806563385654005
rabi,240,Greenhouse Gas emission,Optimal,-2.306370467133772
rabi,240,Net return,Optimal,1.7921072602500085
rabi,240,Calorie,Optimal,-1.4452854138604054
rabi,240,Phosphorus application,Optimal,5.1783529560953845
rabi,240,Nitrogen application,Optimal,6.188335098981956
rabi,240,Phosphorus Surplus,Optimal,7.137303854628939
rabi,240,Nitrogen Surplus,Optimal,10.911529901688624
rabi,240,Water Demand,Optimal,6.777119961491268
rabi,241,Nitrogen Emission,Optimal,11.423104494003308
rabi,241,Nitrogen Leach,Optimal,11.936601735673277
rabi,241,Greenhouse Gas emission,Optimal,-2.0059090195794043
rabi,241,Net return,Optimal,0.09214582088538809
rabi,241,Calorie,Optimal,-1.0559120885763955
rabi,241,Phosphorus application,Optimal,8.293983584470148
rabi,241,Nitrogen application,Optimal,6.223655931302111
rabi,241,Phosphorus Surplus,Optimal,11.343404017068139
rabi,241,Nitrogen Surplus,Optimal,10.98537624671274
rabi,241,Water Demand,Optimal,-0.505534362997473
rabi,242,Nitrogen Emission,Optimal,10.630200745202272
rabi,242,Nitrogen Leach,Optimal,11.616225941557197
rabi,242,Greenhouse Gas emission,Optimal,-7.325633563347229
rabi,242,Net return,Optimal,0.984959277727197
rabi,242,Calorie,Optimal,-1.6093636438554988
rabi,242,Phosphorus application,Optimal,4.928913583463997
rabi,242,Nitrogen application,Optimal,5.882480598756874
rabi,242,Phosphorus Surplus,Optimal,6.722433989535491
rabi,242,Nitrogen Surplus,Optimal,10.11087462232292
rabi,242,Water Demand,Optimal,4.272302404162784
rabi,243,Nitrogen Emission,Optimal,11.0090158268525
rabi,243,Nitrogen Leach,Optimal,11.670091497683524
rabi,243,Greenhouse Gas emission,Optimal,-5.823367428583094
rabi,243,Net return,Optimal,0.10522715480810861
rabi,243,Calorie,Optimal,-0.9572278522248993
rabi,243,Phosphorus application,Optimal,6.391724017175056
rabi,243,Nitrogen application,Optimal,6.249330980945815
rabi,243,Phosphorus Surplus,Optimal,8.564463237307596
rabi,243,Nitrogen Surplus,Optimal,10.427915088337
rabi,243,Water Demand,Optimal,-0.6954419759716401
rabi,244,Nitrogen Emission,Optimal,11.490176695078208
rabi,244,Nitrogen Leach,Optimal,11.677305213025557
rabi,244,Greenhouse Gas emission,Optimal,-1.64348081632684
rabi,244,Net return,Optimal,6.431980155313638
rabi,244,Calorie,Optimal,-1.2617543607309667
rabi,244,Phosphorus application,Optimal,3.0426392073719617
rabi,244,Nitrogen application,Optimal,6.451039002170276
rabi,244,Phosphorus Surplus,Optimal,4.124241185847674
rabi,244,Nitrogen Surplus,Optimal,11.000637192767845
rabi,244,Water Demand,Optimal,1.4309344690446977
rabi,245,Nitrogen Emission,Optimal,11.07545038343204
rabi,245,Nitrogen Leach,Optimal,11.112069858703531
rabi,245,Greenhouse Gas emission,Optimal,-7.249387816613606
rabi,245,Net return,Optimal,0.6701624738435994
rabi,245,Calorie,Optimal,-1.3755824348841
rabi,245,Phosphorus application,Optimal,7.068225889617586
rabi,245,Nitrogen application,Optimal,6.143526861352514
rabi,245,Phosphorus Surplus,Optimal,9.58809463601415
rabi,245,Nitrogen Surplus,Optimal,10.358011444397775
rabi,245,Water Demand,Optimal,1.4967863786003759
rabi,246,Nitrogen Emission,Optimal,11.043761169929008
rabi,246,Nitrogen Leach,Optimal,11.918657822451877
rabi,246,Greenhouse Gas emission,Optimal,-4.7062977358274045
rabi,246,Net return,Optimal,0.7142949249994798
rabi,246,Calorie,Optimal,-0.9026001547429184
rabi,246,Phosphorus application,Optimal,5.794999023597627
rabi,246,Nitrogen application,Optimal,6.384210247246327
rabi,246,Phosphorus Surplus,Optimal,7.724301932083955
rabi,246,Nitrogen Surplus,Optimal,10.506170911810894
rabi,246,Water Demand,Optimal,4.781042161255589
rabi,247,Nitrogen Emission,Optimal,10.883426211133045
rabi,247,Nitrogen Leach,Optimal,11.470957156129353
rabi,247,Greenhouse Gas emission,Optimal,-6.864843140162963
rabi,247,Net return,Optimal,7.266614031672203
rabi,247,Calorie,Optimal,-1.7076138603226345
rabi,247,Phosphorus application,Optimal,6.9945426377158455
rabi,247,Nitrogen application,Optimal,6.258767007398688
rabi,247,Phosphorus Surplus,Optimal,9.468767614322877
rabi,247,Nitrogen Surplus,Optimal,10.329814369373956
rabi,247,Water Demand,Optimal,-2.8771800181366767
rabi,248,Nitrogen Emission,Optimal,11.968881429288164
rabi,248,Nitrogen Leach,Optimal,12.487746048853612
rabi,248,Greenhouse Gas emission,Optimal,-6.652136027722576
rabi,248,Net return,Optimal,0.2542258267962233
rabi,248,Calorie,Optimal,-1.1679882860401833
rabi,248,Phosphorus application,Optimal,5.720224447597761
rabi,248,Nitrogen application,Optimal,6.683191184722851
rabi,248,Phosphorus Surplus,Optimal,7.709819434028751
rabi,248,Nitrogen Surplus,Optimal,11.436510390479798
rabi,248,Water Demand,Optimal,-0.23825894638732545
rabi,249,Nitrogen Emission,Optimal,11.744484335350958
rabi,249,Nitrogen Leach,Optimal,11.656806977729701
rabi,249,Greenhouse Gas emission,Optimal,-3.3611954254777316
rabi,249,Net return,Optimal,0.09214582088537009
rabi,249,Calorie,Optimal,-1.0587906571828494
rabi,249,Phosphorus application,Optimal,6.518664117422609
rabi,249,Nitrogen application,Optimal,6.487014145532988
rabi,249,Phosphorus Surplus,Optimal,8.853742542715162
rabi,249,Nitrogen Surplus,Optimal,11.266340453158179
rabi,249,Water Demand,Optimal,3.721956789675407
rabi,250,Nitrogen Emission,Optimal,9.76892753349632
rabi,250,Nitrogen Leach,Optimal,10.758299516482941
rabi,250,Greenhouse Gas emission,Optimal,-4.61364330200861
rabi,250,Net return,Optimal,0.7646112854122209
rabi,250,Calorie,Optimal,-0.9388772418502205
rabi,250,Phosphorus application,Optimal,4.580985498958723
rabi,250,Nitrogen application,Optimal,5.603716084965392
rabi,250,Phosphorus Surplus,Optimal,6.089920157224571
rabi,250,Nitrogen Surplus,Optimal,9.15352609751416
rabi,250,Water Demand,Optimal,4.352477734001436
rabi,251,Nitrogen Emission,Optimal,11.445884265052237
rabi,251,Nitrogen Leach,Optimal,12.357759509708108
rabi,251,Greenhouse Gas emission,Optimal,-5.911421767241495
rabi,251,Net return,Optimal,0.0921458208854241
rabi,251,Calorie,Optimal,-0.8507242908460455
rabi,251,Phosphorus application,Optimal,6.833578325373741
rabi,251,Nitrogen application,Optimal,6.6378862373556
rabi,251,Phosphorus Surplus,Optimal,9.130249603100646
rabi,251,Nitrogen Surplus,Optimal,11.018895040998897
rabi,251,Water Demand,Optimal,3.871771920826219
rabi,252,Nitrogen Emission,Optimal,10.518632046670673
rabi,252,Nitrogen Leach,Optimal,11.618394173262217
rabi,252,Greenhouse Gas emission,Optimal,-6.71512605109268
rabi,252,Net return,Optimal,5.3519863561013015
rabi,252,Calorie,Optimal,-1.2366963541370282
rabi,252,Phosphorus application,Optimal,5.864355675515777
rabi,252,Nitrogen application,Optimal,6.133177813949843
rabi,252,Phosphorus Surplus,Optimal,7.904415125959408
rabi,252,Nitrogen Surplus,Optimal,10.20317864090888
rabi,252,Water Demand,Optimal,-1.6387828628188796
rabi,253,Nitrogen Emission,Optimal,11.727623178843276
rabi,253,Nitrogen Leach,Optimal,12.790050901526945
rabi,253,Greenhouse Gas emission,Optimal,-7.630232936686583
rabi,253,Net return,Optimal,3.1013093182437945
rabi,253,Calorie,Optimal,-1.63059942463541
rabi,253,Phosphorus application,Optimal,6.068065749772242
rabi,253,Nitrogen application,Optimal,6.42870412728677
rabi,253,Phosphorus Surplus,Optimal,8.272308818388986
rabi,253,Nitrogen Surplus,Optimal,11.146940655710026
rabi,253,Water Demand,Optimal,-4.749123264427828
rabi,254,Nitrogen Emission,Optimal,12.171039177574299
rabi,254,Nitrogen Leach,Optimal,12.300435398486137
rabi,254,Greenhouse Gas emission,Optimal,-4.534124069001716
rabi,254,Net return,Optimal,0.49650696014121254
rabi,254,Calorie,Optimal,-1.332091572190372
rabi,254,Phosphorus application,Optimal,6.380260354087614
rabi,254,Nitrogen application,Optimal,6.703565611459936
rabi,254,Phosphorus Surplus,Optimal,8.690136313362087
rabi,254,Nitrogen Surplus,Optimal,11.614061502569218
rabi,254,Water Demand,Optimal,0.02320701376888248
rabi,255,Nitrogen Emission,Optimal,11.631752320705314
rabi,255,Nitrogen Leach,Optimal,12.290864157099508
rabi,255,Greenhouse Gas emission,Optimal,-5.141926972929671
rabi,255,Net return,Optimal,0.9939328463494216
rabi,255,Calorie,Optimal,-0.8191245836535913
rabi,255,Phosphorus application,Optimal,7.27939154906766
rabi,255,Nitrogen application,Optimal,6.605060606252201
rabi,255,Phosphorus Surplus,Optimal,9.764999718515064
rabi,255,Nitrogen Surplus,Optimal,11.145527652928257
rabi,255,Water Demand,Optimal,0.15649774886655393
rabi,256,Nitrogen Emission,Optimal,13.153661970363569
rabi,256,Nitrogen Leach,Optimal,13.484124680225882
rabi,256,Greenhouse Gas emission,Optimal,-1.1983435758267684
rabi,256,Net return,Optimal,0.7665736492276173
rabi,256,Calorie,Optimal,-0.5894780653009587
rabi,256,Phosphorus application,Optimal,7.528498544651025
rabi,256,Nitrogen application,Optimal,7.225576761723848
rabi,256,Phosphorus Surplus,Optimal,10.140958241661705
rabi,256,Nitrogen Surplus,Optimal,12.543843546772916
rabi,256,Water Demand,Optimal,3.7536738063126243
rabi,257,Nitrogen Emission,Optimal,12.222749130138261
rabi,257,Nitrogen Leach,Optimal,13.129217722617664
rabi,257,Greenhouse Gas emission,Optimal,-6.343803871644765
rabi,257,Net return,Optimal,1.0337612598065482
rabi,257,Calorie,Optimal,-1.425141608710119
rabi,257,Phosphorus application,Optimal,6.3646241381410915
rabi,257,Nitrogen application,Optimal,6.794117408287597
rabi,257,Phosphorus Surplus,Optimal,8.699519599858156
rabi,257,Nitrogen Surplus,Optimal,11.819640459188221
rabi,257,Water Demand,Optimal,3.296550457626164
rabi,258,Nitrogen Emission,Optimal,10.844624182080505
rabi,258,Nitrogen Leach,Optimal,11.211592219276408
rabi,258,Greenhouse Gas emission,Optimal,-4.688995786754445
rabi,258,Net return,Optimal,0.10371814898331652
rabi,258,Calorie,Optimal,-0.9931138063122716
rabi,258,Phosphorus application,Optimal,7.30152206792297
rabi,258,Nitrogen application,Optimal,5.935411194845643
rabi,258,Phosphorus Surplus,Optimal,9.924250161350866
rabi,258,Nitrogen Surplus,Optimal,10.316638007384034
rabi,258,Water Demand,Optimal,-0.23294836226154428
rabi,259,Nitrogen Emission,Optimal,10.44808378215323
rabi,259,Nitrogen Leach,Optimal,10.861397804307748
rabi,259,Greenhouse Gas emission,Optimal,-6.76795107792635
rabi,259,Net return,Optimal,1.0120207693901282
rabi,259,Calorie,Optimal,-1.068537992757115
rabi,259,Phosphorus application,Optimal,6.61951095085466
rabi,259,Nitrogen application,Optimal,5.806211148963725
rabi,259,Phosphorus Surplus,Optimal,8.944196787866371
rabi,259,Nitrogen Surplus,Optimal,9.780890772347744
rabi,259,Water Demand,Optimal,-1.448570943873888
rabi,260,Nitrogen Emission,Optimal,11.532535295399752
rabi,260,Nitrogen Leach,Optimal,12.110959085593752
rabi,260,Greenhouse Gas emission,Optimal,-4.815303601833548
rabi,260,Net return,Optimal,1.6159843484975147
rabi,260,Calorie,Optimal,-1.2229612181738303
rabi,260,Phosphorus application,Optimal,6.7962916215135465
rabi,260,Nitrogen application,Optimal,6.452305124646835
rabi,260,Phosphorus Surplus,Optimal,9.221822895883818
rabi,260,Nitrogen Surplus,Optimal,10.989498782304612
rabi,260,Water Demand,Optimal,4.988385117540871
rabi,261,Nitrogen Emission,Optimal,10.26112855177379
rabi,261,Nitrogen Leach,Optimal,10.944553388576011
rabi,261,Greenhouse Gas emission,Optimal,-4.740937978965562
rabi,261,Net return,Optimal,0.754469094742389
rabi,261,Calorie,Optimal,-1.0647839961531738
rabi,261,Phosphorus application,Optimal,4.942005787181826
rabi,261,Nitrogen application,Optimal,5.760500802185339
rabi,261,Phosphorus Surplus,Optimal,6.6393067529918985
rabi,261,Nitrogen Surplus,Optimal,9.659754758523883
rabi,261,Water Demand,Optimal,0.5648685404088394
rabi,262,Nitrogen Emission,Optimal,11.329972490141664
rabi,262,Nitrogen Leach,Optimal,11.764590597969045
rabi,262,Greenhouse Gas emission,Optimal,-4.026162756757759
rabi,262,Net return,Optimal,3.3065324355415044
rabi,262,Calorie,Optimal,-1.1684834715514967
rabi,262,Phosphorus application,Optimal,5.211483758672837
rabi,262,Nitrogen application,Optimal,6.435164433389786
rabi,262,Phosphorus Surplus,Optimal,7.040960035253849
rabi,262,Nitrogen Surplus,Optimal,10.983411320127034
rabi,262,Water Demand,Optimal,5.397301508016906
rabi,263,Nitrogen Emission,Optimal,12.451833692834377
rabi,263,Nitrogen Leach,Optimal,12.533240543595092
rabi,263,Greenhouse Gas emission,Optimal,-6.1646389770817605
rabi,263,Net return,Optimal,0.5873092840180607
rabi,263,Calorie,Optimal,-1.3199487519418902
rabi,263,Phosphorus application,Optimal,7.288819778745457
rabi,263,Nitrogen application,Optimal,6.970814272796905
rabi,263,Phosphorus Surplus,Optimal,9.867468662004452
rabi,263,Nitrogen Surplus,Optimal,11.929328395569538
rabi,263,Water Demand,Optimal,-1.7907160308808792
rabi,264,Nitrogen Emission,Optimal,13.035558898809118
rabi,264,Nitrogen Leach,Optimal,13.591582088092013
rabi,264,Greenhouse Gas emission,Optimal,-4.1460452647709145
rabi,264,Net return,Optimal,0.10679457575254644
rabi,264,Calorie,Optimal,-1.1612858545732692
rabi,264,Phosphorus application,Optimal,6.857677578689139
rabi,264,Nitrogen application,Optimal,7.139954836219499
rabi,264,Phosphorus Surplus,Optimal,9.306458024191555
rabi,264,Nitrogen Surplus,Optimal,12.439685961424843
rabi,264,Water Demand,Optimal,3.893615047182345
rabi,265,Nitrogen Emission,Optimal,10.929564932451969
rabi,265,Nitrogen Leach,Optimal,11.518611904336343
rabi,265,Greenhouse Gas emission,Optimal,-4.320016773350514
rabi,265,Net return,Optimal,0.7861800300709793
rabi,265,Calorie,Optimal,-0.8574987609150022
rabi,265,Phosphorus application,Optimal,6.537225840950669
rabi,265,Nitrogen application,Optimal,6.222716665236038
rabi,265,Phosphorus Surplus,Optimal,8.764607242292705
rabi,265,Nitrogen Surplus,Optimal,10.333701520483219
rabi,265,Water Demand,Optimal,2.9698334086164153
rabi,266,Nitrogen Emission,Optimal,13.605017446305546
rabi,266,Nitrogen Leach,Optimal,13.934075741905959
rabi,266,Greenhouse Gas emission,Optimal,-4.050090789874641
rabi,266,Net return,Optimal,2.398632644015849
rabi,266,Calorie,Optimal,-0.906704626655617
rabi,266,Phosphorus application,Optimal,8.323650762393987
rabi,266,Nitrogen application,Optimal,7.562179603972113
rabi,266,Phosphorus Surplus,Optimal,11.227251921885873
rabi,266,Nitrogen Surplus,Optimal,13.078375325814484
rabi,266,Water Demand,Optimal,1.3670305266023552
rabi,267,Nitrogen Emission,Optimal,11.108688124924862
rabi,267,Nitrogen Leach,Optimal,11.863543400817214
rabi,267,Greenhouse Gas emission,Optimal,-6.576802338423936
rabi,267,Net return,Optimal,7.344903093736831
rabi,267,Calorie,Optimal,-1.1989387983290842
rabi,267,Phosphorus application,Optimal,3.5129797297718888
rabi,267,Nitrogen application,Optimal,6.171353311752379
rabi,267,Phosphorus Surplus,Optimal,4.702470851687103
rabi,267,Nitrogen Surplus,Optimal,10.382441465035313
rabi,267,Water Demand,Optimal,2.911923820448796
rabi,268,Nitrogen Emission,Optimal,10.83434335793376
rabi,268,Nitrogen Leach,Optimal,11.547287232679398
rabi,268,Greenhouse Gas emission,Optimal,-7.022543736103332
rabi,268,Net return,Optimal,3.5599154168511467
rabi,268,Calorie,Optimal,-1.2370531080603
rabi,268,Phosphorus application,Optimal,5.173788926426963
rabi,268,Nitrogen application,Optimal,6.229224061353676
rabi,268,Phosphorus Surplus,Optimal,6.924177195263407
rabi,268,Nitrogen Surplus,Optimal,10.202404357117889
rabi,268,Water Demand,Optimal,1.3427251405840712
rabi,269,Nitrogen Emission,Optimal,12.6001632973683
rabi,269,Nitrogen Leach,Optimal,13.546904206104658
rabi,269,Greenhouse Gas emission,Optimal,-6.106263879099869
rabi,269,Net return,Optimal,9.40136875153296
rabi,269,Calorie,Optimal,-1.205971398053434
rabi,269,Phosphorus application,Optimal,3.5976763991968954
rabi,269,Nitrogen application,Optimal,7.285619410973414
rabi,269,Phosphorus Surplus,Optimal,4.726906742047503
rabi,269,Nitrogen Surplus,Optimal,12.221047306134048
rabi,269,Water Demand,Optimal,0.9949164762318055
rabi,270,Nitrogen Emission,Optimal,11.40390913058857
rabi,270,Nitrogen Leach,Optimal,11.193570799979623
rabi,270,Greenhouse Gas emission,Optimal,-2.309250988495892
rabi,270,Net return,Optimal,0.6140085824118343
rabi,270,Calorie,Optimal,-1.024035047927693
rabi,270,Phosphorus application,Optimal,6.587033750727908
rabi,270,Nitrogen application,Optimal,6.300724968751854
rabi,270,Phosphorus Surplus,Optimal,8.95090816063454
rabi,270,Nitrogen Surplus,Optimal,10.961200849121367
rabi,270,Water Demand,Optimal,0.4030308974628645
rabi,271,Nitrogen Emission,Optimal,10.520297301504634
rabi,271,Nitrogen Leach,Optimal,10.84701459311674
rabi,271,Greenhouse Gas emission,Optimal,-0.37344116879088507
rabi,271,Net return,Optimal,2.7740383693570028
rabi,271,Calorie,Optimal,-1.088589565639777
rabi,271,Phosphorus application,Optimal,6.439594375816913
rabi,271,Nitrogen application,Optimal,5.71909634778527
rabi,271,Phosphorus Surplus,Optimal,8.80807512753997
rabi,271,Nitrogen Surplus,Optimal,9.917323515931658
rabi,271,Water Demand,Optimal,2.1809866348299027
rabi,272,Nitrogen Emission,Optimal,10.850146515672911
rabi,272,Nitrogen Leach,Optimal,11.206668233039784
rabi,272,Greenhouse Gas emission,Optimal,-2.9540850343927008
rabi,272,Net return,Optimal,2.174726219658129
rabi,272,Calorie,Optimal,-0.9190424109133127
rabi,272,Phosphorus application,Optimal,7.230428456346845
rabi,272,Nitrogen application,Optimal,6.1229593193919305
rabi,272,Phosphorus Surplus,Optimal,9.755296601888553
rabi,272,Nitrogen Surplus,Optimal,10.30069318240559
rabi,272,Water Demand,Optimal,0.7914239073788149
rabi,273,Nitrogen Emission,Optimal,12.016416961481822
rabi,273,Nitrogen Leach,Optimal,12.064301128223464
rabi,273,Greenhouse Gas emission,Optimal,-3.3913128741448384
rabi,273,Net return,Optimal,0.10522715480809061
rabi,273,Calorie,Optimal,-1.090066641254376
rabi,273,Phosphorus application,Optimal,6.238060355956002
rabi,273,Nitrogen application,Optimal,6.586472294870455
rabi,273,Phosphorus Surplus,Optimal,8.508233151248183
rabi,273,Nitrogen Surplus,Optimal,11.56504875817536
rabi,273,Water Demand,Optimal,4.479341520152965
rabi,274,Nitrogen Emission,Optimal,11.154837095300357
rabi,274,Nitrogen Leach,Optimal,11.528968703351651
rabi,274,Greenhouse Gas emission,Optimal,-5.227182041051913
rabi,274,Net return,Optimal,0.4899141402985633
rabi,274,Calorie,Optimal,-1.0902966285130926
rabi,274,Phosphorus application,Optimal,7.934613561319683
rabi,274,Nitrogen application,Optimal,6.3133355761656125
rabi,274,Phosphorus Surplus,Optimal,10.719223276755182
rabi,274,Nitrogen Surplus,Optimal,10.592979919390961
rabi,274,Water Demand,Optimal,0.8699975164632583
rabi,275,Nitrogen Emission,Optimal,11.132993970976903
rabi,275,Nitrogen Leach,Optimal,11.535209096946083
rabi,275,Greenhouse Gas emission,Optimal,-6.213052491092272
rabi,275,Net return,Optimal,0.31363713700500134
rabi,275,Calorie,Optimal,-1.419330510942374
rabi,275,Phosphorus application,Optimal,6.100298994388641
rabi,275,Nitrogen application,Optimal,6.1498090342215805
rabi,275,Phosphorus Surplus,Optimal,8.336606466024225
rabi,275,Nitrogen Surplus,Optimal,10.597501912986772
rabi,275,Water Demand,Optimal,4.042308758964221
rabi,276,Nitrogen Emission,Optimal,11.781378767991066
rabi,276,Nitrogen Leach,Optimal,12.569362035286584
rabi,276,Greenhouse Gas emission,Optimal,-6.045146798968828
rabi,276,Net return,Optimal,6.942715640866806
rabi,276,Calorie,Optimal,-1.4012556462911856
rabi,276,Phosphorus application,Optimal,6.83937089695657
rabi,276,Nitrogen application,Optimal,6.707418034979236
rabi,276,Phosphorus Surplus,Optimal,9.248375378185202
rabi,276,Nitrogen Surplus,Optimal,11.23999159962496
rabi,276,Water Demand,Optimal,-0.09468769125639741
rabi,277,Nitrogen Emission,Optimal,10.626375675328458
rabi,277,Nitrogen Leach,Optimal,11.470662120433268
rabi,277,Greenhouse Gas emission,Optimal,-6.02873491726585
rabi,277,Net return,Optimal,0.5398453041064395
rabi,277,Calorie,Optimal,-1.1854739521619206
rabi,277,Phosphorus application,Optimal,7.173401644195978
rabi,277,Nitrogen application,Optimal,5.991518703349795
rabi,277,Phosphorus Surplus,Optimal,9.7153596787755
rabi,277,Nitrogen Surplus,Optimal,10.085625684210791
rabi,277,Water Demand,Optimal,-1.7676555162769076
rabi,278,Nitrogen Emission,Optimal,11.19843345690131
rabi,278,Nitrogen Leach,Optimal,12.25231791518268
rabi,278,Greenhouse Gas emission,Optimal,-3.0784026216377516
rabi,278,Net return,Optimal,0.10371814898329851
rabi,278,Calorie,Optimal,-1.1516338505970498
rabi,278,Phosphorus application,Optimal,6.027136030475383
rabi,278,Nitrogen application,Optimal,6.173740603608962
rabi,278,Phosphorus Surplus,Optimal,8.208643918722604
rabi,278,Nitrogen Surplus,Optimal,10.612599260716825
rabi,278,Water Demand,Optimal,5.4641267734860985
rabi,279,Nitrogen Emission,Optimal,12.569097331706745
rabi,279,Nitrogen Leach,Optimal,13.285884726308492
rabi,279,Greenhouse Gas emission,Optimal,-4.181384372944373
rabi,279,Net return,Optimal,0.7307893561609475
rabi,279,Calorie,Optimal,-1.2438462482441115
rabi,279,Phosphorus application,Optimal,6.962520506657418
rabi,279,Nitrogen application,Optimal,7.014725406853863
rabi,279,Phosphorus Surplus,Optimal,9.459028318467205
rabi,279,Nitrogen Surplus,Optimal,12.063311142517387
rabi,279,Water Demand,Optimal,-0.07786289967057804
rabi,280,Nitrogen Emission,Optimal,11.147979889360663
rabi,280,Nitrogen Leach,Optimal,11.868319830238821
rabi,280,Greenhouse Gas emission,Optimal,-3.8959279740492123
rabi,280,Net return,Optimal,0.7680769421313024
rabi,280,Calorie,Optimal,-1.273531352991489
rabi,280,Phosphorus application,Optimal,6.65619948829676
rabi,280,Nitrogen application,Optimal,6.189623372834863
rabi,280,Phosphorus Surplus,Optimal,9.070049526240354
rabi,280,Nitrogen Surplus,Optimal,10.596577442398688
rabi,280,Water Demand,Optimal,1.9535674933819673
rabi,281,Nitrogen Emission,Optimal,11.299535455808606
rabi,281,Nitrogen Leach,Optimal,11.790810600752556
rabi,281,Greenhouse Gas emission,Optimal,-1.009088492287399
rabi,281,Net return,Optimal,4.664850655931403
rabi,281,Calorie,Optimal,-1.1493416432584738
rabi,281,Phosphorus application,Optimal,6.8912628139280745
rabi,281,Nitrogen application,Optimal,6.331600714138622
rabi,281,Phosphorus Surplus,Optimal,9.378184280983607
rabi,281,Nitrogen Surplus,Optimal,10.888444996312606
rabi,281,Water Demand,Optimal,-0.4229866566408072
rabi,282,Nitrogen Emission,Optimal,11.740142667523973
rabi,282,Nitrogen Leach,Optimal,12.399809034768793
rabi,282,Greenhouse Gas emission,Optimal,-6.253637416372627
rabi,282,Net return,Optimal,0.10371814898328051
rabi,282,Calorie,Optimal,-1.2101722197630067
rabi,282,Phosphorus application,Optimal,6.603819642150497
rabi,282,Nitrogen application,Optimal,6.470239127688336
rabi,282,Phosphorus Surplus,Optimal,8.932272597521088
rabi,282,Nitrogen Surplus,Optimal,11.148307542158141
rabi,282,Water Demand,Optimal,2.0392339086026823
rabi,283,Nitrogen Emission,Optimal,11.166951641777244
rabi,283,Nitrogen Leach,Optimal,12.191907709695316
rabi,283,Greenhouse Gas emission,Optimal,-5.188752962300139
rabi,283,Net return,Optimal,2.2969896686092075
rabi,283,Calorie,Optimal,-0.68832623504564
rabi,283,Phosphorus application,Optimal,6.206851716483153
rabi,283,Nitrogen application,Optimal,6.46454526082692
rabi,283,Phosphorus Surplus,Optimal,8.241369897019375
rabi,283,Nitrogen Surplus,Optimal,10.681601028803062
rabi,283,Water Demand,Optimal,-2.073128245814189
rabi,284,Nitrogen Emission,Optimal,12.372723479957568
rabi,284,Nitrogen Leach,Optimal,12.79165515427415
rabi,284,Greenhouse Gas emission,Optimal,-7.268154814208343
rabi,284,Net return,Optimal,0.09214582088540609
rabi,284,Calorie,Optimal,-1.3675546671079681
rabi,284,Phosphorus application,Optimal,8.087835520148165
rabi,284,Nitrogen application,Optimal,6.960075615611023
rabi,284,Phosphorus Surplus,Optimal,10.942580712248299
rabi,284,Nitrogen Surplus,Optimal,11.791862692308722
rabi,284,Water Demand,Optimal,-10.091050394238762
rabi,285,Nitrogen Emission,Optimal,12.141277562939507
rabi,285,Nitrogen Leach,Optimal,12.887676255750856
rabi,285,Greenhouse Gas emission,Optimal,-6.79969130414108
rabi,285,Net return,Optimal,4.086285372514734
rabi,285,Calorie,Optimal,-1.087382389996757
rabi,285,Phosphorus application,Optimal,5.770324688603429
rabi,285,Nitrogen application,Optimal,6.966442146583349
rabi,285,Phosphorus Surplus,Optimal,7.705019999242269
rabi,285,Nitrogen Surplus,Optimal,11.685429139394824
rabi,285,Water Demand,Optimal,0.23516953917185635
rabi,286,Nitrogen Emission,Optimal,11.066696538088282
rabi,286,Nitrogen Leach,Optimal,11.49536318642734
rabi,286,Greenhouse Gas emission,Optimal,-6.133052663557996
rabi,286,Net return,Optimal,0.18255219344037074
rabi,286,Calorie,Optimal,-1.2529477572022252
rabi,286,Phosphorus application,Optimal,5.848849792824286
rabi,286,Nitrogen application,Optimal,6.27568850834988
rabi,286,Phosphorus Surplus,Optimal,7.897515533056173
rabi,286,Nitrogen Surplus,Optimal,10.608468187498143
rabi,286,Water Demand,Optimal,-0.18079540128863375
rabi,287,Nitrogen Emission,Optimal,12.229933970585968
rabi,287,Nitrogen Leach,Optimal,13.05571237035452
rabi,287,Greenhouse Gas emission,Optimal,-5.070851457889073
rabi,287,Net return,Optimal,2.254026682753405
rabi,287,Calorie,Optimal,-1.3582226539092939
rabi,287,Phosphorus application,Optimal,8.66767674476149
rabi,287,Nitrogen application,Optimal,6.792860896927204
rabi,287,Phosphorus Surplus,Optimal,11.797165984817019
rabi,287,Nitrogen Surplus,Optimal,11.668197237526437
rabi,287,Water Demand,Optimal,-1.1107443386336429
rabi,288,Nitrogen Emission,Optimal,11.528485820855252
rabi,288,Nitrogen Leach,Optimal,12.268652040194192
rabi,288,Greenhouse Gas emission,Optimal,-6.509570509137088
rabi,288,Net return,Optimal,6.893379337521774
rabi,288,Calorie,Optimal,-1.32470510994835
rabi,288,Phosphorus application,Optimal,3.8209981993064233
rabi,288,Nitrogen application,Optimal,6.597430333432526
rabi,288,Phosphorus Surplus,Optimal,5.0852881123050375
rabi,288,Nitrogen Surplus,Optimal,10.894817942505828
rabi,288,Water Demand,Optimal,2.48586473564355
rabi,289,Nitrogen Emission,Optimal,10.850496748059449
rabi,289,Nitrogen Leach,Optimal,11.449368082379175
rabi,289,Greenhouse Gas emission,Optimal,-6.699913148714416
rabi,289,Net return,Optimal,0.10679457575254644
rabi,289,Calorie,Optimal,-1.5251229639344013
rabi,289,Phosphorus application,Optimal,6.3179171880437135
rabi,289,Nitrogen application,Optimal,6.01793080166231
rabi,289,Phosphorus Surplus,Optimal,8.62735335244431
rabi,289,Nitrogen Surplus,Optimal,10.326607653671694
rabi,289,Water Demand,Optimal,2.3558105716768387
rabi,290,Nitrogen Emission,Optimal,11.95152741361962
rabi,290,Nitrogen Leach,Optimal,11.79884366734621
rabi,290,Greenhouse Gas emission,Optimal,-5.357334104627124
rabi,290,Net return,Optimal,0.6153520643699678
rabi,290,Calorie,Optimal,-0.7269103185642747
rabi,290,Phosphorus application,Optimal,6.879560030871948
rabi,290,Nitrogen application,Optimal,6.819156285284315
rabi,290,Phosphorus Surplus,Optimal,9.157947450736744
rabi,290,Nitrogen Surplus,Optimal,11.393156818224739
rabi,290,Water Demand,Optimal,-2.1286476622053883
rabi,291,Nitrogen Emission,Optimal,11.530719282764279
rabi,291,Nitrogen Leach,Optimal,12.572305947554243
rabi,291,Greenhouse Gas emission,Optimal,-5.094721192311777
rabi,291,Net return,Optimal,1.92756824650144
rabi,291,Calorie,Optimal,-1.1940959608765325
rabi,291,Phosphorus application,Optimal,7.61841034027787
rabi,291,Nitrogen application,Optimal,6.467087394023138
rabi,291,Phosphorus Surplus,Optimal,10.333811327727982
rabi,291,Nitrogen Surplus,Optimal,10.968422379821396
rabi,291,Water Demand,Optimal,0.5799355962045092
rabi,292,Nitrogen Emission,Optimal,12.860254471584296
rabi,292,Nitrogen Leach,Optimal,13.042431769825788
rabi,292,Greenhouse Gas emission,Optimal,-4.35217337492508
rabi,292,Net return,Optimal,0.21706145181622924
rabi,292,Calorie,Optimal,-1.1434775529144248
rabi,292,Phosphorus application,Optimal,7.999671007587942
rabi,292,Nitrogen application,Optimal,7.034688284528576
rabi,292,Phosphorus Surplus,Optimal,10.899433149304754
rabi,292,Nitrogen Surplus,Optimal,12.301150249187224
rabi,292,Water Demand,Optimal,3.161520023872012
rabi,293,Nitrogen Emission,Optimal,12.105992485809692
rabi,293,Nitrogen Leach,Optimal,12.620091067388238
rabi,293,Greenhouse Gas emission,Optimal,-4.573491395025773
rabi,293,Net return,Optimal,7.119640201966699
rabi,293,Calorie,Optimal,-0.43760640552423274
rabi,293,Phosphorus application,Optimal,5.172373656920271
rabi,293,Nitrogen application,Optimal,7.077108835873882
rabi,293,Phosphorus Surplus,Optimal,6.737596637660583
rabi,293,Nitrogen Surplus,Optimal,11.613698025063805
rabi,293,Water Demand,Optimal,-0.9118393538404496
rabi,294,Nitrogen Emission,Optimal,10.252826179995358
rabi,294,Nitrogen Leach,Optimal,10.963474483548438
rabi,294,Greenhouse Gas emission,Optimal,-5.881081532916817
rabi,294,Net return,Optimal,0.7699231167512522
rabi,294,Calorie,Optimal,-1.3745542074537793
rabi,294,Phosphorus application,Optimal,5.454858616460845
rabi,294,Nitrogen application,Optimal,5.691574716111617
rabi,294,Phosphorus Surplus,Optimal,7.440542809235023
rabi,294,Nitrogen Surplus,Optimal,9.65756385842522
rabi,294,Water Demand,Optimal,2.477033803702298
rabi,295,Nitrogen Emission,Optimal,12.045414435924824
rabi,295,Nitrogen Leach,Optimal,12.995464022155373
rabi,295,Greenhouse Gas emission,Optimal,-6.523298115227623
rabi,295,Net return,Optimal,6.758287150608064
rabi,295,Calorie,Optimal,-1.342340814910345
rabi,295,Phosphorus application,Optimal,5.397981035035331
rabi,295,Nitrogen application,Optimal,7.001613436495123
rabi,295,Phosphorus Surplus,Optimal,7.256184616423247
rabi,295,Nitrogen Surplus,Optimal,11.738046608692459
rabi,295,Water Demand,Optimal,1.1945921178749328
rabi,296,Nitrogen Emission,Optimal,12.965220899896932
rabi,296,Nitrogen Leach,Optimal,13.125081073937158
rabi,296,Greenhouse Gas emission,Optimal,-3.483976111385223
rabi,296,Net return,Optimal,2.7787828355921937
rabi,296,Calorie,Optimal,-1.004917676614041
rabi,296,Phosphorus application,Optimal,7.322712436438259
rabi,296,Nitrogen application,Optimal,7.139297717244621
rabi,296,Phosphorus Surplus,Optimal,9.914574176997542
rabi,296,Nitrogen Surplus,Optimal,12.319894008606031
rabi,296,Water Demand,Optimal,0.3714773035108771
rabi,297,Nitrogen Emission,Optimal,10.694242902368469
rabi,297,Nitrogen Leach,Optimal,11.462335425325682
rabi,297,Greenhouse Gas emission,Optimal,-1.9917752090264897
rabi,297,Net return,Optimal,0.9968530877453424
rabi,297,Calorie,Optimal,-1.1743100356452865
rabi,297,Phosphorus application,Optimal,6.2755211387876555
rabi,297,Nitrogen application,Optimal,5.764022656259619
rabi,297,Phosphorus Surplus,Optimal,8.594630500212403
rabi,297,Nitrogen Surplus,Optimal,10.106741091940117
rabi,297,Water Demand,Optimal,-3.2315271770558693
rabi,298,Nitrogen Emission,Optimal,9.30899747712761
rabi,298,Nitrogen Leach,Optimal,9.747962998658101
rabi,298,Greenhouse Gas emission,Optimal,-5.068500078079861
rabi,298,Net return,Optimal,0.10009715110372659
rabi,298,Calorie,Optimal,-1.3979133307912728
rabi,298,Phosphorus application,Optimal,6.762623385157915
rabi,298,Nitrogen application,Optimal,5.287618935523938
rabi,298,Phosphorus Surplus,Optimal,9.17826223275763
rabi,298,Nitrogen Surplus,Optimal,8.720722864897404
rabi,298,Water Demand,Optimal,3.2533795729208754
rabi,299,Nitrogen Emission,Optimal,11.328996061098204
rabi,299,Nitrogen Leach,Optimal,11.951966191877961
rabi,299,Greenhouse Gas emission,Optimal,-4.277118687970391
rabi,299,Net return,Optimal,0.4685313848436972
rabi,299,Calorie,Optimal,-1.0434999747220115
rabi,299,Phosphorus application,Optimal,5.848653357346924
rabi,299,Nitrogen application,Optimal,6.376875952722961
rabi,299,Phosphorus Surplus,Optimal,7.886588169286118
rabi,299,Nitrogen Surplus,Optimal,10.859433600075732
rabi,299,Water Demand,Optimal,1.4260484290913447
rabi,300,Nitrogen Emission,Optimal,10.693233343688505
rabi,300,Nitrogen Leach,Optimal,11.264559175160272
rabi,300,Greenhouse Gas emission,Optimal,-5.172557122463148
rabi,300,Net return,Optimal,0.10154480070499443
rabi,300,Calorie,Optimal,-1.0201708477570517
rabi,300,Phosphorus application,Optimal,5.400261900606374
rabi,300,Nitrogen application,Optimal,6.060835553240269
rabi,300,Phosphorus Surplus,Optimal,7.243046935217676
rabi,300,Nitrogen Surplus,Optimal,10.15373185144193
rabi,300,Water Demand,Optimal,2.5913439482871
rabi,301,Nitrogen Emission,Optimal,11.129035891486305
rabi,301,Nitrogen Leach,Optimal,11.526806053229564
rabi,301,Greenhouse Gas emission,Optimal,-3.6763268717645246
rabi,301,Net return,Optimal,5.983657329818446
rabi,301,Calorie,Optimal,-1.2733710815880448
rabi,301,Phosphorus application,Optimal,5.356221131411823
rabi,301,Nitrogen application,Optimal,6.250329024869843
rabi,301,Phosphorus Surplus,Optimal,7.258057113516019
rabi,301,Nitrogen Surplus,Optimal,10.480008329231083
rabi,301,Water Demand,Optimal,-3.652628125003482
rabi,302,Nitrogen Emission,Optimal,10.185972161693131
rabi,302,Nitrogen Leach,Optimal,10.486039083424044
rabi,302,Greenhouse Gas emission,Optimal,-4.145836359057607
rabi,302,Net return,Optimal,2.300724819785954
rabi,302,Calorie,Optimal,-0.8224650179276233
rabi,302,Phosphorus application,Optimal,5.7345965464980795
rabi,302,Nitrogen application,Optimal,5.802719229944483
rabi,302,Phosphorus Surplus,Optimal,7.709183347558067
rabi,302,Nitrogen Surplus,Optimal,9.755715899965358
rabi,302,Water Demand,Optimal,1.8224911002934416
rabi,303,Nitrogen Emission,Optimal,12.515154159581218
rabi,303,Nitrogen Leach,Optimal,12.863102937456066
rabi,303,Greenhouse Gas emission,Optimal,-7.010028543531716
rabi,303,Net return,Optimal,1.9976681668602232
rabi,303,Calorie,Optimal,-1.1492436302630082
rabi,303,Phosphorus application,Optimal,7.93412510200487
rabi,303,Nitrogen application,Optimal,6.993207148593848
rabi,303,Phosphorus Surplus,Optimal,10.731171601246354
rabi,303,Nitrogen Surplus,Optimal,12.072129405776634
rabi,303,Water Demand,Optimal,-2.0636617427415596
rabi,304,Nitrogen Emission,Optimal,10.281707823684648
rabi,304,Nitrogen Leach,Optimal,10.824016289622643
rabi,304,Greenhouse Gas emission,Optimal,-5.45998135747956
rabi,304,Net return,Optimal,4.320521059350406
rabi,304,Calorie,Optimal,-1.5727438539428793
rabi,304,Phosphorus application,Optimal,4.685825165463516
rabi,304,Nitrogen application,Optimal,5.716411720210706
rabi,304,Phosphorus Surplus,Optimal,6.413486923631096
rabi,304,Nitrogen Surplus,Optimal,9.658566600819011
rabi,304,Water Demand,Optimal,5.447266078999192
rabi,305,Nitrogen Emission,Optimal,11.90787151248599
rabi,305,Nitrogen Leach,Optimal,12.730538300841605
rabi,305,Greenhouse Gas emission,Optimal,-5.216992338513657
rabi,305,Net return,Optimal,0.8402426670729207
rabi,305,Calorie,Optimal,-0.8397619004121789
rabi,305,Phosphorus application,Optimal,6.464791069373284
rabi,305,Nitrogen application,Optimal,6.645115918162365
rabi,305,Phosphorus Surplus,Optimal,8.69025951011933
rabi,305,Nitrogen Surplus,Optimal,11.34944487728547
rabi,305,Water Demand,Optimal,4.2173825948320784
rabi,306,Nitrogen Emission,Optimal,11.535054359701727
rabi,306,Nitrogen Leach,Optimal,11.7870856726684
rabi,306,Greenhouse Gas emission,Optimal,-2.1568940596889727
rabi,306,Net return,Optimal,4.6916728570352095
rabi,306,Calorie,Optimal,-1.4908902386389191
rabi,306,Phosphorus application,Optimal,7.050148547394655
rabi,306,Nitrogen application,Optimal,6.375654959742621
rabi,306,Phosphorus Surplus,Optimal,9.69946942317671
rabi,306,Nitrogen Surplus,Optimal,11.14686861157538
rabi,306,Water Demand,Optimal,4.016281324347776
rabi,307,Nitrogen Emission,Optimal,11.395031268037219
rabi,307,Nitrogen Leach,Optimal,11.532039894250337
rabi,307,Greenhouse Gas emission,Optimal,-3.480711059909871
rabi,307,Net return,Optimal,6.491719033837074
rabi,307,Calorie,Optimal,-1.247182293357265
rabi,307,Phosphorus application,Optimal,4.826748932758896
rabi,307,Nitrogen application,Optimal,6.282216081622618
rabi,307,Phosphorus Surplus,Optimal,6.5466739139234
rabi,307,Nitrogen Surplus,Optimal,10.80198690405836
rabi,307,Water Demand,Optimal,-2.8228807473516926
rabi,308,Nitrogen Emission,Optimal,10.843342550426973
rabi,308,Nitrogen Leach,Optimal,11.226962784869375
rabi,308,Greenhouse Gas emission,Optimal,-6.02295756901856
rabi,308,Net return,Optimal,1.99189487700683
rabi,308,Calorie,Optimal,-1.5076012890033765
rabi,308,Phosphorus application,Optimal,5.643370007236443
rabi,308,Nitrogen application,Optimal,6.142678777137523
rabi,308,Phosphorus Surplus,Optimal,7.682693449024728
rabi,308,Nitrogen Surplus,Optimal,10.354189682649876
rabi,308,Water Demand,Optimal,0.3388303188837736
rabi,309,Nitrogen Emission,Optimal,10.990161775645241
rabi,309,Nitrogen Leach,Optimal,11.61243152975137
rabi,309,Greenhouse Gas emission,Optimal,-4.298341890259054
rabi,309,Net return,Optimal,1.5603161668845007
rabi,309,Calorie,Optimal,-0.9037177249193081
rabi,309,Phosphorus application,Optimal,5.793324833558655
rabi,309,Nitrogen application,Optimal,6.188078093700748
rabi,309,Phosphorus Surplus,Optimal,7.786877160715195
rabi,309,Nitrogen Surplus,Optimal,10.468414111347666
rabi,309,Water Demand,Optimal,4.473712623728002
rabi,310,Nitrogen Emission,Optimal,13.116367825116836
rabi,310,Nitrogen Leach,Optimal,13.618581706208555
rabi,310,Greenhouse Gas emission,Optimal,-5.315387002161559
rabi,310,Net return,Optimal,2.8304911311318643
rabi,310,Calorie,Optimal,-1.3909958723543092
rabi,310,Phosphorus application,Optimal,5.126545255461045
rabi,310,Nitrogen application,Optimal,7.17722499156329
rabi,310,Phosphorus Surplus,Optimal,6.9887365615696195
rabi,310,Nitrogen Surplus,Optimal,12.581393818568607
rabi,310,Water Demand,Optimal,4.65633630983073
rabi,311,Nitrogen Emission,Optimal,11.872197845213245
rabi,311,Nitrogen Leach,Optimal,12.29928371000334
rabi,311,Greenhouse Gas emission,Optimal,-6.296452613765698
rabi,311,Net return,Optimal,5.208259840705188
rabi,311,Calorie,Optimal,-1.5194647368209473
rabi,311,Phosphorus application,Optimal,6.022527747619879
rabi,311,Nitrogen application,Optimal,6.755323707165135
rabi,311,Phosphorus Surplus,Optimal,8.152807636601684
rabi,311,Nitrogen Surplus,Optimal,11.293419757940601
rabi,311,Water Demand,Optimal,0.2743970377314252
rabi,312,Nitrogen Emission,Optimal,12.083694422864808
rabi,312,Nitrogen Leach,Optimal,12.454617312737783
rabi,312,Greenhouse Gas emission,Optimal,-3.5985312168714403
rabi,312,Net return,Optimal,9.136628335866144
rabi,312,Calorie,Optimal,-1.5595515512908502
rabi,312,Phosphorus application,Optimal,6.472219001840751
rabi,312,Nitrogen application,Optimal,6.8041464568133625
rabi,312,Phosphorus Surplus,Optimal,8.8155068563852
rabi,312,Nitrogen Surplus,Optimal,11.606937103850681
rabi,312,Water Demand,Optimal,1.5603750236098868
rabi,313,Nitrogen Emission,Optimal,11.149753805658893
rabi,313,Nitrogen Leach,Optimal,11.996918836231227
rabi,313,Greenhouse Gas emission,Optimal,-5.213776172587307
rabi,313,Net return,Optimal,2.121431576956922
rabi,313,Calorie,Optimal,-1.0300828123820984
rabi,313,Phosphorus application,Optimal,8.100472517700181
rabi,313,Nitrogen application,Optimal,6.278253468838629
rabi,313,Phosphorus Surplus,Optimal,10.91665308501968
rabi,313,Nitrogen Surplus,Optimal,10.514086089437784
rabi,313,Water Demand,Optimal,-0.8221391888768299
rabi,314,Nitrogen Emission,Optimal,12.098871277103283
rabi,314,Nitrogen Leach,Optimal,12.50212256277606
rabi,314,Greenhouse Gas emission,Optimal,-4.740505083617945
rabi,314,Net return,Optimal,0.7563326144573729
rabi,314,Calorie,Optimal,-0.8371026425067977
rabi,314,Phosphorus application,Optimal,5.332465669767783
rabi,314,Nitrogen application,Optimal,6.717499161074286
rabi,314,Phosphorus Surplus,Optimal,7.175352290858939
rabi,314,Nitrogen Surplus,Optimal,11.60878046824392
rabi,314,Water Demand,Optimal,2.932530693341809
rabi,315,Nitrogen Emission,Optimal,9.93177157963603
rabi,315,Nitrogen Leach,Optimal,10.466035977936162
rabi,315,Greenhouse Gas emission,Optimal,-6.153920558795069
rabi,315,Net return,Optimal,0.09214582088538809
rabi,315,Calorie,Optimal,-1.5469958799138268
rabi,315,Phosphorus application,Optimal,6.331514900336724
rabi,315,Nitrogen application,Optimal,5.4809261623812855
rabi,315,Phosphorus Surplus,Optimal,8.65453972101941
rabi,315,Nitrogen Surplus,Optimal,9.336852441762101
rabi,315,Water Demand,Optimal,6.91403018237247
rabi,316,Nitrogen Emission,Optimal,11.68481148651455
rabi,316,Nitrogen Leach,Optimal,12.92484378359826
rabi,316,Greenhouse Gas emission,Optimal,-2.595860864063861
rabi,316,Net return,Optimal,6.52957460596689
rabi,316,Calorie,Optimal,-0.823992905010905
rabi,316,Phosphorus application,Optimal,3.697811503886834
rabi,316,Nitrogen application,Optimal,6.663319365119352
rabi,316,Phosphorus Surplus,Optimal,4.904823844998661
rabi,316,Nitrogen Surplus,Optimal,11.226293623698954
rabi,316,Water Demand,Optimal,4.616547169364669
rabi,317,Nitrogen Emission,Optimal,12.655492823849377
rabi,317,Nitrogen Leach,Optimal,13.360178713083005
rabi,317,Greenhouse Gas emission,Optimal,-3.5837194734356843
rabi,317,Net return,Optimal,0.09214582088538809
rabi,317,Calorie,Optimal,-0.67140662372327
rabi,317,Phosphorus application,Optimal,8.30259591009168
rabi,317,Nitrogen application,Optimal,7.0516175632994385
rabi,317,Phosphorus Surplus,Optimal,11.148638488025838
rabi,317,Nitrogen Surplus,Optimal,12.027497868954486
rabi,317,Water Demand,Optimal,-1.3425523080953012
rabi,318,Nitrogen Emission,Optimal,12.287975043489515
rabi,318,Nitrogen Leach,Optimal,13.081643523743143
rabi,318,Greenhouse Gas emission,Optimal,-4.647442816955457
rabi,318,Net return,Optimal,0.09214582088538809
rabi,318,Calorie,Optimal,-0.9859095671354596
rabi,318,Phosphorus application,Optimal,6.520344663047413
rabi,318,Nitrogen application,Optimal,6.764293139980967
rabi,318,Phosphorus Surplus,Optimal,8.827013539054716
rabi,318,Nitrogen Surplus,Optimal,11.764292493766515
rabi,318,Water Demand,Optimal,-0.2498961880590994
rabi,319,Nitrogen Emission,Optimal,11.731397812634912
rabi,319,Nitrogen Leach,Optimal,12.550128738802334
rabi,319,Greenhouse Gas emission,Optimal,-5.1363690249874825
rabi,319,Net return,Optimal,0.23620273621245563
rabi,319,Calorie,Optimal,-1.3334616898821372
rabi,319,Phosphorus application,Optimal,6.078171490584757
rabi,319,Nitrogen application,Optimal,6.528626368043898
rabi,319,Phosphorus Surplus,Optimal,8.283380664782863
rabi,319,Nitrogen Surplus,Optimal,11.314738982782377
rabi,319,Water Demand,Optimal,3.460172797835308
rabi,320,Nitrogen Emission,Optimal,11.013175410005516
rabi,320,Nitrogen Leach,Optimal,11.413089820569397
rabi,320,Greenhouse Gas emission,Optimal,-3.6336426817078675
rabi,320,Net return,Optimal,0.9944079821284629
rabi,320,Calorie,Optimal,-1.0029388135358475
rabi,320,Phosphorus application,Optimal,6.6396006277026745
rabi,320,Nitrogen application,Optimal,6.095844087060168
rabi,320,Phosphorus Surplus,Optimal,8.992712634968605
rabi,320,Nitrogen Surplus,Optimal,10.46863626940004
rabi,320,Water Demand,Optimal,2.9034496585668306
rabi,321,Nitrogen Emission,Optimal,10.864956708405533
rabi,321,Nitrogen Leach,Optimal,10.844893784596508
rabi,321,Greenhouse Gas emission,Optimal,-4.356919884412671
rabi,321,Net return,Optimal,0.7861094778207541
rabi,321,Calorie,Optimal,-1.3068769851280524
rabi,321,Phosphorus application,Optimal,6.477851142053477
rabi,321,Nitrogen application,Optimal,5.833148618714643
rabi,321,Phosphorus Surplus,Optimal,8.847490202467203
rabi,321,Nitrogen Surplus,Optimal,10.170312268087232
rabi,321,Water Demand,Optimal,-1.1434532100900465
rabi,322,Nitrogen Emission,Optimal,11.132534739398611
rabi,322,Nitrogen Leach,Optimal,11.493796491044082
rabi,322,Greenhouse Gas emission,Optimal,-2.967186233815346
rabi,322,Net return,Optimal,2.219819530459334
rabi,322,Calorie,Optimal,-0.7576883809867514
rabi,322,Phosphorus application,Optimal,6.1263806015342155
rabi,322,Nitrogen application,Optimal,6.106619801926044
rabi,322,Phosphorus Surplus,Optimal,8.272193567642262
rabi,322,Nitrogen Surplus,Optimal,10.493990471697229
rabi,322,Water Demand,Optimal,3.2740647377802032
rabi,323,Nitrogen Emission,Optimal,11.237472031738365
rabi,323,Nitrogen Leach,Optimal,11.727033013428102
rabi,323,Greenhouse Gas emission,Optimal,-4.628693934592416
rabi,323,Net return,Optimal,0.10215072803887867
rabi,323,Calorie,Optimal,-0.8549552629089668
rabi,323,Phosphorus application,Optimal,5.384174338303528
rabi,323,Nitrogen application,Optimal,6.437300166701461
rabi,323,Phosphorus Surplus,Optimal,7.185895873692236
rabi,323,Nitrogen Surplus,Optimal,10.736286209536154
rabi,323,Water Demand,Optimal,4.990015239695957
rabi,324,Nitrogen Emission,Optimal,11.69195823101353
rabi,324,Nitrogen Leach,Optimal,12.26365358600034
rabi,324,Greenhouse Gas emission,Optimal,-5.317243253206335
rabi,324,Net return,Optimal,0.0921458208854241
rabi,324,Calorie,Optimal,-1.0807507337171889
rabi,324,Phosphorus application,Optimal,5.821335785939112
rabi,324,Nitrogen application,Optimal,6.323950107740434
rabi,324,Phosphorus Surplus,Optimal,7.869548102193089
rabi,324,Nitrogen Surplus,Optimal,10.973772966375394
rabi,324,Water Demand,Optimal,3.089172987017804
rabi,325,Nitrogen Emission,Optimal,11.585181762103389
rabi,325,Nitrogen Leach,Optimal,11.960288127259643
rabi,325,Greenhouse Gas emission,Optimal,-5.270397379685069
rabi,325,Net return,Optimal,9.014777018720407
rabi,325,Calorie,Optimal,-1.1529218458253323
rabi,325,Phosphorus application,Optimal,4.204242171662196
rabi,325,Nitrogen application,Optimal,6.798302598784263
rabi,325,Phosphorus Surplus,Optimal,5.549185910636899
rabi,325,Nitrogen Surplus,Optimal,11.127854685290353
rabi,325,Water Demand,Optimal,1.622185833158429
rabi,326,Nitrogen Emission,Optimal,11.704624028867155
rabi,326,Nitrogen Leach,Optimal,12.621501014151573
rabi,326,Greenhouse Gas emission,Optimal,-1.52157776082977
rabi,326,Net return,Optimal,0.09214582088538809
rabi,326,Calorie,Optimal,-0.8532987805167143
rabi,326,Phosphorus application,Optimal,6.2266337491257255
rabi,326,Nitrogen application,Optimal,6.379371522120888
rabi,326,Phosphorus Surplus,Optimal,8.47178741481754
rabi,326,Nitrogen Surplus,Optimal,11.271751556747745
rabi,326,Water Demand,Optimal,2.9506204298245104
rabi,327,Nitrogen Emission,Optimal,11.597730827182104
rabi,327,Nitrogen Leach,Optimal,12.595299447660247
rabi,327,Greenhouse Gas emission,Optimal,-6.885152979662733
rabi,327,Net return,Optimal,0.7513941358458816
rabi,327,Calorie,Optimal,-1.4608106364112825
rabi,327,Phosphorus application,Optimal,7.029739389154079
rabi,327,Nitrogen application,Optimal,6.4900005587260265
rabi,327,Phosphorus Surplus,Optimal,9.558770023531721
rabi,327,Nitrogen Surplus,Optimal,11.071344832443716
rabi,327,Water Demand,Optimal,-0.7891875505598281
rabi,328,Nitrogen Emission,Optimal,11.269017776846018
rabi,328,Nitrogen Leach,Optimal,11.761538388422368
rabi,328,Greenhouse Gas emission,Optimal,-3.548857665592661
rabi,328,Net return,Optimal,6.753307653860886
rabi,328,Calorie,Optimal,-1.5167214505006368
rabi,328,Phosphorus application,Optimal,2.604993780970767
rabi,328,Nitrogen application,Optimal,6.278024966277316
rabi,328,Phosphorus Surplus,Optimal,3.607344942965099
rabi,328,Nitrogen Surplus,Optimal,10.94384450261623
rabi,328,Water Demand,Optimal,3.9984095408337885
rabi,329,Nitrogen Emission,Optimal,12.237140723650022
rabi,329,Nitrogen Leach,Optimal,12.658728923698774
rabi,329,Greenhouse Gas emission,Optimal,-7.422234447999525
rabi,329,Net return,Optimal,0.11024003718000785
rabi,329,Calorie,Optimal,-1.2284653576707307
rabi,329,Phosphorus application,Optimal,7.055690271726994
rabi,329,Nitrogen application,Optimal,6.8116353648573185
rabi,329,Phosphorus Surplus,Optimal,9.518668228198923
rabi,329,Nitrogen Surplus,Optimal,11.681206738371294
rabi,329,Water Demand,Optimal,-0.9316559827541826
rabi,330,Nitrogen Emission,Optimal,12.08322619781204
rabi,330,Nitrogen Leach,Optimal,13.093867371911262
rabi,330,Greenhouse Gas emission,Optimal,-6.465550306136721
rabi,330,Net return,Optimal,0.10257952980083555
rabi,330,Calorie,Optimal,-1.001255094495661
rabi,330,Phosphorus application,Optimal,6.9695902123612985
rabi,330,Nitrogen application,Optimal,6.743727589622911
rabi,330,Phosphorus Surplus,Optimal,9.37475552898849
rabi,330,Nitrogen Surplus,Optimal,11.524704349228843
rabi,330,Water Demand,Optimal,1.812434353279583
rabi,331,Nitrogen Emission,Optimal,10.59635739410286
rabi,331,Nitrogen Leach,Optimal,11.545555649273561
rabi,331,Greenhouse Gas emission,Optimal,-4.513537550883057
rabi,331,Net return,Optimal,0.661100433196257
rabi,331,Calorie,Optimal,-1.1274153627602976
rabi,331,Phosphorus application,Optimal,5.767097644312406
rabi,331,Nitrogen application,Optimal,5.899209959409981
rabi,331,Phosphorus Surplus,Optimal,7.808473326865162
rabi,331,Nitrogen Surplus,Optimal,10.05787238597489
rabi,331,Water Demand,Optimal,2.977522986406749
rabi,332,Nitrogen Emission,Optimal,12.523813016731271
rabi,332,Nitrogen Leach,Optimal,12.842104910456271
rabi,332,Greenhouse Gas emission,Optimal,-4.71670849955057
rabi,332,Net return,Optimal,5.468772927073224
rabi,332,Calorie,Optimal,-0.8440857853104111
rabi,332,Phosphorus application,Optimal,3.8118182285255067
rabi,332,Nitrogen application,Optimal,7.313711617769771
rabi,332,Phosphorus Surplus,Optimal,4.958414261706842
rabi,332,Nitrogen Surplus,Optimal,12.101436745996804
rabi,332,Water Demand,Optimal,1.727887556778376
rabi,333,Nitrogen Emission,Optimal,9.977873381361292
rabi,333,Nitrogen Leach,Optimal,10.746176105482828
rabi,333,Greenhouse Gas emission,Optimal,-3.82849725871813
rabi,333,Net return,Optimal,0.11227280975410504
rabi,333,Calorie,Optimal,-1.4321566163011317
rabi,333,Phosphorus application,Optimal,5.07518300154028
rabi,333,Nitrogen application,Optimal,5.463795955268707
rabi,333,Phosphorus Surplus,Optimal,6.943964574090624
rabi,333,Nitrogen Surplus,Optimal,9.368098527034
rabi,333,Water Demand,Optimal,2.5950266930236383
rabi,334,Nitrogen Emission,Optimal,10.356255877240148
rabi,334,Nitrogen Leach,Optimal,11.124109279322589
rabi,334,Greenhouse Gas emission,Optimal,-5.513958093412257
rabi,334,Net return,Optimal,2.222242426844754
rabi,334,Calorie,Optimal,-1.2029865317948534
rabi,334,Phosphorus application,Optimal,7.551808737315282
rabi,334,Nitrogen application,Optimal,5.930799450338885
rabi,334,Phosphorus Surplus,Optimal,10.204043269666045
rabi,334,Nitrogen Surplus,Optimal,9.837785019521254
rabi,334,Water Demand,Optimal,3.7560151562812254
rabi,335,Nitrogen Emission,Optimal,10.486720096471984
rabi,335,Nitrogen Leach,Optimal,10.801332180190723
rabi,335,Greenhouse Gas emission,Optimal,-7.039940721938735
rabi,335,Net return,Optimal,0.14781580956586032
rabi,335,Calorie,Optimal,-0.8644172106932956
rabi,335,Phosphorus application,Optimal,4.855976049250676
rabi,335,Nitrogen application,Optimal,6.151691216295471
rabi,335,Phosphorus Surplus,Optimal,6.40473997922478
rabi,335,Nitrogen Surplus,Optimal,10.080124528688113
rabi,335,Water Demand,Optimal,4.076216424696303
rabi,336,Nitrogen Emission,Optimal,10.555666953721095
rabi,336,Nitrogen Leach,Optimal,10.951042041544783
rabi,336,Greenhouse Gas emission,Optimal,-5.7329627049558
rabi,336,Net return,Optimal,1.8950420870930826
rabi,336,Calorie,Optimal,-1.1465207610464976
rabi,336,Phosphorus application,Optimal,6.385330945888094
rabi,336,Nitrogen application,Optimal,5.847781647701044
rabi,336,Phosphorus Surplus,Optimal,8.65819814650565
rabi,336,Nitrogen Surplus,Optimal,9.924134540097356
rabi,336,Water Demand,Optimal,2.1793651220733294
rabi,337,Nitrogen Emission,Optimal,12.656093831179723
rabi,337,Nitrogen Leach,Optimal,13.035813025297433
rabi,337,Greenhouse Gas emission,Optimal,-3.7893454796277104
rabi,337,Net return,Optimal,3.1964955924499083
rabi,337,Calorie,Optimal,-0.9633002575523578
rabi,337,Phosphorus application,Optimal,4.668933811126656
rabi,337,Nitrogen application,Optimal,7.109907762392005
rabi,337,Phosphorus Surplus,Optimal,6.250414446674501
rabi,337,Nitrogen Surplus,Optimal,12.109877788521008
rabi,337,Water Demand,Optimal,2.3763778815775223
rabi,338,Nitrogen Emission,Optimal,12.756993455367464
rabi,338,Nitrogen Leach,Optimal,13.336376035325506
rabi,338,Greenhouse Gas emission,Optimal,-5.902121309515095
rabi,338,Net return,Optimal,0.0921458208854421
rabi,338,Calorie,Optimal,-1.8780454242564961
rabi,338,Phosphorus application,Optimal,8.386273797034518
rabi,338,Nitrogen application,Optimal,6.8999713083423995
rabi,338,Phosphorus Surplus,Optimal,11.559268563883496
rabi,338,Nitrogen Surplus,Optimal,12.207049508853157
rabi,338,Water Demand,Optimal,-2.2798026192348355
rabi,339,Nitrogen Emission,Optimal,12.963283164572156
rabi,339,Nitrogen Leach,Optimal,13.475189115860363
rabi,339,Greenhouse Gas emission,Optimal,-6.822179295588535
rabi,339,Net return,Optimal,7.934247176611266
rabi,339,Calorie,Optimal,-1.371480592941107
rabi,339,Phosphorus application,Optimal,7.0598385140828235
rabi,339,Nitrogen application,Optimal,7.19994475408994
rabi,339,Phosphorus Surplus,Optimal,9.565042822172986
rabi,339,Nitrogen Surplus,Optimal,12.358711879702446
rabi,339,Water Demand,Optimal,-1.4129221820142892
rabi,340,Nitrogen Emission,Optimal,11.359960191108158
rabi,340,Nitrogen Leach,Optimal,11.655691833674481
rabi,340,Greenhouse Gas emission,Optimal,-5.404399777763259
rabi,340,Net return,Optimal,0.11814371852421882
rabi,340,Calorie,Optimal,-0.763375077614128
rabi,340,Phosphorus application,Optimal,7.323859585753195
rabi,340,Nitrogen application,Optimal,6.444311367060656
rabi,340,Phosphorus Surplus,Optimal,9.803935676653797
rabi,340,Nitrogen Surplus,Optimal,10.80391193386503
rabi,340,Water Demand,Optimal,3.3894748201320537
rabi,341,Nitrogen Emission,Optimal,11.658052672230301
rabi,341,Nitrogen Leach,Optimal,12.412535882427482
rabi,341,Greenhouse Gas emission,Optimal,-4.7891596383351365
rabi,341,Net return,Optimal,6.1615055096537334
rabi,341,Calorie,Optimal,-0.8500963962663936
rabi,341,Phosphorus application,Optimal,5.047343549218171
rabi,341,Nitrogen application,Optimal,6.618761696935397
rabi,341,Phosphorus Surplus,Optimal,6.689008945576242
rabi,341,Nitrogen Surplus,Optimal,11.056746718537998
rabi,341,Water Demand,Optimal,-0.5968342815668584
rabi,342,Nitrogen Emission,Optimal,12.301330189428521
rabi,342,Nitrogen Leach,Optimal,12.62482117759872
rabi,342,Greenhouse Gas emission,Optimal,-3.3986527002196043
rabi,342,Net return,Optimal,0.7231503691853693
rabi,342,Calorie,Optimal,-0.7379997927950465
rabi,342,Phosphorus application,Optimal,5.902677138127425
rabi,342,Nitrogen application,Optimal,6.921482059692929
rabi,342,Phosphorus Surplus,Optimal,7.892160046504919
rabi,342,Nitrogen Surplus,Optimal,11.775272514461072
rabi,342,Water Demand,Optimal,1.8802762913936542
rabi,343,Nitrogen Emission,Optimal,12.05546581686291
rabi,343,Nitrogen Leach,Optimal,12.969938973266057
rabi,343,Greenhouse Gas emission,Optimal,-8.49069239264678
rabi,343,Net return,Optimal,0.74812428528459
rabi,343,Calorie,Optimal,-1.3663769221986608
rabi,343,Phosphorus application,Optimal,6.083813609882542
rabi,343,Nitrogen application,Optimal,6.68207847425065
rabi,343,Phosphorus Surplus,Optimal,8.212396537405034
rabi,343,Nitrogen Surplus,Optimal,11.536822000988327
rabi,343,Water Demand,Optimal,2.732365037719773
rabi,344,Nitrogen Emission,Optimal,10.128727484956631
rabi,344,Nitrogen Leach,Optimal,10.699417122047596
rabi,344,Greenhouse Gas emission,Optimal,-3.486407348322477
rabi,344,Net return,Optimal,0.12488879204711222
rabi,344,Calorie,Optimal,-1.2235827376819688
rabi,344,Phosphorus application,Optimal,5.821264680404487
rabi,344,Nitrogen application,Optimal,5.616175143578463
rabi,344,Phosphorus Surplus,Optimal,7.94402918787364
rabi,344,Nitrogen Surplus,Optimal,9.644570312574743
rabi,344,Water Demand,Optimal,9.53214091444299
rabi,345,Nitrogen Emission,Optimal,9.558304817536934
rabi,345,Nitrogen Leach,Optimal,10.436064047591632
rabi,345,Greenhouse Gas emission,Optimal,-3.788176922229009
rabi,345,Net return,Optimal,0.11024003718004387
rabi,345,Calorie,Optimal,-0.847543675020347
rabi,345,Phosphorus application,Optimal,5.708358627726165
rabi,345,Nitrogen application,Optimal,5.3789239896240915
rabi,345,Phosphorus Surplus,Optimal,7.670783183543161
rabi,345,Nitrogen Surplus,Optimal,8.979379745060735
rabi,345,Water Demand,Optimal,4.918070739558252
rabi,346,Nitrogen Emission,Optimal,10.864067683625162
rabi,346,Nitrogen Leach,Optimal,11.341444633339473
rabi,346,Greenhouse Gas emission,Optimal,-7.114475446635117
rabi,346,Net return,Optimal,0.10522715480809061
rabi,346,Calorie,Optimal,-1.5203905398506758
rabi,346,Phosphorus application,Optimal,6.640343361180928
rabi,346,Nitrogen application,Optimal,6.022496662530189
rabi,346,Phosphorus Surplus,Optimal,9.054340535762988
rabi,346,Nitrogen Surplus,Optimal,10.302546443967595
rabi,346,Water Demand,Optimal,1.841317728048543
rabi,347,Nitrogen Emission,Optimal,12.654252927400607
rabi,347,Nitrogen Leach,Optimal,13.693832656230247
rabi,347,Greenhouse Gas emission,Optimal,-9.798551111919792
rabi,347,Net return,Optimal,0.0921458208854421
rabi,347,Calorie,Optimal,-1.3300868419323666
rabi,347,Phosphorus application,Optimal,7.036988148973595
rabi,347,Nitrogen application,Optimal,7.208043161826185
rabi,347,Phosphorus Surplus,Optimal,9.456942001070487
rabi,347,Nitrogen Surplus,Optimal,12.102873790511575
rabi,347,Water Demand,Optimal,-3.8281752393969173
rabi,348,Nitrogen Emission,Optimal,10.394339906919159
rabi,348,Nitrogen Leach,Optimal,11.337295591694081
rabi,348,Greenhouse Gas emission,Optimal,-4.181111140846301
rabi,348,Net return,Optimal,3.000401407624121
rabi,348,Calorie,Optimal,-1.266027581103858
rabi,348,Phosphorus application,Optimal,5.763998504308735
rabi,348,Nitrogen application,Optimal,5.846041173396696
rabi,348,Phosphorus Surplus,Optimal,7.825039609061676
rabi,348,Nitrogen Surplus,Optimal,9.861844408485346
rabi,348,Water Demand,Optimal,7.409356875926336
rabi,349,Nitrogen Emission,Optimal,9.467995708944546
rabi,349,Nitrogen Leach,Optimal,10.568687878615576
rabi,349,Greenhouse Gas emission,Optimal,-5.327004513724242
rabi,349,Net return,Optimal,5.668625045170264
rabi,349,Calorie,Optimal,-1.2341067190244535
rabi,349,Phosphorus application,Optimal,5.491401069963135
rabi,349,Nitrogen application,Optimal,5.471652229377337
rabi,349,Phosphorus Surplus,Optimal,7.391319636198116
rabi,349,Nitrogen Surplus,Optimal,8.98254195456614
rabi,349,Water Demand,Optimal,5.17558497266216
rabi,350,Nitrogen Emission,Optimal,11.51512017216405
rabi,350,Nitrogen Leach,Optimal,11.775567745030381
rabi,350,Greenhouse Gas emission,Optimal,-7.535741259673165
rabi,350,Net return,Optimal,0.3175764303597067
rabi,350,Calorie,Optimal,-0.8736501139683066
rabi,350,Phosphorus application,Optimal,8.817423697994286
rabi,350,Nitrogen application,Optimal,6.523511507205631
rabi,350,Phosphorus Surplus,Optimal,11.829911276324488
rabi,350,Nitrogen Surplus,Optimal,10.875918998769809
rabi,350,Water Demand,Optimal,-3.3513184808631373
rabi,351,Nitrogen Emission,Optimal,10.77846883605986
rabi,351,Nitrogen Leach,Optimal,11.806169097536001
rabi,351,Greenhouse Gas emission,Optimal,-9.602821346055546
rabi,351,Net return,Optimal,1.6235877206727491
rabi,351,Calorie,Optimal,-1.2751393026805031
rabi,351,Phosphorus application,Optimal,7.3116186451376635
rabi,351,Nitrogen application,Optimal,6.137556819104983
rabi,351,Phosphorus Surplus,Optimal,9.833606254430476
rabi,351,Nitrogen Surplus,Optimal,10.249705515721642
rabi,351,Water Demand,Optimal,-0.816199171266648
rabi,352,Nitrogen Emission,Optimal,12.415653934709697
rabi,352,Nitrogen Leach,Optimal,12.18443043989446
rabi,352,Greenhouse Gas emission,Optimal,-2.8324225159670164
rabi,352,Net return,Optimal,0.0921458208854421
rabi,352,Calorie,Optimal,-0.7417649476507584
rabi,352,Phosphorus application,Optimal,6.1796024275896
rabi,352,Nitrogen application,Optimal,6.900746470961647
rabi,352,Phosphorus Surplus,Optimal,8.29617491310331
rabi,352,Nitrogen Surplus,Optimal,11.803263477579486
rabi,352,Water Demand,Optimal,1.6503419923622016
rabi,353,Nitrogen Emission,Optimal,12.871606508428657
rabi,353,Nitrogen Leach,Optimal,13.376613574558938
rabi,353,Greenhouse Gas emission,Optimal,-2.231942474259277
rabi,353,Net return,Optimal,0.10371814898331652
rabi,353,Calorie,Optimal,-0.8397894862983876
rabi,353,Phosphorus application,Optimal,6.601654688520414
rabi,353,Nitrogen application,Optimal,7.020380526161432
rabi,353,Phosphorus Surplus,Optimal,8.936931413519611
rabi,353,Nitrogen Surplus,Optimal,12.33413848803487
rabi,353,Water Demand,Optimal,2.723239335599473
rabi,354,Nitrogen Emission,Optimal,11.901387539572253
rabi,354,Nitrogen Leach,Optimal,12.611208946932345
rabi,354,Greenhouse Gas emission,Optimal,-7.654205810023044
rabi,354,Net return,Optimal,0.11024003718002587
rabi,354,Calorie,Optimal,-1.453347501234167
rabi,354,Phosphorus application,Optimal,7.362117671913665
rabi,354,Nitrogen application,Optimal,6.4214301993019385
rabi,354,Phosphorus Surplus,Optimal,10.049595097698283
rabi,354,Nitrogen Surplus,Optimal,11.197117835638394
rabi,354,Water Demand,Optimal,-3.50507334419468
rabi,355,Nitrogen Emission,Optimal,11.002143186070677
rabi,355,Nitrogen Leach,Optimal,11.540688981424264
rabi,355,Greenhouse Gas emission,Optimal,-3.458650329822029
rabi,355,Net return,Optimal,2.021966778456234
rabi,355,Calorie,Optimal,-1.1839662783854454
rabi,355,Phosphorus application,Optimal,5.254434259190534
rabi,355,Nitrogen application,Optimal,6.034992051174294
rabi,355,Phosphorus Surplus,Optimal,7.160404539001345
rabi,355,Nitrogen Surplus,Optimal,10.521898076912768
rabi,355,Water Demand,Optimal,2.0200170322002755
rabi,356,Nitrogen Emission,Optimal,10.922124959196285
rabi,356,Nitrogen Leach,Optimal,11.139797320625624
rabi,356,Greenhouse Gas emission,Optimal,-4.122173947380854
rabi,356,Net return,Optimal,0.09214582088540609
rabi,356,Calorie,Optimal,-1.5343547869871792
rabi,356,Phosphorus application,Optimal,5.910900852023618
rabi,356,Nitrogen application,Optimal,6.011006384898564
rabi,356,Phosphorus Surplus,Optimal,8.114288519220839
rabi,356,Nitrogen Surplus,Optimal,10.430153019526012
rabi,356,Water Demand,Optimal,2.3034113717576186
rabi,357,Nitrogen Emission,Optimal,9.95267486482623
rabi,357,Nitrogen Leach,Optimal,10.234432465434663
rabi,357,Greenhouse Gas emission,Optimal,-3.5278837568222383
rabi,357,Net return,Optimal,6.22202504610675
rabi,357,Calorie,Optimal,-1.4368366180109586
rabi,357,Phosphorus application,Optimal,3.0985001358880546
rabi,357,Nitrogen application,Optimal,5.560078079219972
rabi,357,Phosphorus Surplus,Optimal,4.239343235247192
rabi,357,Nitrogen Surplus,Optimal,9.45565559473468
rabi,357,Water Demand,Optimal,3.4638576109574775
rabi,358,Nitrogen Emission,Optimal,11.278513824425756
rabi,358,Nitrogen Leach,Optimal,12.3315241743937
rabi,358,Greenhouse Gas emission,Optimal,-4.494034611518874
rabi,358,Net return,Optimal,3.8124910218428765
rabi,358,Calorie,Optimal,-1.1393618227346847
rabi,358,Phosphorus application,Optimal,5.663722028045054
rabi,358,Nitrogen application,Optimal,6.441971566646021
rabi,358,Phosphorus Surplus,Optimal,7.623390782535591
rabi,358,Nitrogen Surplus,Optimal,10.731196124078034
rabi,358,Water Demand,Optimal,-0.8010011871970842
rabi,359,Nitrogen Emission,Optimal,11.891384660041393
rabi,359,Nitrogen Leach,Optimal,12.32329507251294
rabi,359,Greenhouse Gas emission,Optimal,-4.001979887842459
rabi,359,Net return,Optimal,0.34148522135599635
rabi,359,Calorie,Optimal,-1.0949232552469457
rabi,359,Phosphorus application,Optimal,6.152265595638738
rabi,359,Nitrogen application,Optimal,6.44682394297416
rabi,359,Phosphorus Surplus,Optimal,8.382149209070858
rabi,359,Nitrogen Surplus,Optimal,11.368392343575072
rabi,359,Water Demand,Optimal,3.9942951938183815
rabi,360,Nitrogen Emission,Optimal,11.804691465235335
rabi,360,Nitrogen Leach,Optimal,12.455227908629139
rabi,360,Greenhouse Gas emission,Optimal,-6.365358111742924
rabi,360,Net return,Optimal,2.42101126659232
rabi,360,Calorie,Optimal,-0.9777239384672145
rabi,360,Phosphorus application,Optimal,7.510708239178174
rabi,360,Nitrogen application,Optimal,6.667491087464148
rabi,360,Phosphorus Surplus,Optimal,10.079033658541974
rabi,360,Nitrogen Surplus,Optimal,11.247844985439823
rabi,360,Water Demand,Optimal,-4.8878185098422495
rabi,361,Nitrogen Emission,Optimal,11.563166753613624
rabi,361,Nitrogen Leach,Optimal,11.664646647994811
rabi,361,Greenhouse Gas emission,Optimal,-5.084769825142905
rabi,361,Net return,Optimal,0.5756239592469334
rabi,361,Calorie,Optimal,-0.9998916066542708
rabi,361,Phosphorus application,Optimal,7.48138027012906
rabi,361,Nitrogen application,Optimal,6.479400904062635
rabi,361,Phosphorus Surplus,Optimal,10.091430171532162
rabi,361,Nitrogen Surplus,Optimal,10.972564508741634
rabi,361,Water Demand,Optimal,-3.026429178607431
rabi,362,Nitrogen Emission,Optimal,12.258084886828527
rabi,362,Nitrogen Leach,Optimal,12.4547028158953
rabi,362,Greenhouse Gas emission,Optimal,-4.315753502054225
rabi,362,Net return,Optimal,0.4749842604277417
rabi,362,Calorie,Optimal,-1.2836116174153134
rabi,362,Phosphorus application,Optimal,7.822379368123079
rabi,362,Nitrogen application,Optimal,6.7051484472000515
rabi,362,Phosphorus Surplus,Optimal,10.6539801283155
rabi,362,Nitrogen Surplus,Optimal,11.698078425215659
rabi,362,Water Demand,Optimal,0.028357397839027642
rabi,363,Nitrogen Emission,Optimal,10.80524292729197
rabi,363,Nitrogen Leach,Optimal,11.568855139561132
rabi,363,Greenhouse Gas emission,Optimal,-4.915861417287641
rabi,363,Net return,Optimal,3.106966012197803
rabi,363,Calorie,Optimal,-1.092592781424493
rabi,363,Phosphorus application,Optimal,6.5198930783186055
rabi,363,Nitrogen application,Optimal,6.159301948289867
rabi,363,Phosphorus Surplus,Optimal,8.784907612557916
rabi,363,Nitrogen Surplus,Optimal,10.276124379053288
rabi,363,Water Demand,Optimal,3.5845100641036667
rabi,364,Nitrogen Emission,Optimal,12.320125869169466
rabi,364,Nitrogen Leach,Optimal,12.591886314933353
rabi,364,Greenhouse Gas emission,Optimal,-4.232604116428373
rabi,364,Net return,Optimal,0.5119727916823851
rabi,364,Calorie,Optimal,-0.9661563539022658
rabi,364,Phosphorus application,Optimal,7.357901973135059
rabi,364,Nitrogen application,Optimal,6.820531122403871
rabi,364,Phosphorus Surplus,Optimal,9.938888424698018
rabi,364,Nitrogen Surplus,Optimal,11.744557488595422
rabi,364,Water Demand,Optimal,1.7419764471117996
rabi,365,Nitrogen Emission,Optimal,10.715253520743907
rabi,365,Nitrogen Leach,Optimal,10.733634248755543
rabi,365,Greenhouse Gas emission,Optimal,-7.871290060606617
rabi,365,Net return,Optimal,0.7806695966835351
rabi,365,Calorie,Optimal,-1.1202681181179401
rabi,365,Phosphorus application,Optimal,5.963391348878779
rabi,365,Nitrogen application,Optimal,6.055216421879974
rabi,365,Phosphorus Surplus,Optimal,8.017004779100075
rabi,365,Nitrogen Surplus,Optimal,10.111840198086515
rabi,365,Water Demand,Optimal,1.3369033738362066
rabi,366,Nitrogen Emission,Optimal,11.31497994019408
rabi,366,Nitrogen Leach,Optimal,11.511860421237577
rabi,366,Greenhouse Gas emission,Optimal,-4.337979706610545
rabi,366,Net return,Optimal,0.10679457575254644
rabi,366,Calorie,Optimal,-0.7444610615545172
rabi,366,Phosphorus application,Optimal,8.265872614277495
rabi,366,Nitrogen application,Optimal,6.3171716207137685
rabi,366,Phosphorus Surplus,Optimal,11.128935685031117
rabi,366,Nitrogen Surplus,Optimal,10.740280075184302
rabi,366,Water Demand,Optimal,2.0871267483624427
rabi,367,Nitrogen Emission,Optimal,9.897683559449407
rabi,367,Nitrogen Leach,Optimal,10.390935424032639
rabi,367,Greenhouse Gas emission,Optimal,-6.316974508658673
rabi,367,Net return,Optimal,3.381814499669685
rabi,367,Calorie,Optimal,-1.2060252448818916
rabi,367,Phosphorus application,Optimal,6.120909446046584
rabi,367,Nitrogen application,Optimal,5.563378274750698
rabi,367,Phosphorus Surplus,Optimal,8.252474024243783
rabi,367,Nitrogen Surplus,Optimal,9.223570038176106
rabi,367,Water Demand,Optimal,0.3708629604508262
rabi,368,Nitrogen Emission,Optimal,10.79550994510102
rabi,368,Nitrogen Leach,Optimal,11.243500983985166
rabi,368,Greenhouse Gas emission,Optimal,-4.104601314644145
rabi,368,Net return,Optimal,6.370556069650316
rabi,368,Calorie,Optimal,-1.3312221771895545
rabi,368,Phosphorus application,Optimal,5.3632619395913625
rabi,368,Nitrogen application,Optimal,5.9967753488268105
rabi,368,Phosphorus Surplus,Optimal,7.297173497266178
rabi,368,Nitrogen Surplus,Optimal,10.186359945500389
rabi,368,Water Demand,Optimal,0.12643268872049157
rabi,369,Nitrogen Emission,Optimal,11.005000477418822
rabi,369,Nitrogen Leach,Optimal,11.430338627605474
rabi,369,Greenhouse Gas emission,Optimal,-2.9259535186149956
rabi,369,Net return,Optimal,2.8371602210879843
rabi,369,Calorie,Optimal,-1.3875249245479326
rabi,369,Phosphorus application,Optimal,5.351463262329068
rabi,369,Nitrogen application,Optimal,6.066567043793285
rabi,369,Phosphorus Surplus,Optimal,7.329449635982011
rabi,369,Nitrogen Surplus,Optimal,10.561996432771329
rabi,369,Water Demand,Optimal,3.956990287538458
rabi,370,Nitrogen Emission,Optimal,11.147830211111588
rabi,370,Nitrogen Leach,Optimal,11.75295870638142
rabi,370,Greenhouse Gas emission,Optimal,-6.94752621867614
rabi,370,Net return,Optimal,3.1358002450385
rabi,370,Calorie,Optimal,-1.3567025969690427
rabi,370,Phosphorus application,Optimal,5.582713181281491
rabi,370,Nitrogen application,Optimal,6.317314220354893
rabi,370,Phosphorus Surplus,Optimal,7.5292285483976515
rabi,370,Nitrogen Surplus,Optimal,10.699111971159263
rabi,370,Water Demand,Optimal,1.897401487920754
rabi,371,Nitrogen Emission,Optimal,10.948899010536053
rabi,371,Nitrogen Leach,Optimal,11.798398664704944
rabi,371,Greenhouse Gas emission,Optimal,-1.7660866631921863
rabi,371,Net return,Optimal,6.1361779372782275
rabi,371,Calorie,Optimal,-0.6880924275670864
rabi,371,Phosphorus application,Optimal,4.089807970671784
rabi,371,Nitrogen application,Optimal,6.201859464734004
rabi,371,Phosphorus Surplus,Optimal,5.4175493697481505
rabi,371,Nitrogen Surplus,Optimal,10.402466560466355
rabi,371,Water Demand,Optimal,3.5605244361617867
rabi,372,Nitrogen Emission,Optimal,11.29390041882269
rabi,372,Nitrogen Leach,Optimal,11.646243198512318
rabi,372,Greenhouse Gas emission,Optimal,-4.741394632529545
rabi,372,Net return,Optimal,0.10371814898331652
rabi,372,Calorie,Optimal,-0.8684975213337274
rabi,372,Phosphorus application,Optimal,7.338818224968629
rabi,372,Nitrogen application,Optimal,6.433451031789641
rabi,372,Phosphorus Surplus,Optimal,9.882905361260892
rabi,372,Nitrogen Surplus,Optimal,10.830687240511848
rabi,372,Water Demand,Optimal,0.47783763767747295
rabi,373,Nitrogen Emission,Optimal,11.089424495012485
rabi,373,Nitrogen Leach,Optimal,12.003779738147447
rabi,373,Greenhouse Gas emission,Optimal,-4.745804423781562
rabi,373,Net return,Optimal,3.938647989800115
rabi,373,Calorie,Optimal,-1.26621464876946
rabi,373,Phosphorus application,Optimal,6.2474391737462796
rabi,373,Nitrogen application,Optimal,6.196132239946854
rabi,373,Phosphorus Surplus,Optimal,8.477168426736155
rabi,373,Nitrogen Surplus,Optimal,10.546149618712263
rabi,373,Water Demand,Optimal,1.2406666584898078
rabi,374,Nitrogen Emission,Optimal,10.462938601133201
rabi,374,Nitrogen Leach,Optimal,11.288632693189033
rabi,374,Greenhouse Gas emission,Optimal,-4.059663880081062
rabi,374,Net return,Optimal,4.988049843318032
rabi,374,Calorie,Optimal,-0.9900791253408162
rabi,374,Phosphorus application,Optimal,5.929778731746469
rabi,374,Nitrogen application,Optimal,5.923769487393143
rabi,374,Phosphorus Surplus,Optimal,7.979804045670524
rabi,374,Nitrogen Surplus,Optimal,10.041184259206162
rabi,374,Water Demand,Optimal,-1.9635997927691673
rabi,375,Nitrogen Emission,Optimal,12.442036389349946
rabi,375,Nitrogen Leach,Optimal,12.506868314338206
rabi,375,Greenhouse Gas emission,Optimal,-8.959832989196828
rabi,375,Net return,Optimal,7.556960091170677
rabi,375,Calorie,Optimal,-1.2617447474249257
rabi,375,Phosphorus application,Optimal,3.5938985514625568
rabi,375,Nitrogen application,Optimal,7.169198317963308
rabi,375,Phosphorus Surplus,Optimal,4.713178833667166
rabi,375,Nitrogen Surplus,Optimal,11.941652773086709
rabi,375,Water Demand,Optimal,4.992687091508286
rabi,376,Nitrogen Emission,Optimal,11.510363340870345
rabi,376,Nitrogen Leach,Optimal,12.682041666464317
rabi,376,Greenhouse Gas emission,Optimal,-5.974182200470832
rabi,376,Net return,Optimal,0.290180429713744
rabi,376,Calorie,Optimal,-1.2984427933026659
rabi,376,Phosphorus application,Optimal,5.480775541211368
rabi,376,Nitrogen application,Optimal,6.2712738176337535
rabi,376,Phosphorus Surplus,Optimal,7.478250059691879
rabi,376,Nitrogen Surplus,Optimal,11.079737713152337
rabi,376,Water Demand,Optimal,6.07450658120974
rabi,377,Nitrogen Emission,Optimal,11.670342797019893
rabi,377,Nitrogen Leach,Optimal,12.260478209842587
rabi,377,Greenhouse Gas emission,Optimal,-6.10022233093971
rabi,377,Net return,Optimal,4.280786429028625
rabi,377,Calorie,Optimal,-1.5052781874681558
rabi,377,Phosphorus application,Optimal,7.41676503546844
rabi,377,Nitrogen application,Optimal,6.489600236391891
rabi,377,Phosphorus Surplus,Optimal,10.08105764521071
rabi,377,Nitrogen Surplus,Optimal,11.162191060092153
rabi,377,Water Demand,Optimal,1.4468247772033935
rabi,378,Nitrogen Emission,Optimal,11.545233781637783
rabi,378,Nitrogen Leach,Optimal,11.98128701837177
rabi,378,Greenhouse Gas emission,Optimal,-7.861820533896609
rabi,378,Net return,Optimal,2.4552103332659625
rabi,378,Calorie,Optimal,-1.462807467357634
rabi,378,Phosphorus application,Optimal,6.819825451940049
rabi,378,Nitrogen application,Optimal,6.625639626815048
rabi,378,Phosphorus Surplus,Optimal,9.228663968152668
rabi,378,Nitrogen Surplus,Optimal,11.103076223920395
rabi,378,Water Demand,Optimal,2.658265916283949
rabi,379,Nitrogen Emission,Optimal,11.333279330692127
rabi,379,Nitrogen Leach,Optimal,11.939556355396112
rabi,379,Greenhouse Gas emission,Optimal,-5.244670523125158
rabi,379,Net return,Optimal,1.3531424011109727
rabi,379,Calorie,Optimal,-0.9150081200658153
rabi,379,Phosphorus application,Optimal,8.254421179683982
rabi,379,Nitrogen application,Optimal,6.408895577763193
rabi,379,Phosphorus Surplus,Optimal,11.116253702798295
rabi,379,Nitrogen Surplus,Optimal,10.762466301899131
rabi,379,Water Demand,Optimal,-1.9840138972354593
rabi,380,Nitrogen Emission,Optimal,9.933805694478659
rabi,380,Nitrogen Leach,Optimal,10.045121635003712
rabi,380,Greenhouse Gas emission,Optimal,-6.36545809634165
rabi,380,Net return,Optimal,0.10522715480809061
rabi,380,Calorie,Optimal,-1.2208678382986142
rabi,380,Phosphorus application,Optimal,4.729398116631812
rabi,380,Nitrogen application,Optimal,5.700371186817477
rabi,380,Phosphorus Surplus,Optimal,6.389381328866075
rabi,380,Nitrogen Surplus,Optimal,9.572687946235641
rabi,380,Water Demand,Optimal,5.245443660596978
rabi,381,Nitrogen Emission,Optimal,10.378933217781537
rabi,381,Nitrogen Leach,Optimal,11.512173191076354
rabi,381,Greenhouse Gas emission,Optimal,-5.167783392621586
rabi,381,Net return,Optimal,3.6475197622726427
rabi,381,Calorie,Optimal,-1.1725523508422149
rabi,381,Phosphorus application,Optimal,5.422785929227996
rabi,381,Nitrogen application,Optimal,5.907280571552536
rabi,381,Phosphorus Surplus,Optimal,7.3032248187571955
rabi,381,Nitrogen Surplus,Optimal,9.815300403733252
rabi,381,Water Demand,Optimal,-1.4590709958682915
rabi,382,Nitrogen Emission,Optimal,11.591879382102295
rabi,382,Nitrogen Leach,Optimal,11.909960979216152
rabi,382,Greenhouse Gas emission,Optimal,-3.1379292406636465
rabi,382,Net return,Optimal,5.971228389773776
rabi,382,Calorie,Optimal,-1.1382238233215012
rabi,382,Phosphorus application,Optimal,4.930892669209303
rabi,382,Nitrogen application,Optimal,6.393509503044147
rabi,382,Phosphorus Surplus,Optimal,6.6777710903990055
rabi,382,Nitrogen Surplus,Optimal,10.98110270777941
rabi,382,Water Demand,Optimal,2.4113095928215396
rabi,383,Nitrogen Emission,Optimal,12.147655184434424
rabi,383,Nitrogen Leach,Optimal,12.689779578709468
rabi,383,Greenhouse Gas emission,Optimal,-3.2074929058588983
rabi,383,Net return,Optimal,5.528971956133521
rabi,383,Calorie,Optimal,-0.7809472998264947
rabi,383,Phosphorus application,Optimal,5.087602867788527
rabi,383,Nitrogen application,Optimal,6.870481267326401
rabi,383,Phosphorus Surplus,Optimal,6.771164310280141
rabi,383,Nitrogen Surplus,Optimal,11.605088328126687
rabi,383,Water Demand,Optimal,5.046768198738698
rabi,384,Nitrogen Emission,Optimal,11.8590214074276
rabi,384,Nitrogen Leach,Optimal,13.103178766948403
rabi,384,Greenhouse Gas emission,Optimal,-2.8973180883065126
rabi,384,Net return,Optimal,5.82628394155133
rabi,384,Calorie,Optimal,-1.646856125945497
rabi,384,Phosphorus application,Optimal,5.085481205159305
rabi,384,Nitrogen application,Optimal,6.630356880476895
rabi,384,Phosphorus Surplus,Optimal,6.9905097672696614
rabi,384,Nitrogen Surplus,Optimal,11.411116005021848
rabi,384,Water Demand,Optimal,1.0043230920640658
rabi,385,Nitrogen Emission,Optimal,10.889024974456017
rabi,385,Nitrogen Leach,Optimal,11.86752016557823
rabi,385,Greenhouse Gas emission,Optimal,-2.1765115246735425
rabi,385,Net return,Optimal,2.349217717068844
rabi,385,Calorie,Optimal,-1.311494830587646
rabi,385,Phosphorus application,Optimal,6.926603153781795
rabi,385,Nitrogen application,Optimal,5.969973277259658
rabi,385,Phosphorus Surplus,Optimal,9.511497537490879
rabi,385,Nitrogen Surplus,Optimal,10.508272527540178
rabi,385,Water Demand,Optimal,2.064588096645027
rabi,386,Nitrogen Emission,Optimal,11.562031639961925
rabi,386,Nitrogen Leach,Optimal,12.194699324902146
rabi,386,Greenhouse Gas emission,Optimal,-6.388121542762756
rabi,386,Net return,Optimal,0.10349496365711447
rabi,386,Calorie,Optimal,-1.1610660767044707
rabi,386,Phosphorus application,Optimal,5.208795198010694
rabi,386,Nitrogen application,Optimal,6.487169152142935
rabi,386,Phosphorus Surplus,Optimal,7.03261271395739
rabi,386,Nitrogen Surplus,Optimal,11.157893643136612
rabi,386,Water Demand,Optimal,3.783110492174107
rabi,387,Nitrogen Emission,Optimal,10.846239963179414
rabi,387,Nitrogen Leach,Optimal,11.67634033632398
rabi,387,Greenhouse Gas emission,Optimal,-3.6291485955383966
rabi,387,Net return,Optimal,0.7644112017841402
rabi,387,Calorie,Optimal,-1.6013357514595832
rabi,387,Phosphorus application,Optimal,6.692413928169879
rabi,387,Nitrogen application,Optimal,5.860240052966266
rabi,387,Phosphorus Surplus,Optimal,9.248148478236306
rabi,387,Nitrogen Surplus,Optimal,10.376757030240086
rabi,387,Water Demand,Optimal,1.2457836354054064
rabi,388,Nitrogen Emission,Optimal,10.278298049631147
rabi,388,Nitrogen Leach,Optimal,10.806792301885345
rabi,388,Greenhouse Gas emission,Optimal,-5.5059284070101695
rabi,388,Net return,Optimal,2.6132679381901975
rabi,388,Calorie,Optimal,-0.7874962208212054
rabi,388,Phosphorus application,Optimal,6.923529317990033
rabi,388,Nitrogen application,Optimal,5.883787359838731
rabi,388,Phosphorus Surplus,Optimal,9.253913419147104
rabi,388,Nitrogen Surplus,Optimal,9.645397970348245
rabi,388,Water Demand,Optimal,-1.1433582283812194
rabi,389,Nitrogen Emission,Optimal,10.389404581254663
rabi,389,Nitrogen Leach,Optimal,11.077737498286771
rabi,389,Greenhouse Gas emission,Optimal,-6.489269991200657
rabi,389,Net return,Optimal,0.39129437196063327
rabi,389,Calorie,Optimal,-1.3694490784694688
rabi,389,Phosphorus application,Optimal,4.627111721876224
rabi,389,Nitrogen application,Optimal,5.741798293930483
rabi,389,Phosphorus Surplus,Optimal,6.293775989031746
rabi,389,Nitrogen Surplus,Optimal,9.807150784039663
rabi,389,Water Demand,Optimal,3.216007747032785
rabi,390,Nitrogen Emission,Optimal,11.983938337415491
rabi,390,Nitrogen Leach,Optimal,12.225035277621258
rabi,390,Greenhouse Gas emission,Optimal,-2.8852392275869416
rabi,390,Net return,Optimal,2.1780017675176753
rabi,390,Calorie,Optimal,-1.372196090195233
rabi,390,Phosphorus application,Optimal,6.568134783414554
rabi,390,Nitrogen application,Optimal,6.497153368122075
rabi,390,Phosphorus Surplus,Optimal,9.008014279288581
rabi,390,Nitrogen Surplus,Optimal,11.376744121189079
rabi,390,Water Demand,Optimal,2.2402819196225128
rabi,391,Nitrogen Emission,Optimal,9.84546771000767
rabi,391,Nitrogen Leach,Optimal,10.313036878630855
rabi,391,Greenhouse Gas emission,Optimal,-7.452477832527779
rabi,391,Net return,Optimal,4.936966641755885
rabi,391,Calorie,Optimal,-0.7511311015545161
rabi,391,Phosphorus application,Optimal,4.336945754052514
rabi,391,Nitrogen application,Optimal,5.898065518216623
rabi,391,Phosphorus Surplus,Optimal,5.6183665789462935
rabi,391,Nitrogen Surplus,Optimal,9.290718840710465
rabi,391,Water Demand,Optimal,3.184641249860627
rabi,392,Nitrogen Emission,Optimal,10.615732339577917
rabi,392,Nitrogen Leach,Optimal,11.430948216349686
rabi,392,Greenhouse Gas emission,Optimal,-5.305201146276105
rabi,392,Net return,Optimal,2.0071509531645346
rabi,392,Calorie,Optimal,-1.1147667893177762
rabi,392,Phosphorus application,Optimal,4.282143405067523
rabi,392,Nitrogen application,Optimal,5.894981796970024
rabi,392,Phosphorus Surplus,Optimal,5.795217208804239
rabi,392,Nitrogen Surplus,Optimal,10.195872652957112
rabi,392,Water Demand,Optimal,4.306198697843268
rabi,393,Nitrogen Emission,Optimal,11.296986318563015
rabi,393,Nitrogen Leach,Optimal,12.08843037238644
rabi,393,Greenhouse Gas emission,Optimal,-5.965128155885219
rabi,393,Net return,Optimal,0.10679457575254644
rabi,393,Calorie,Optimal,-0.9846040335623781
rabi,393,Phosphorus application,Optimal,7.416704820472346
rabi,393,Nitrogen application,Optimal,6.313261396653483
rabi,393,Phosphorus Surplus,Optimal,10.010560815269317
rabi,393,Nitrogen Surplus,Optimal,10.780113308654826
rabi,393,Water Demand,Optimal,3.5560070104665877
rabi,394,Nitrogen Emission,Optimal,11.397384582131666
rabi,394,Nitrogen Leach,Optimal,11.82298815274372
rabi,394,Greenhouse Gas emission,Optimal,-4.3267344013901825
rabi,394,Net return,Optimal,0.7229970202059003
rabi,394,Calorie,Optimal,-1.0959403378327088
rabi,394,Phosphorus application,Optimal,4.969363355357179
rabi,394,Nitrogen application,Optimal,6.322059792062833
rabi,394,Phosphorus Surplus,Optimal,6.717734786105323
rabi,394,Nitrogen Surplus,Optimal,10.843968631974324
rabi,394,Water Demand,Optimal,2.494000965669284
rabi,395,Nitrogen Emission,Optimal,10.396955737995684
rabi,395,Nitrogen Leach,Optimal,11.107762260058092
rabi,395,Greenhouse Gas emission,Optimal,-4.980669822191006
rabi,395,Net return,Optimal,0.6433808015592521
rabi,395,Calorie,Optimal,-1.3559427932999777
rabi,395,Phosphorus application,Optimal,6.144246017448496
rabi,395,Nitrogen application,Optimal,5.715708209487215
rabi,395,Phosphorus Surplus,Optimal,8.379336201060822
rabi,395,Nitrogen Surplus,Optimal,9.840039429509881
rabi,395,Water Demand,Optimal,1.6624111153616878
rabi,396,Nitrogen Emission,Optimal,10.443591110323739
rabi,396,Nitrogen Leach,Optimal,11.262415402231067
rabi,396,Greenhouse Gas emission,Optimal,-5.59982293716081
rabi,396,Net return,Optimal,0.7091732411195543
rabi,396,Calorie,Optimal,-0.7671294992430886
rabi,396,Phosphorus application,Optimal,5.300315105265064
rabi,396,Nitrogen application,Optimal,6.053563447534883
rabi,396,Phosphorus Surplus,Optimal,7.022396341882822
rabi,396,Nitrogen Surplus,Optimal,9.936140816413037
rabi,396,Water Demand,Optimal,6.1151939644443765
rabi,397,Nitrogen Emission,Optimal,12.584473738343712
rabi,397,Nitrogen Leach,Optimal,13.268890320309628
rabi,397,Greenhouse Gas emission,Optimal,-4.013086875781061
rabi,397,Net return,Optimal,0.7639312737558316
rabi,397,Calorie,Optimal,-1.3075586946433497
rabi,397,Phosphorus application,Optimal,6.28013122203027
rabi,397,Nitrogen application,Optimal,6.798024188176213
rabi,397,Phosphorus Surplus,Optimal,8.602203259981179
rabi,397,Nitrogen Surplus,Optimal,12.095390822286937
rabi,397,Water Demand,Optimal,0.38980960998734365
rabi,398,Nitrogen Emission,Optimal,12.969540662356273
rabi,398,Nitrogen Leach,Optimal,13.54851582880955
rabi,398,Greenhouse Gas emission,Optimal,-3.7166112134880014
rabi,398,Net return,Optimal,0.10562019306433836
rabi,398,Calorie,Optimal,-1.2893199679459668
rabi,398,Phosphorus application,Optimal,7.230859611976229
rabi,398,Nitrogen application,Optimal,7.1581332619361
rabi,398,Phosphorus Surplus,Optimal,9.855594422351244
rabi,398,Nitrogen Surplus,Optimal,12.49601363614442
rabi,398,Water Demand,Optimal,-2.611612421867359
rabi,399,Nitrogen Emission,Optimal,12.103706335674362
rabi,399,Nitrogen Leach,Optimal,12.361724948367447
rabi,399,Greenhouse Gas emission,Optimal,-1.382445494289165
rabi,399,Net return,Optimal,3.677877348846536
rabi,399,Calorie,Optimal,-1.1606998912311386
rabi,399,Phosphorus application,Optimal,7.507397327618469
rabi,399,Nitrogen application,Optimal,6.738783917405967
rabi,399,Phosphorus Surplus,Optimal,10.238289040235781
rabi,399,Nitrogen Surplus,Optimal,11.667536081992363
rabi,399,Water Demand,Optimal,4.997167964183544
rabi,400,Nitrogen Emission,Optimal,10.987864590936145
rabi,400,Nitrogen Leach,Optimal,11.576035893208656
rabi,400,Greenhouse Gas emission,Optimal,-6.487014550334
rabi,400,Net return,Optimal,0.7180342223591749
rabi,400,Calorie,Optimal,-1.0689240639742938
rabi,400,Phosphorus application,Optimal,5.111170763328636
rabi,400,Nitrogen application,Optimal,6.175338916401923
rabi,400,Phosphorus Surplus,Optimal,6.82910348359013
rabi,400,Nitrogen Surplus,Optimal,10.348157869289164
rabi,400,Water Demand,Optimal,2.817805742224749
rabi,401,Nitrogen Emission,Optimal,11.14912105671736
rabi,401,Nitrogen Leach,Optimal,12.2527187663142
rabi,401,Greenhouse Gas emission,Optimal,-3.8610743751028322
rabi,401,Net return,Optimal,0.09214582088540609
rabi,401,Calorie,Optimal,-0.9158492639181528
rabi,401,Phosphorus application,Optimal,6.267093163305793
rabi,401,Nitrogen application,Optimal,6.328734369346555
rabi,401,Phosphorus Surplus,Optimal,8.454483736894021
rabi,401,Nitrogen Surplus,Optimal,10.768454021842828
rabi,401,Water Demand,Optimal,0.579937118599126
rabi,402,Nitrogen Emission,Optimal,13.419815731474628
rabi,402,Nitrogen Leach,Optimal,13.717441972619929
rabi,402,Greenhouse Gas emission,Optimal,-8.949547214118205
rabi,402,Net return,Optimal,1.4608667375144593
rabi,402,Calorie,Optimal,-1.3753292528821515
rabi,402,Phosphorus application,Optimal,7.939322561228532
rabi,402,Nitrogen application,Optimal,7.599887580614759
rabi,402,Phosphorus Surplus,Optimal,10.710147400487859
rabi,402,Nitrogen Surplus,Optimal,12.955536518120967
rabi,402,Water Demand,Optimal,-1.722689294309177
rabi,403,Nitrogen Emission,Optimal,9.99739143702058
rabi,403,Nitrogen Leach,Optimal,10.116115785984253
rabi,403,Greenhouse Gas emission,Optimal,-4.21832688707406
rabi,403,Net return,Optimal,2.1370975176802056
rabi,403,Calorie,Optimal,-1.0739360358459904
rabi,403,Phosphorus application,Optimal,5.532857227765249
rabi,403,Nitrogen application,Optimal,5.621849660731811
rabi,403,Phosphorus Surplus,Optimal,7.473071609322645
rabi,403,Nitrogen Surplus,Optimal,9.445300807597599
rabi,403,Water Demand,Optimal,4.796453535282564
rabi,404,Nitrogen Emission,Optimal,11.38465625477091
rabi,404,Nitrogen Leach,Optimal,11.81222932017438
rabi,404,Greenhouse Gas emission,Optimal,-7.430760529400567
rabi,404,Net return,Optimal,5.504779968201389
rabi,404,Calorie,Optimal,-1.247802360050168
rabi,404,Phosphorus application,Optimal,6.4796491644792775
rabi,404,Nitrogen application,Optimal,6.575076898472268
rabi,404,Phosphorus Surplus,Optimal,8.719768580234179
rabi,404,Nitrogen Surplus,Optimal,10.908416356896314
rabi,404,Water Demand,Optimal,0.1513177948277887
rabi,405,Nitrogen Emission,Optimal,10.561227053675516
rabi,405,Nitrogen Leach,Optimal,11.172813240562188
rabi,405,Greenhouse Gas emission,Optimal,-3.792488615020849
rabi,405,Net return,Optimal,1.5607828796314502
rabi,405,Calorie,Optimal,-1.5064859082963113
rabi,405,Phosphorus application,Optimal,6.578170044405027
rabi,405,Nitrogen application,Optimal,5.782243466981786
rabi,405,Phosphorus Surplus,Optimal,9.020457333613837
rabi,405,Nitrogen Surplus,Optimal,9.980896373092865
rabi,405,Water Demand,Optimal,3.1927688112518218
rabi,406,Nitrogen Emission,Optimal,11.74943152671264
rabi,406,Nitrogen Leach,Optimal,11.948889357666054
rabi,406,Greenhouse Gas emission,Optimal,-5.991328162430978
rabi,406,Net return,Optimal,0.6670977710541467
rabi,406,Calorie,Optimal,-0.8303705421354586
rabi,406,Phosphorus application,Optimal,7.302048725894398
rabi,406,Nitrogen application,Optimal,6.580238647046401
rabi,406,Phosphorus Surplus,Optimal,9.832626888269061
rabi,406,Nitrogen Surplus,Optimal,11.19087967180853
rabi,406,Water Demand,Optimal,-0.5058353092728827
rabi,407,Nitrogen Emission,Optimal,11.080444435039892
rabi,407,Nitrogen Leach,Optimal,11.612001248549738
rabi,407,Greenhouse Gas emission,Optimal,-3.2464518203346753
rabi,407,Net return,Optimal,0.6096688527069161
rabi,407,Calorie,Optimal,-1.369460228881635
rabi,407,Phosphorus application,Optimal,6.452415289613401
rabi,407,Nitrogen application,Optimal,6.039758740675162
rabi,407,Phosphorus Surplus,Optimal,8.84336452265539
rabi,407,Nitrogen Surplus,Optimal,10.472278217251104
rabi,407,Water Demand,Optimal,0.738652983338321
rabi,408,Nitrogen Emission,Optimal,12.328050619209655
rabi,408,Nitrogen Leach,Optimal,12.187470323202906
rabi,408,Greenhouse Gas emission,Optimal,-3.694058345142638
rabi,408,Net return,Optimal,0.10371814898329851
rabi,408,Calorie,Optimal,-0.6561322526509794
rabi,408,Phosphorus application,Optimal,7.323116002728622
rabi,408,Nitrogen application,Optimal,6.986367494830405
rabi,408,Phosphorus Surplus,Optimal,9.774117754975988
rabi,408,Nitrogen Surplus,Optimal,11.785856075485064
rabi,408,Water Demand,Optimal,0.5863550458484694
rabi,409,Nitrogen Emission,Optimal,10.893458699706434
rabi,409,Nitrogen Leach,Optimal,10.826404647980999
rabi,409,Greenhouse Gas emission,Optimal,-6.444880576997425
rabi,409,Net return,Optimal,7.251439553681699
rabi,409,Calorie,Optimal,-1.462464333596928
rabi,409,Phosphorus application,Optimal,3.605143530341434
rabi,409,Nitrogen application,Optimal,6.287213310862286
rabi,409,Phosphorus Surplus,Optimal,4.806577706814873
rabi,409,Nitrogen Surplus,Optimal,10.389206454731193
rabi,409,Water Demand,Optimal,3.1979530971298415
rabi,410,Nitrogen Emission,Optimal,12.26751880506198
rabi,410,Nitrogen Leach,Optimal,12.59449018962891
rabi,410,Greenhouse Gas emission,Optimal,-2.758992632838637
rabi,410,Net return,Optimal,4.257811199715925
rabi,410,Calorie,Optimal,-1.6602571807335778
rabi,410,Phosphorus application,Optimal,7.390222461460681
rabi,410,Nitrogen application,Optimal,6.634917939140632
rabi,410,Phosphorus Surplus,Optimal,10.197712624568378
rabi,410,Nitrogen Surplus,Optimal,11.705100251332007
rabi,410,Water Demand,Optimal,0.7957582984839707
rabi,411,Nitrogen Emission,Optimal,12.971444673048095
rabi,411,Nitrogen Leach,Optimal,12.857063489562297
rabi,411,Greenhouse Gas emission,Optimal,-5.175014055858414
rabi,411,Net return,Optimal,0.10522715480812661
rabi,411,Calorie,Optimal,-0.833902104777465
rabi,411,Phosphorus application,Optimal,6.39308508526724
rabi,411,Nitrogen application,Optimal,7.2465790504681475
rabi,411,Phosphorus Surplus,Optimal,8.557794683864344
rabi,411,Nitrogen Surplus,Optimal,12.436994788398284
rabi,411,Water Demand,Optimal,1.5520996322195475
rabi,412,Nitrogen Emission,Optimal,11.792914693088086
rabi,412,Nitrogen Leach,Optimal,12.119310085971346
rabi,412,Greenhouse Gas emission,Optimal,-5.0856016950485605
rabi,412,Net return,Optimal,2.8631676895697162
rabi,412,Calorie,Optimal,-1.0821352371448083
rabi,412,Phosphorus application,Optimal,6.042708353710387
rabi,412,Nitrogen application,Optimal,6.6747806540910934
rabi,412,Phosphorus Surplus,Optimal,8.112194521859177
rabi,412,Nitrogen Surplus,Optimal,11.239146694235759
rabi,412,Water Demand,Optimal,3.1978244324920984
rabi,413,Nitrogen Emission,Optimal,10.202852332608716
rabi,413,Nitrogen Leach,Optimal,10.753500955908592
rabi,413,Greenhouse Gas emission,Optimal,-3.7183967901646042
rabi,413,Net return,Optimal,0.12488879204716623
rabi,413,Calorie,Optimal,-0.7782963444043889
rabi,413,Phosphorus application,Optimal,6.294932265004081
rabi,413,Nitrogen application,Optimal,5.691294981147848
rabi,413,Phosphorus Surplus,Optimal,8.503405402246356
rabi,413,Nitrogen Surplus,Optimal,9.702988885077463
rabi,413,Water Demand,Optimal,1.6449111534921326
rabi,414,Nitrogen Emission,Optimal,10.596400787758991
rabi,414,Nitrogen Leach,Optimal,10.770565438106933
rabi,414,Greenhouse Gas emission,Optimal,-5.345557170681955
rabi,414,Net return,Optimal,6.480840629793318
rabi,414,Calorie,Optimal,-1.358576885699044
rabi,414,Phosphorus application,Optimal,2.4236098378860107
rabi,414,Nitrogen application,Optimal,5.951007210964028
rabi,414,Phosphorus Surplus,Optimal,3.2968652049827356
rabi,414,Nitrogen Surplus,Optimal,10.175759812459106
rabi,414,Water Demand,Optimal,2.085315699726128
rabi,415,Nitrogen Emission,Optimal,11.90686051550217
rabi,415,Nitrogen Leach,Optimal,12.659152480611697
rabi,415,Greenhouse Gas emission,Optimal,-4.379523682593684
rabi,415,Net return,Optimal,2.886423920547302
rabi,415,Calorie,Optimal,-0.6791573971273552
rabi,415,Phosphorus application,Optimal,7.132351097445781
rabi,415,Nitrogen application,Optimal,6.854454379344203
rabi,415,Phosphorus Surplus,Optimal,9.502363777384362
rabi,415,Nitrogen Surplus,Optimal,11.479612368166077
rabi,415,Water Demand,Optimal,-1.2817370181486463
rabi,416,Nitrogen Emission,Optimal,12.174347876831112
rabi,416,Nitrogen Leach,Optimal,12.714493510879798
rabi,416,Greenhouse Gas emission,Optimal,-3.3077451538091656
rabi,416,Net return,Optimal,2.7809135323261613
rabi,416,Calorie,Optimal,-1.4180680279350886
rabi,416,Phosphorus application,Optimal,6.750438285172765
rabi,416,Nitrogen application,Optimal,6.573172542978811
rabi,416,Phosphorus Surplus,Optimal,9.266448720565988
rabi,416,Nitrogen Surplus,Optimal,11.596601339890722
rabi,416,Water Demand,Optimal,-0.40472289690718016
rabi,417,Nitrogen Emission,Optimal,10.102431752643808
rabi,417,Nitrogen Leach,Optimal,10.578749167522009
rabi,417,Greenhouse Gas emission,Optimal,-4.818616555551972
rabi,417,Net return,Optimal,0.09214582088540609
rabi,417,Calorie,Optimal,-1.24899662760196
rabi,417,Phosphorus application,Optimal,6.367934688744454
rabi,417,Nitrogen application,Optimal,5.645834018174286
rabi,417,Phosphorus Surplus,Optimal,8.661178203929666
rabi,417,Nitrogen Surplus,Optimal,9.580666970075708
rabi,417,Water Demand,Optimal,-0.8650105674908948
rabi,418,Nitrogen Emission,Optimal,12.510590431344058
rabi,418,Nitrogen Leach,Optimal,12.838258883178643
rabi,418,Greenhouse Gas emission,Optimal,-7.739065334226731
rabi,418,Net return,Optimal,2.517274941905695
rabi,418,Calorie,Optimal,-1.1093742584278878
rabi,418,Phosphorus application,Optimal,5.359440642750102
rabi,418,Nitrogen application,Optimal,7.077390376101952
rabi,418,Phosphorus Surplus,Optimal,7.197847615119806
rabi,418,Nitrogen Surplus,Optimal,12.117775769146816
rabi,418,Water Demand,Optimal,6.346559001225399
rabi,419,Nitrogen Emission,Optimal,11.968091910889488
rabi,419,Nitrogen Leach,Optimal,13.03331062859163
rabi,419,Greenhouse Gas emission,Optimal,-4.780740051632709
rabi,419,Net return,Optimal,6.007173368403505
rabi,419,Calorie,Optimal,-1.097074213582906
rabi,419,Phosphorus application,Optimal,4.766249632572161
rabi,419,Nitrogen application,Optimal,7.012849340201608
rabi,419,Phosphorus Surplus,Optimal,6.328112661009947
rabi,419,Nitrogen Surplus,Optimal,11.665969870482519
rabi,419,Water Demand,Optimal,0.6977571662511155
rabi,420,Nitrogen Emission,Optimal,10.694857771846378
rabi,420,Nitrogen Leach,Optimal,11.398115615731118
rabi,420,Greenhouse Gas emission,Optimal,-5.297498941218597
rabi,420,Net return,Optimal,1.9439010216478714
rabi,420,Calorie,Optimal,-1.1884130908969999
rabi,420,Phosphorus application,Optimal,7.122836430576657
rabi,420,Nitrogen application,Optimal,6.049439337069605
rabi,420,Phosphorus Surplus,Optimal,9.65508430103728
rabi,420,Nitrogen Surplus,Optimal,10.21087265056218
rabi,420,Water Demand,Optimal,1.7430893155077591
rabi,421,Nitrogen Emission,Optimal,11.14091407137999
rabi,421,Nitrogen Leach,Optimal,11.731166568641875
rabi,421,Greenhouse Gas emission,Optimal,-4.285285728886839
rabi,421,Net return,Optimal,4.215880511917379
rabi,421,Calorie,Optimal,-1.0376877377085763
rabi,421,Phosphorus application,Optimal,3.5968535149394567
rabi,421,Nitrogen application,Optimal,6.164746402602252
rabi,421,Phosphorus Surplus,Optimal,4.810498839472746
rabi,421,Nitrogen Surplus,Optimal,10.424339275798854
rabi,421,Water Demand,Optimal,5.150424672111815
rabi,422,Nitrogen Emission,Optimal,9.360241082203821
rabi,422,Nitrogen Leach,Optimal,10.17578886709679
rabi,422,Greenhouse Gas emission,Optimal,-2.6284612200832385
rabi,422,Net return,Optimal,3.142260383650789
rabi,422,Calorie,Optimal,-1.2361238977082902
rabi,422,Phosphorus application,Optimal,6.917595335552671
rabi,422,Nitrogen application,Optimal,5.339024551741739
rabi,422,Phosphorus Surplus,Optimal,9.427475581471814
rabi,422,Nitrogen Surplus,Optimal,8.944789970830461
rabi,422,Water Demand,Optimal,2.065182288701129
rabi,423,Nitrogen Emission,Optimal,11.101675638352349
rabi,423,Nitrogen Leach,Optimal,11.995129320412946
rabi,423,Greenhouse Gas emission,Optimal,-7.6172803593236535
rabi,423,Net return,Optimal,6.921919653353729
rabi,423,Calorie,Optimal,-1.0527038638302595
rabi,423,Phosphorus application,Optimal,3.734959628841744
rabi,423,Nitrogen application,Optimal,6.513314969531968
rabi,423,Phosphorus Surplus,Optimal,4.8731678027239305
rabi,423,Nitrogen Surplus,Optimal,10.652669268115766
rabi,423,Water Demand,Optimal,2.3407940506307923
rabi,424,Nitrogen Emission,Optimal,12.101760616454033
rabi,424,Nitrogen Leach,Optimal,12.852314447747963
rabi,424,Greenhouse Gas emission,Optimal,-4.011491250473236
rabi,424,Net return,Optimal,0.09327552408592601
rabi,424,Calorie,Optimal,-1.3490299054923693
rabi,424,Phosphorus application,Optimal,7.844713535685719
rabi,424,Nitrogen application,Optimal,6.560093386953269
rabi,424,Phosphorus Surplus,Optimal,10.738787577396534
rabi,424,Nitrogen Surplus,Optimal,11.49903560526249
rabi,424,Water Demand,Optimal,0.18449046214668943
rabi,425,Nitrogen Emission,Optimal,11.009083011195587
rabi,425,Nitrogen Leach,Optimal,11.79810564643707
rabi,425,Greenhouse Gas emission,Optimal,-7.757409713788469
rabi,425,Net return,Optimal,0.943129724215803
rabi,425,Calorie,Optimal,-1.115442922855441
rabi,425,Phosphorus application,Optimal,6.017203943774725
rabi,425,Nitrogen application,Optimal,6.233279592662764
rabi,425,Phosphorus Surplus,Optimal,8.076650894805407
rabi,425,Nitrogen Surplus,Optimal,10.548710015386115
rabi,425,Water Demand,Optimal,1.1804514638711465
rabi,426,Nitrogen Emission,Optimal,11.700474808412366
rabi,426,Nitrogen Leach,Optimal,12.561289299020205
rabi,426,Greenhouse Gas emission,Optimal,-4.175405732212405
rabi,426,Net return,Optimal,0.0921458208854601
rabi,426,Calorie,Optimal,-1.3837490891646904
rabi,426,Phosphorus application,Optimal,5.295717368939073
rabi,426,Nitrogen application,Optimal,6.2183223075708876
rabi,426,Phosphorus Surplus,Optimal,7.301033802287858
rabi,426,Nitrogen Surplus,Optimal,11.026089606299903
rabi,426,Water Demand,Optimal,5.867428206696461
rabi,427,Nitrogen Emission,Optimal,13.127018967701563
rabi,427,Nitrogen Leach,Optimal,13.35293330604602
rabi,427,Greenhouse Gas emission,Optimal,-3.1781210099956585
rabi,427,Net return,Optimal,0.6261076822764423
rabi,427,Calorie,Optimal,-1.0711669691830963
rabi,427,Phosphorus application,Optimal,7.991879513830506
rabi,427,Nitrogen application,Optimal,7.1855005975609165
rabi,427,Phosphorus Surplus,Optimal,10.892138055462091
rabi,427,Nitrogen Surplus,Optimal,12.70701087693863
rabi,427,Water Demand,Optimal,1.1540273663140908
rabi,428,Nitrogen Emission,Optimal,11.360854870895057
rabi,428,Nitrogen Leach,Optimal,11.908991674381019
rabi,428,Greenhouse Gas emission,Optimal,-6.07463782663541
rabi,428,Net return,Optimal,6.252798667053926
rabi,428,Calorie,Optimal,-1.2134877742669428
rabi,428,Phosphorus application,Optimal,3.8989707904118034
rabi,428,Nitrogen application,Optimal,6.516131187759474
rabi,428,Phosphorus Surplus,Optimal,5.1566986123019145
rabi,428,Nitrogen Surplus,Optimal,10.87785222833386
rabi,428,Water Demand,Optimal,2.134258735876723
rabi,429,Nitrogen Emission,Optimal,12.760211874417294
rabi,429,Nitrogen Leach,Optimal,13.263011438747029
rabi,429,Greenhouse Gas emission,Optimal,-5.893690516670469
rabi,429,Net return,Optimal,8.962716292463929
rabi,429,Calorie,Optimal,-1.4792821273527612
rabi,429,Phosphorus application,Optimal,5.814886674777773
rabi,429,Nitrogen application,Optimal,7.364219512896819
rabi,429,Phosphorus Surplus,Optimal,7.825100788975726
rabi,429,Nitrogen Surplus,Optimal,12.314542473903048
rabi,429,Water Demand,Optimal,-2.4537693341113775
rabi,430,Nitrogen Emission,Optimal,11.550267833297744
rabi,430,Nitrogen Leach,Optimal,12.524061713723025
rabi,430,Greenhouse Gas emission,Optimal,-4.1114747571354195
rabi,430,Net return,Optimal,6.153810401347706
rabi,430,Calorie,Optimal,-1.5099225596374477
rabi,430,Phosphorus application,Optimal,3.97861841034308
rabi,430,Nitrogen application,Optimal,6.45232028525913
rabi,430,Phosphorus Surplus,Optimal,5.410309966330112
rabi,430,Nitrogen Surplus,Optimal,10.945702477381813
rabi,430,Water Demand,Optimal,2.169681822989383
rabi,431,Nitrogen Emission,Optimal,11.971103973928349
rabi,431,Nitrogen Leach,Optimal,12.788684212131514
rabi,431,Greenhouse Gas emission,Optimal,-4.720355232826409
rabi,431,Net return,Optimal,2.432590847647602
rabi,431,Calorie,Optimal,-1.2935317364108954
rabi,431,Phosphorus application,Optimal,6.275026419470927
rabi,431,Nitrogen application,Optimal,6.673037304775053
rabi,431,Phosphorus Surplus,Optimal,8.49688763130149
rabi,431,Nitrogen Surplus,Optimal,11.367698522783217
rabi,431,Water Demand,Optimal,4.042396661347772
rabi,432,Nitrogen Emission,Optimal,10.106847143648485
rabi,432,Nitrogen Leach,Optimal,10.34565053513729
rabi,432,Greenhouse Gas emission,Optimal,-4.216607571879617
rabi,432,Net return,Optimal,0.11311712880283284
rabi,432,Calorie,Optimal,-0.7383681896996842
rabi,432,Phosphorus application,Optimal,6.19860239060097
rabi,432,Nitrogen application,Optimal,5.664931319796617
rabi,432,Phosphorus Surplus,Optimal,8.316394002581347
rabi,432,Nitrogen Surplus,Optimal,9.432596812482716
rabi,432,Water Demand,Optimal,2.801873372135251
rabi,433,Nitrogen Emission,Optimal,12.079237137738728
rabi,433,Nitrogen Leach,Optimal,12.687435721133108
rabi,433,Greenhouse Gas emission,Optimal,-2.432013801494533
rabi,433,Net return,Optimal,0.7316863571793271
rabi,433,Calorie,Optimal,-0.7614323433227347
rabi,433,Phosphorus application,Optimal,7.908260714036661
rabi,433,Nitrogen application,Optimal,6.723318056793885
rabi,433,Phosphorus Surplus,Optimal,10.6858255551718
rabi,433,Nitrogen Surplus,Optimal,11.564928280003587
rabi,433,Water Demand,Optimal,1.9531035965557964
rabi,434,Nitrogen Emission,Optimal,11.527849369665837
rabi,434,Nitrogen Leach,Optimal,11.713383619762501
rabi,434,Greenhouse Gas emission,Optimal,-2.261157419186564
rabi,434,Net return,Optimal,0.15515865061268214
rabi,434,Calorie,Optimal,-1.3319581983225306
rabi,434,Phosphorus application,Optimal,6.86381788592543
rabi,434,Nitrogen application,Optimal,6.078772966048861
rabi,434,Phosphorus Surplus,Optimal,9.446969968014713
rabi,434,Nitrogen Surplus,Optimal,10.814185881502153
rabi,434,Water Demand,Optimal,1.158561884683862
rabi,435,Nitrogen Emission,Optimal,10.290424472722469
rabi,435,Nitrogen Leach,Optimal,10.670980949373979
rabi,435,Greenhouse Gas emission,Optimal,-5.113181081721593
rabi,435,Net return,Optimal,2.743754274696565
rabi,435,Calorie,Optimal,-1.2141223911277694
rabi,435,Phosphorus application,Optimal,6.974290622609722
rabi,435,Nitrogen application,Optimal,5.626627539353977
rabi,435,Phosphorus Surplus,Optimal,9.488602800171998
rabi,435,Nitrogen Surplus,Optimal,9.539991029082392
rabi,435,Water Demand,Optimal,3.540824905394099
rabi,436,Nitrogen Emission,Optimal,11.627522088497816
rabi,436,Nitrogen Leach,Optimal,12.57436609465599
rabi,436,Greenhouse Gas emission,Optimal,-6.862617043867508
rabi,436,Net return,Optimal,0.8750207000843389
rabi,436,Calorie,Optimal,-1.236064570433661
rabi,436,Phosphorus application,Optimal,7.658753730078296
rabi,436,Nitrogen application,Optimal,6.490066054693643
rabi,436,Phosphorus Surplus,Optimal,10.363049549806824
rabi,436,Nitrogen Surplus,Optimal,11.078149215767382
rabi,436,Water Demand,Optimal,-0.9170384408337029
rabi,437,Nitrogen Emission,Optimal,11.57546917905377
rabi,437,Nitrogen Leach,Optimal,12.521772639213472
rabi,437,Greenhouse Gas emission,Optimal,-4.086584751429593
rabi,437,Net return,Optimal,0.10679457575254644
rabi,437,Calorie,Optimal,-1.212023981934546
rabi,437,Phosphorus application,Optimal,6.993148954062253
rabi,437,Nitrogen application,Optimal,6.302140049147214
rabi,437,Phosphorus Surplus,Optimal,9.548133976138946
rabi,437,Nitrogen Surplus,Optimal,11.117856348290404
rabi,437,Water Demand,Optimal,4.230058001309339
rabi,438,Nitrogen Emission,Optimal,10.02282380312388
rabi,438,Nitrogen Leach,Optimal,10.858389106856162
rabi,438,Greenhouse Gas emission,Optimal,-5.4788076647814785
rabi,438,Net return,Optimal,5.039427260990629
rabi,438,Calorie,Optimal,-1.4174557505460683
rabi,438,Phosphorus application,Optimal,6.769221629926227
rabi,438,Nitrogen application,Optimal,5.783849814730539
rabi,438,Phosphorus Surplus,Optimal,9.167027261470674
rabi,438,Nitrogen Surplus,Optimal,9.473017146682082
rabi,438,Water Demand,Optimal,1.387925221532379
rabi,439,Nitrogen Emission,Optimal,11.530465184552515
rabi,439,Nitrogen Leach,Optimal,11.84155491048145
rabi,439,Greenhouse Gas emission,Optimal,-5.166543668218613
rabi,439,Net return,Optimal,2.7972041913576353
rabi,439,Calorie,Optimal,-1.561706811273184
rabi,439,Phosphorus application,Optimal,5.504470163681395
rabi,439,Nitrogen application,Optimal,6.391665343858299
rabi,439,Phosphorus Surplus,Optimal,7.551000854592664
rabi,439,Nitrogen Surplus,Optimal,11.075225943837935
rabi,439,Water Demand,Optimal,5.930732673412919
rabi,440,Nitrogen Emission,Optimal,11.490138568074109
rabi,440,Nitrogen Leach,Optimal,11.727037048212555
rabi,440,Greenhouse Gas emission,Optimal,-2.4323714388274897
rabi,440,Net return,Optimal,0.7807573608807279
rabi,440,Calorie,Optimal,-1.0896737871713202
rabi,440,Phosphorus application,Optimal,5.434737447546111
rabi,440,Nitrogen application,Optimal,6.3689914863443855
rabi,440,Phosphorus Surplus,Optimal,7.398155525629657
rabi,440,Nitrogen Surplus,Optimal,11.009446902759102
rabi,440,Water Demand,Optimal,4.813899030159585
rabi,441,Nitrogen Emission,Optimal,11.373375574850698
rabi,441,Nitrogen Leach,Optimal,12.072965570007122
rabi,441,Greenhouse Gas emission,Optimal,-7.782365236346457
rabi,441,Net return,Optimal,0.10371814898328051
rabi,441,Calorie,Optimal,-1.6057350818896945
rabi,441,Phosphorus application,Optimal,8.962542691283893
rabi,441,Nitrogen application,Optimal,6.4408831725521365
rabi,441,Phosphorus Surplus,Optimal,12.1626491136276
rabi,441,Nitrogen Surplus,Optimal,10.78162753644091
rabi,441,Water Demand,Optimal,0.35834413908501844
rabi,442,Nitrogen Emission,Optimal,10.85207529285052
rabi,442,Nitrogen Leach,Optimal,11.669678438207423
rabi,442,Greenhouse Gas emission,Optimal,-3.9840500732041435
rabi,442,Net return,Optimal,7.62161129944708
rabi,442,Calorie,Optimal,-1.3581532566134424
rabi,442,Phosphorus application,Optimal,5.752153562721049
rabi,442,Nitrogen application,Optimal,6.175107779608119
rabi,442,Phosphorus Surplus,Optimal,7.785497005046395
rabi,442,Nitrogen Surplus,Optimal,10.306270596382431
rabi,442,Water Demand,Optimal,-1.7363318226051931
rabi,443,Nitrogen Emission,Optimal,12.73033843522406
rabi,443,Nitrogen Leach,Optimal,13.451553401264592
rabi,443,Greenhouse Gas emission,Optimal,-5.119138368163142
rabi,443,Net return,Optimal,0.10101210885639772
rabi,443,Calorie,Optimal,-1.0619254909604339
rabi,443,Phosphorus application,Optimal,6.10675514567713
rabi,443,Nitrogen application,Optimal,7.018329681347367
rabi,443,Phosphorus Surplus,Optimal,8.268127961467412
rabi,443,Nitrogen Surplus,Optimal,12.22700144621239
rabi,443,Water Demand,Optimal,-0.4109955302614157
rabi,444,Nitrogen Emission,Optimal,11.249988239365491
rabi,444,Nitrogen Leach,Optimal,12.143430228977177
rabi,444,Greenhouse Gas emission,Optimal,-5.430957582748898
rabi,444,Net return,Optimal,0.09214582088540609
rabi,444,Calorie,Optimal,-0.7116385089033159
rabi,444,Phosphorus application,Optimal,6.162080455657998
rabi,444,Nitrogen application,Optimal,6.450447420366811
rabi,444,Phosphorus Surplus,Optimal,8.17796861342283
rabi,444,Nitrogen Surplus,Optimal,10.778002031357602
rabi,444,Water Demand,Optimal,1.6082493642690305
rabi,445,Nitrogen Emission,Optimal,13.583368338689253
rabi,445,Nitrogen Leach,Optimal,13.83844886134553
rabi,445,Greenhouse Gas emission,Optimal,-3.873586944270505
rabi,445,Net return,Optimal,6.6801272433051855
rabi,445,Calorie,Optimal,-0.7121798162315732
rabi,445,Phosphorus application,Optimal,5.740149579202499
rabi,445,Nitrogen application,Optimal,7.7021988957422804
rabi,445,Phosphorus Surplus,Optimal,7.635306598307483
rabi,445,Nitrogen Surplus,Optimal,13.164357013030681
rabi,445,Water Demand,Optimal,-2.9254937298920094
rabi,446,Nitrogen Emission,Optimal,12.548081562994456
rabi,446,Nitrogen Leach,Optimal,13.268899476422597
rabi,446,Greenhouse Gas emission,Optimal,-5.830850267012389
rabi,446,Net return,Optimal,0.10522715480809061
rabi,446,Calorie,Optimal,-1.0861577465315428
rabi,446,Phosphorus application,Optimal,7.594105802125973
rabi,446,Nitrogen application,Optimal,7.079749352068831
rabi,446,Phosphorus Surplus,Optimal,10.243190027554876
rabi,446,Nitrogen Surplus,Optimal,12.05452182725115
rabi,446,Water Demand,Optimal,1.7324875087728286
rabi,447,Nitrogen Emission,Optimal,11.035988359449169
rabi,447,Nitrogen Leach,Optimal,11.732386590113817
rabi,447,Greenhouse Gas emission,Optimal,-7.505683808858449
rabi,447,Net return,Optimal,0.10522715480810861
rabi,447,Calorie,Optimal,-1.09735283805326
rabi,447,Phosphorus application,Optimal,6.726677397868397
rabi,447,Nitrogen application,Optimal,6.247357009529216
rabi,447,Phosphorus Surplus,Optimal,9.042728071662067
rabi,447,Nitrogen Surplus,Optimal,10.455326281407734
rabi,447,Water Demand,Optimal,3.373708039618419
rabi,448,Nitrogen Emission,Optimal,10.074674461284399
rabi,448,Nitrogen Leach,Optimal,10.227049633836241
rabi,448,Greenhouse Gas emission,Optimal,-3.9403922885426277
rabi,448,Net return,Optimal,3.415291039773326
rabi,448,Calorie,Optimal,-1.0321492841810167
rabi,448,Phosphorus application,Optimal,6.464186763049376
rabi,448,Nitrogen application,Optimal,5.715483981637546
rabi,448,Phosphorus Surplus,Optimal,8.706283666762173
rabi,448,Nitrogen Surplus,Optimal,9.466552721783978
rabi,448,Water Demand,Optimal,1.6967649670485647
rabi,449,Nitrogen Emission,Optimal,13.501279166772088
rabi,449,Nitrogen Leach,Optimal,13.445600756741788
rabi,449,Greenhouse Gas emission,Optimal,-3.2582788232155004
rabi,449,Net return,Optimal,0.7262753100543387
rabi,449,Calorie,Optimal,-1.1320674697637763
rabi,449,Phosphorus application,Optimal,6.719612715382969
rabi,449,Nitrogen application,Optimal,7.3090587265277085
rabi,449,Phosphorus Surplus,Optimal,9.119177841438466
rabi,449,Nitrogen Surplus,Optimal,12.827339669111192
rabi,449,Water Demand,Optimal,2.289696406134668
rabi,450,Nitrogen Emission,Optimal,10.57589434169197
rabi,450,Nitrogen Leach,Optimal,11.013149495573689
rabi,450,Greenhouse Gas emission,Optimal,-2.6264824120628156
rabi,450,Net return,Optimal,4.630707508128873
rabi,450,Calorie,Optimal,-0.8187172112237842
rabi,450,Phosphorus application,Optimal,7.054170148628743
rabi,450,Nitrogen application,Optimal,5.923086805218156
rabi,450,Phosphorus Surplus,Optimal,9.517227086807578
rabi,450,Nitrogen Surplus,Optimal,10.047502459994647
rabi,450,Water Demand,Optimal,-1.6774419179229652
rabi,451,Nitrogen Emission,Optimal,11.192518687802492
rabi,451,Nitrogen Leach,Optimal,11.426685102224445
rabi,451,Greenhouse Gas emission,Optimal,-5.215108428181261
rabi,451,Net return,Optimal,0.25999889722681235
rabi,451,Calorie,Optimal,-0.7099736087329989
rabi,451,Phosphorus application,Optimal,7.411037954862559
rabi,451,Nitrogen application,Optimal,6.306018589777827
rabi,451,Phosphorus Surplus,Optimal,9.909725789117056
rabi,451,Nitrogen Surplus,Optimal,10.636746843412686
rabi,451,Water Demand,Optimal,-0.4536881635524648
rabi,452,Nitrogen Emission,Optimal,11.124125177599781
rabi,452,Nitrogen Leach,Optimal,11.694316965866028
rabi,452,Greenhouse Gas emission,Optimal,-4.567256295086328
rabi,452,Net return,Optimal,1.889211192534871
rabi,452,Calorie,Optimal,-0.8868600445086783
rabi,452,Phosphorus application,Optimal,5.752580783933742
rabi,452,Nitrogen application,Optimal,6.272386447044261
rabi,452,Phosphorus Surplus,Optimal,7.733373702861415
rabi,452,Nitrogen Surplus,Optimal,10.6565631664335
rabi,452,Water Demand,Optimal,2.0488072027650217
rabi,453,Nitrogen Emission,Optimal,9.89624645700106
rabi,453,Nitrogen Leach,Optimal,11.042726395582708
rabi,453,Greenhouse Gas emission,Optimal,-4.312256040842826
rabi,453,Net return,Optimal,1.126762883263635
rabi,453,Calorie,Optimal,-1.0579963279536222
rabi,453,Phosphorus application,Optimal,4.663730941366346
rabi,453,Nitrogen application,Optimal,5.5139789447423615
rabi,453,Phosphorus Surplus,Optimal,6.30039538140172
rabi,453,Nitrogen Surplus,Optimal,9.309766649917139
rabi,453,Water Demand,Optimal,3.870055475728299
rabi,454,Nitrogen Emission,Optimal,11.30933158729832
rabi,454,Nitrogen Leach,Optimal,12.287793395132038
rabi,454,Greenhouse Gas emission,Optimal,-6.718768753089799
rabi,454,Net return,Optimal,7.087374428506717
rabi,454,Calorie,Optimal,-1.2963858955415763
rabi,454,Phosphorus application,Optimal,4.3476037217647585
rabi,454,Nitrogen application,Optimal,6.48467739522096
rabi,454,Phosphorus Surplus,Optimal,5.838463747778167
rabi,454,Nitrogen Surplus,Optimal,10.818574378842001
rabi,454,Water Demand,Optimal,-1.105771346854721
rabi,455,Nitrogen Emission,Optimal,11.990683203450805
rabi,455,Nitrogen Leach,Optimal,13.08600204534275
rabi,455,Greenhouse Gas emission,Optimal,-5.774404020426354
rabi,455,Net return,Optimal,1.5505956577387283
rabi,455,Calorie,Optimal,-0.6840125597415445
rabi,455,Phosphorus application,Optimal,5.635848373828941
rabi,455,Nitrogen application,Optimal,6.895452760354971
rabi,455,Phosphorus Surplus,Optimal,7.471143160548152
rabi,455,Nitrogen Surplus,Optimal,11.666902637513374
rabi,455,Water Demand,Optimal,-1.700708771612075
rabi,456,Nitrogen Emission,Optimal,11.1332844450042
rabi,456,Nitrogen Leach,Optimal,12.24646714899802
rabi,456,Greenhouse Gas emission,Optimal,-5.0785216269480005
rabi,456,Net return,Optimal,2.6412827375156733
rabi,456,Calorie,Optimal,-1.0220866722586892
rabi,456,Phosphorus application,Optimal,5.671945747747515
rabi,456,Nitrogen application,Optimal,6.21860807041318
rabi,456,Phosphorus Surplus,Optimal,7.661682150897306
rabi,456,Nitrogen Surplus,Optimal,10.616466170879578
rabi,456,Water Demand,Optimal,1.0614932435602733
rabi,457,Nitrogen Emission,Optimal,10.541994858051382
rabi,457,Nitrogen Leach,Optimal,11.49535338445245
rabi,457,Greenhouse Gas emission,Optimal,-7.340487534759046
rabi,457,Net return,Optimal,2.7528448943549897
rabi,457,Calorie,Optimal,-0.9025686313437938
rabi,457,Phosphorus application,Optimal,4.849413011030645
rabi,457,Nitrogen application,Optimal,6.037095752358158
rabi,457,Phosphorus Surplus,Optimal,6.420720855924597
rabi,457,Nitrogen Surplus,Optimal,10.029242946249088
rabi,457,Water Demand,Optimal,7.083654283398281
rabi,458,Nitrogen Emission,Optimal,12.692910964767858
rabi,458,Nitrogen Leach,Optimal,12.998299061954011
rabi,458,Greenhouse Gas emission,Optimal,-5.38858979331709
rabi,458,Net return,Optimal,9.545681438157713
rabi,458,Calorie,Optimal,-1.3749325654887294
rabi,458,Phosphorus application,Optimal,3.915924384577918
rabi,458,Nitrogen application,Optimal,7.298763611677136
rabi,458,Phosphorus Surplus,Optimal,5.224827524895564
rabi,458,Nitrogen Surplus,Optimal,12.29520325748634
rabi,458,Water Demand,Optimal,0.03051415298268056
rabi,459,Nitrogen Emission,Optimal,12.165762770353753
rabi,459,Nitrogen Leach,Optimal,13.051224619946241
rabi,459,Greenhouse Gas emission,Optimal,-3.2210224650242347
rabi,459,Net return,Optimal,0.7803359866789163
rabi,459,Calorie,Optimal,-1.1394114506140973
rabi,459,Phosphorus application,Optimal,6.918616944702426
rabi,459,Nitrogen application,Optimal,6.636975818265088
rabi,459,Phosphorus Surplus,Optimal,9.415252404692572
rabi,459,Nitrogen Surplus,Optimal,11.675505811104303
rabi,459,Water Demand,Optimal,0.017213398229635392
rabi,460,Nitrogen Emission,Optimal,12.682876269840992
rabi,460,Nitrogen Leach,Optimal,13.290499088316695
rabi,460,Greenhouse Gas emission,Optimal,-6.108673355370541
rabi,460,Net return,Optimal,7.702650005798498
rabi,460,Calorie,Optimal,-0.7439603009669674
rabi,460,Phosphorus application,Optimal,5.871156272551516
rabi,460,Nitrogen application,Optimal,7.258984940920209
rabi,460,Phosphorus Surplus,Optimal,7.788093406562522
rabi,460,Nitrogen Surplus,Optimal,12.18620988830271
rabi,460,Water Demand,Optimal,-0.5017205429950199
rabi,461,Nitrogen Emission,Optimal,11.247263963942677
rabi,461,Nitrogen Leach,Optimal,11.903036171909527
rabi,461,Greenhouse Gas emission,Optimal,-4.182709746534765
rabi,461,Net return,Optimal,2.6614215430199817
rabi,461,Calorie,Optimal,-0.9162208599965682
rabi,461,Phosphorus application,Optimal,5.98182742892537
rabi,461,Nitrogen application,Optimal,6.341921969386854
rabi,461,Phosphorus Surplus,Optimal,8.035996348314047
rabi,461,Nitrogen Surplus,Optimal,10.800620600628173
rabi,461,Water Demand,Optimal,4.098677527164428
rabi,462,Nitrogen Emission,Optimal,10.13530037674773
rabi,462,Nitrogen Leach,Optimal,11.035553868645668
rabi,462,Greenhouse Gas emission,Optimal,-2.774788208588452
rabi,462,Net return,Optimal,0.10679457575251045
rabi,462,Calorie,Optimal,-0.8624372901260874
rabi,462,Phosphorus application,Optimal,5.095784032257617
rabi,462,Nitrogen application,Optimal,5.60477730112056
rabi,462,Phosphorus Surplus,Optimal,6.9210486590648745
rabi,462,Nitrogen Surplus,Optimal,9.68868536863603
rabi,462,Water Demand,Optimal,4.195892402988765
rabi,463,Nitrogen Emission,Optimal,11.331338125085733
rabi,463,Nitrogen Leach,Optimal,12.400673433171846
rabi,463,Greenhouse Gas emission,Optimal,-8.80863217830257
rabi,463,Net return,Optimal,0.7814816270214446
rabi,463,Calorie,Optimal,-1.0061851290234274
rabi,463,Phosphorus application,Optimal,4.495845901006982
rabi,463,Nitrogen application,Optimal,6.400546918982376
rabi,463,Phosphorus Surplus,Optimal,5.971695724634035
rabi,463,Nitrogen Surplus,Optimal,10.795729882685862
rabi,463,Water Demand,Optimal,3.942788448413386
rabi,464,Nitrogen Emission,Optimal,10.780693723052996
rabi,464,Nitrogen Leach,Optimal,11.24442982029486
rabi,464,Greenhouse Gas emission,Optimal,-5.724554149977065
rabi,464,Net return,Optimal,1.8710538522038347
rabi,464,Calorie,Optimal,-1.272579099257688
rabi,464,Phosphorus application,Optimal,7.069827560252072
rabi,464,Nitrogen application,Optimal,6.106546268988967
rabi,464,Phosphorus Surplus,Optimal,9.592670726702462
rabi,464,Nitrogen Surplus,Optimal,10.359257511935963
rabi,464,Water Demand,Optimal,4.979010610263917
rabi,465,Nitrogen Emission,Optimal,11.1946839486019
rabi,465,Nitrogen Leach,Optimal,11.539868578975565
rabi,465,Greenhouse Gas emission,Optimal,-5.789629711636151
rabi,465,Net return,Optimal,0.5032624824037244
rabi,465,Calorie,Optimal,-1.4701573952228888
rabi,465,Phosphorus application,Optimal,6.73825841569212
rabi,465,Nitrogen application,Optimal,6.2099636068052595
rabi,465,Phosphorus Surplus,Optimal,9.201219373500614
rabi,465,Nitrogen Surplus,Optimal,10.650443189127321
rabi,465,Water Demand,Optimal,1.1623645747957967
rabi,466,Nitrogen Emission,Optimal,12.136707591181091
rabi,466,Nitrogen Leach,Optimal,12.440813281548236
rabi,466,Greenhouse Gas emission,Optimal,-7.087638258105635
rabi,466,Net return,Optimal,2.4314522284651754
rabi,466,Calorie,Optimal,-1.2274781259198804
rabi,466,Phosphorus application,Optimal,5.853280001659537
rabi,466,Nitrogen application,Optimal,6.82993342692258
rabi,466,Phosphorus Surplus,Optimal,7.906102398132721
rabi,466,Nitrogen Surplus,Optimal,11.681017983671158
rabi,466,Water Demand,Optimal,3.733629925623047
rabi,467,Nitrogen Emission,Optimal,12.341514546486446
rabi,467,Nitrogen Leach,Optimal,12.625832202725084
rabi,467,Greenhouse Gas emission,Optimal,-4.295454224660184
rabi,467,Net return,Optimal,0.1264135632240378
rabi,467,Calorie,Optimal,-1.1656891084425611
rabi,467,Phosphorus application,Optimal,7.322479054486793
rabi,467,Nitrogen application,Optimal,6.778722649517586
rabi,467,Phosphorus Surplus,Optimal,9.976242272043086
rabi,467,Nitrogen Surplus,Optimal,11.828590946649287
rabi,467,Water Demand,Optimal,3.863565358314668
rabi,468,Nitrogen Emission,Optimal,12.458462894218501
rabi,468,Nitrogen Leach,Optimal,13.042695269008508
rabi,468,Greenhouse Gas emission,Optimal,-7.691294996903871
rabi,468,Net return,Optimal,0.8074248118801447
rabi,468,Calorie,Optimal,-0.8863850106818523
rabi,468,Phosphorus application,Optimal,7.120010709293482
rabi,468,Nitrogen application,Optimal,7.063599453822088
rabi,468,Phosphorus Surplus,Optimal,9.50982257650448
rabi,468,Nitrogen Surplus,Optimal,11.913715384801232
rabi,468,Water Demand,Optimal,-2.7470125478570635
rabi,469,Nitrogen Emission,Optimal,10.351127862806948
rabi,469,Nitrogen Leach,Optimal,11.283989996248623
rabi,469,Greenhouse Gas emission,Optimal,-4.959978414985646
rabi,469,Net return,Optimal,0.7428028632053189
rabi,469,Calorie,Optimal,-0.6008836543247584
rabi,469,Phosphorus application,Optimal,6.5349954848353065
rabi,469,Nitrogen application,Optimal,5.668338783114216
rabi,469,Phosphorus Surplus,Optimal,8.776458537767981
rabi,469,Nitrogen Surplus,Optimal,9.703113956981925
rabi,469,Water Demand,Optimal,-0.19697473102720509
rabi,470,Nitrogen Emission,Optimal,9.858518553153976
rabi,470,Nitrogen Leach,Optimal,11.15440309399661
rabi,470,Greenhouse Gas emission,Optimal,-6.02117131692744
rabi,470,Net return,Optimal,5.2646996729537205
rabi,470,Calorie,Optimal,-0.9916151136645349
rabi,470,Phosphorus application,Optimal,2.995149618699408
rabi,470,Nitrogen application,Optimal,5.66414144796824
rabi,470,Phosphorus Surplus,Optimal,3.9449467583347415
rabi,470,Nitrogen Surplus,Optimal,9.33142065182962
rabi,470,Water Demand,Optimal,0.6700201908637493
rabi,471,Nitrogen Emission,Optimal,10.655234434282224
rabi,471,Nitrogen Leach,Optimal,10.704346469242012
rabi,471,Greenhouse Gas emission,Optimal,-4.5649592222442354
rabi,471,Net return,Optimal,3.756318394090304
rabi,471,Calorie,Optimal,-0.8676792213671813
rabi,471,Phosphorus application,Optimal,7.50718772718258
rabi,471,Nitrogen application,Optimal,6.167433211204878
rabi,471,Phosphorus Surplus,Optimal,10.081359612386935
rabi,471,Nitrogen Surplus,Optimal,10.157751675637273
rabi,471,Water Demand,Optimal,1.4257137561772764
rabi,472,Nitrogen Emission,Optimal,11.911048016546157
rabi,472,Nitrogen Leach,Optimal,12.523566473865772
rabi,472,Greenhouse Gas emission,Optimal,-2.721767196529949
rabi,472,Net return,Optimal,0.10679457575252845
rabi,472,Calorie,Optimal,-1.1484912259676847
rabi,472,Phosphorus application,Optimal,5.2778857586412125
rabi,472,Nitrogen application,Optimal,6.595121588448564
rabi,472,Phosphorus Surplus,Optimal,7.164794573060734
rabi,472,Nitrogen Surplus,Optimal,11.460552554397681
rabi,472,Water Demand,Optimal,5.568457130146483
rabi,473,Nitrogen Emission,Optimal,10.919294069815308
rabi,473,Nitrogen Leach,Optimal,10.692380993292538
rabi,473,Greenhouse Gas emission,Optimal,-6.773363329221229
rabi,473,Net return,Optimal,7.007370335932169
rabi,473,Calorie,Optimal,-0.8386281087384305
rabi,473,Phosphorus application,Optimal,3.5295344082025295
rabi,473,Nitrogen application,Optimal,6.4826449323388236
rabi,473,Phosphorus Surplus,Optimal,4.533358907434724
rabi,473,Nitrogen Surplus,Optimal,10.315687380248237
rabi,473,Water Demand,Optimal,2.991038845518297
rabi,474,Nitrogen Emission,Optimal,11.296921209035661
rabi,474,Nitrogen Leach,Optimal,11.103594996681814
rabi,474,Greenhouse Gas emission,Optimal,-0.23597946879481183
rabi,474,Net return,Optimal,6.82793026523539
rabi,474,Calorie,Optimal,-0.8394517685094923
rabi,474,Phosphorus application,Optimal,3.827524957423887
rabi,474,Nitrogen application,Optimal,6.337262430576407
rabi,474,Phosphorus Surplus,Optimal,5.120573633338617
rabi,474,Nitrogen Surplus,Optimal,10.645790183356404
rabi,474,Water Demand,Optimal,1.0696300856458214
rabi,475,Nitrogen Emission,Optimal,10.994753344087217
rabi,475,Nitrogen Leach,Optimal,11.629649822718239
rabi,475,Greenhouse Gas emission,Optimal,-6.163830480694395
rabi,475,Net return,Optimal,0.10349496365713247
rabi,475,Calorie,Optimal,-1.434882001306668
rabi,475,Phosphorus application,Optimal,7.95006355162915
rabi,475,Nitrogen application,Optimal,5.9098557544174115
rabi,475,Phosphorus Surplus,Optimal,10.905323816486645
rabi,475,Nitrogen Surplus,Optimal,10.397914550449777
rabi,475,Water Demand,Optimal,0.0476099994777128
rabi,476,Nitrogen Emission,Optimal,12.726726145577128
rabi,476,Nitrogen Leach,Optimal,12.964932791441871
rabi,476,Greenhouse Gas emission,Optimal,-0.7331259243537572
rabi,476,Net return,Optimal,0.41191403299161
rabi,476,Calorie,Optimal,-1.3737230250772854
rabi,476,Phosphorus application,Optimal,6.07761112238366
rabi,476,Nitrogen application,Optimal,6.716309691722486
rabi,476,Phosphorus Surplus,Optimal,8.463320495952498
rabi,476,Nitrogen Surplus,Optimal,12.282550961329104
rabi,476,Water Demand,Optimal,4.404220078140867
rabi,477,Nitrogen Emission,Optimal,10.545309903981321
rabi,477,Nitrogen Leach,Optimal,11.494657328482708
rabi,477,Greenhouse Gas emission,Optimal,-7.782237837726637
rabi,477,Net return,Optimal,0.0921458208854241
rabi,477,Calorie,Optimal,-1.1290575438157573
rabi,477,Phosphorus application,Optimal,5.263115443127101
rabi,477,Nitrogen application,Optimal,6.052391005052736
rabi,477,Phosphorus Surplus,Optimal,7.060369335491574
rabi,477,Nitrogen Surplus,Optimal,10.162904684191638
rabi,477,Water Demand,Optimal,1.4253378773500625
rabi,478,Nitrogen Emission,Optimal,11.704852749708252
rabi,478,Nitrogen Leach,Optimal,12.447757710865998
rabi,478,Greenhouse Gas emission,Optimal,-4.64728270324409
rabi,478,Net return,Optimal,0.77902430949561
rabi,478,Calorie,Optimal,-1.000910612932909
rabi,478,Phosphorus application,Optimal,6.193072693957137
rabi,478,Nitrogen application,Optimal,6.512935990423702
rabi,478,Phosphorus Surplus,Optimal,8.352177146629764
rabi,478,Nitrogen Surplus,Optimal,11.142911616992134
rabi,478,Water Demand,Optimal,-6.472526899357474
rabi,479,Nitrogen Emission,Optimal,11.879177230705263
rabi,479,Nitrogen Leach,Optimal,12.764952775723962
rabi,479,Greenhouse Gas emission,Optimal,-2.6682270505431687
rabi,479,Net return,Optimal,0.0921458208854421
rabi,479,Calorie,Optimal,-0.7304504034804347
rabi,479,Phosphorus application,Optimal,6.9612998819919785
rabi,479,Nitrogen application,Optimal,6.661862538181923
rabi,479,Phosphorus Surplus,Optimal,9.390474752760506
rabi,479,Nitrogen Surplus,Optimal,11.466201011952425
rabi,479,Water Demand,Optimal,0.7671899217868824
rabi,480,Nitrogen Emission,Optimal,11.53328370417953
rabi,480,Nitrogen Leach,Optimal,11.705156381979888
rabi,480,Greenhouse Gas emission,Optimal,-3.230983648325226
rabi,480,Net return,Optimal,5.127447277089659
rabi,480,Calorie,Optimal,-0.9534247854823229
rabi,480,Phosphorus application,Optimal,5.581789550757498
rabi,480,Nitrogen application,Optimal,6.482076307901917
rabi,480,Phosphorus Surplus,Optimal,7.513148894561576
rabi,480,Nitrogen Surplus,Optimal,11.114884043500426
rabi,480,Water Demand,Optimal,1.3138469859487354
rabi,481,Nitrogen Emission,Optimal,11.534249778956562
rabi,481,Nitrogen Leach,Optimal,11.996429384884822
rabi,481,Greenhouse Gas emission,Optimal,-5.498088769710655
rabi,481,Net return,Optimal,6.151955125664514
rabi,481,Calorie,Optimal,-1.6434915725948671
rabi,481,Phosphorus application,Optimal,4.612721120201342
rabi,481,Nitrogen application,Optimal,6.422657401157417
rabi,481,Phosphorus Surplus,Optimal,6.295383176878078
rabi,481,Nitrogen Surplus,Optimal,10.927970483789862
rabi,481,Water Demand,Optimal,1.2382248946664152
rabi,482,Nitrogen Emission,Optimal,12.882899095154356
rabi,482,Nitrogen Leach,Optimal,13.310433970698396
rabi,482,Greenhouse Gas emission,Optimal,-2.9872139820946697
rabi,482,Net return,Optimal,0.11024003718002587
rabi,482,Calorie,Optimal,-1.0667807389365909
rabi,482,Phosphorus application,Optimal,5.928069130041793
rabi,482,Nitrogen application,Optimal,7.028363868639587
rabi,482,Phosphorus Surplus,Optimal,8.064474875873548
rabi,482,Nitrogen Surplus,Optimal,12.312459850752179
rabi,482,Water Demand,Optimal,0.6216169468323475
rabi,483,Nitrogen Emission,Optimal,10.872058869483151
rabi,483,Nitrogen Leach,Optimal,11.62881914710044
rabi,483,Greenhouse Gas emission,Optimal,-6.536005004343687
rabi,483,Net return,Optimal,0.5974189628563537
rabi,483,Calorie,Optimal,-0.8394052163532856
rabi,483,Phosphorus application,Optimal,6.389552680669386
rabi,483,Nitrogen application,Optimal,6.14793954784726
rabi,483,Phosphorus Surplus,Optimal,8.538679745097468
rabi,483,Nitrogen Surplus,Optimal,10.318692750276735
rabi,483,Water Demand,Optimal,0.8255203316461451
rabi,484,Nitrogen Emission,Optimal,11.60289325966965
rabi,484,Nitrogen Leach,Optimal,11.900241423397812
rabi,484,Greenhouse Gas emission,Optimal,-7.24996197364029
rabi,484,Net return,Optimal,0.9247926076166753
rabi,484,Calorie,Optimal,-1.6959450612803812
rabi,484,Phosphorus application,Optimal,5.8370649121035925
rabi,484,Nitrogen application,Optimal,6.372598785412876
rabi,484,Phosphorus Surplus,Optimal,7.996259150680053
rabi,484,Nitrogen Surplus,Optimal,11.027486222361143
rabi,484,Water Demand,Optimal,2.9358217031387572
rabi,485,Nitrogen Emission,Optimal,9.77461860809392
rabi,485,Nitrogen Leach,Optimal,10.022911088032329
rabi,485,Greenhouse Gas emission,Optimal,-5.504519161928792
rabi,485,Net return,Optimal,0.0921458208854241
rabi,485,Calorie,Optimal,-1.328149958420688
rabi,485,Phosphorus application,Optimal,5.1229957092375535
rabi,485,Nitrogen application,Optimal,5.450424041389746
rabi,485,Phosphorus Surplus,Optimal,6.963768296222925
rabi,485,Nitrogen Surplus,Optimal,9.27029529416223
rabi,485,Water Demand,Optimal,6.341237860905688
rabi,486,Nitrogen Emission,Optimal,11.643713428459195
rabi,486,Nitrogen Leach,Optimal,11.859947485410329
rabi,486,Greenhouse Gas emission,Optimal,-2.2577747639025953
rabi,486,Net return,Optimal,0.0921458208854241
rabi,486,Calorie,Optimal,-1.0227170171670354
rabi,486,Phosphorus application,Optimal,6.6321811694401
rabi,486,Nitrogen application,Optimal,6.412512489792576
rabi,486,Phosphorus Surplus,Optimal,8.99995784272648
rabi,486,Nitrogen Surplus,Optimal,11.11310294982891
rabi,486,Water Demand,Optimal,6.320400121744902
rabi,487,Nitrogen Emission,Optimal,13.461746308692334
rabi,487,Nitrogen Leach,Optimal,13.469179536994865
rabi,487,Greenhouse Gas emission,Optimal,-5.974569373696229
rabi,487,Net return,Optimal,6.874211483635984
rabi,487,Calorie,Optimal,-1.247523524267544
rabi,487,Phosphorus application,Optimal,7.293623975723799
rabi,487,Nitrogen application,Optimal,7.542873285451945
rabi,487,Phosphorus Surplus,Optimal,9.823983196523907
rabi,487,Nitrogen Surplus,Optimal,12.805515986891416
rabi,487,Water Demand,Optimal,-1.1311998497095195
rabi,488,Nitrogen Emission,Optimal,10.698781308174794
rabi,488,Nitrogen Leach,Optimal,11.210646072620438
rabi,488,Greenhouse Gas emission,Optimal,-5.7838114643921354
rabi,488,Net return,Optimal,6.141194934407022
rabi,488,Calorie,Optimal,-0.6857047551518175
rabi,488,Phosphorus application,Optimal,3.484132216505732
rabi,488,Nitrogen application,Optimal,6.289047515263611
rabi,488,Phosphorus Surplus,Optimal,4.475325242006965
rabi,488,Nitrogen Surplus,Optimal,10.172803331565023
rabi,488,Water Demand,Optimal,-1.398330493984759
rabi,489,Nitrogen Emission,Optimal,11.85134208920638
rabi,489,Nitrogen Leach,Optimal,13.072079652442083
rabi,489,Greenhouse Gas emission,Optimal,-5.164282309230133
rabi,489,Net return,Optimal,0.8862748499967437
rabi,489,Calorie,Optimal,-0.8381180268832141
rabi,489,Phosphorus application,Optimal,5.146484085016985
rabi,489,Nitrogen application,Optimal,6.675116861489613
rabi,489,Phosphorus Surplus,Optimal,6.869558968368049
rabi,489,Nitrogen Surplus,Optimal,11.352719765465698
rabi,489,Water Demand,Optimal,3.323746816578028
rabi,490,Nitrogen Emission,Optimal,12.504881362907646
rabi,490,Nitrogen Leach,Optimal,13.581613212514968
rabi,490,Greenhouse Gas emission,Optimal,-5.7310048518108685
rabi,490,Net return,Optimal,0.508676227596402
rabi,490,Calorie,Optimal,-1.0206898701368656
rabi,490,Phosphorus application,Optimal,7.849408521110776
rabi,490,Nitrogen application,Optimal,6.947237653785923
rabi,490,Phosphorus Surplus,Optimal,10.633667785247173
rabi,490,Nitrogen Surplus,Optimal,12.099479262870673
rabi,490,Water Demand,Optimal,1.1432852851747328
rabi,491,Nitrogen Emission,Optimal,12.762221533632736
rabi,491,Nitrogen Leach,Optimal,13.03009176655403
rabi,491,Greenhouse Gas emission,Optimal,-3.5785205486731813
rabi,491,Net return,Optimal,9.946794551813332
rabi,491,Calorie,Optimal,-1.736799032257996
rabi,491,Phosphorus application,Optimal,4.874647138040464
rabi,491,Nitrogen application,Optimal,7.016566091990938
rabi,491,Phosphorus Surplus,Optimal,6.690054725194659
rabi,491,Nitrogen Surplus,Optimal,12.124280896955227
rabi,491,Water Demand,Optimal,-1.2255541074165
rabi,492,Nitrogen Emission,Optimal,10.342876426445864
rabi,492,Nitrogen Leach,Optimal,10.761933831099938
rabi,492,Greenhouse Gas emission,Optimal,-6.252435401838648
rabi,492,Net return,Optimal,1.0866235406851115
rabi,492,Calorie,Optimal,-1.1983393053508051
rabi,492,Phosphorus application,Optimal,5.804747981606671
rabi,492,Nitrogen application,Optimal,5.736276919968325
rabi,492,Phosphorus Surplus,Optimal,7.872964187725932
rabi,492,Nitrogen Surplus,Optimal,9.796216761875655
rabi,492,Water Demand,Optimal,2.603833422026429
rabi,493,Nitrogen Emission,Optimal,11.564170754265813
rabi,493,Nitrogen Leach,Optimal,12.138020914227365
rabi,493,Greenhouse Gas emission,Optimal,-2.6634552678827585
rabi,493,Net return,Optimal,0.09214582088540609
rabi,493,Calorie,Optimal,-1.273563035701305
rabi,493,Phosphorus application,Optimal,5.580294039723117
rabi,493,Nitrogen application,Optimal,6.231346258652463
rabi,493,Phosphorus Surplus,Optimal,7.660623922778504
rabi,493,Nitrogen Surplus,Optimal,10.98059266659313
rabi,493,Water Demand,Optimal,-1.4933657343426279
rabi,494,Nitrogen Emission,Optimal,10.88663484443169
rabi,494,Nitrogen Leach,Optimal,11.008078305912584
rabi,494,Greenhouse Gas emission,Optimal,-5.272846591780078
rabi,494,Net return,Optimal,6.596971710141636
rabi,494,Calorie,Optimal,-1.247817085105723
rabi,494,Phosphorus application,Optimal,4.119867402352887
rabi,494,Nitrogen application,Optimal,6.275587155726338
rabi,494,Phosphorus Surplus,Optimal,5.464753796327732
rabi,494,Nitrogen Surplus,Optimal,10.282728875308516
rabi,494,Water Demand,Optimal,4.145612158075515
rabi,495,Nitrogen Emission,Optimal,11.833601159490303
rabi,495,Nitrogen Leach,Optimal,12.350640165326311
rabi,495,Greenhouse Gas emission,Optimal,-6.313839549732932
rabi,495,Net return,Optimal,1.5118855266297753
rabi,495,Calorie,Optimal,-0.7097137421355995
rabi,495,Phosphorus application,Optimal,6.814836393812527
rabi,495,Nitrogen application,Optimal,6.759130628864582
rabi,495,Phosphorus Surplus,Optimal,9.07893574454887
rabi,495,Nitrogen Surplus,Optimal,11.341788605139387
rabi,495,Water Demand,Optimal,2.1367965921932397
rabi,496,Nitrogen Emission,Optimal,11.281946758488886
rabi,496,Nitrogen Leach,Optimal,11.765063952367358
rabi,496,Greenhouse Gas emission,Optimal,-6.007626255140667
rabi,496,Net return,Optimal,0.5520836917418093
rabi,496,Calorie,Optimal,-1.1438621957268589
rabi,496,Phosphorus application,Optimal,7.566808756716181
rabi,496,Nitrogen application,Optimal,6.284702495019641
rabi,496,Phosphorus Surplus,Optimal,10.21066330286914
rabi,496,Nitrogen Surplus,Optimal,10.642936650323394
rabi,496,Water Demand,Optimal,0.049075796829601094
rabi,497,Nitrogen Emission,Optimal,11.268551171498963
rabi,497,Nitrogen Leach,Optimal,11.737425967455238
rabi,497,Greenhouse Gas emission,Optimal,-5.844151726350538
rabi,497,Net return,Optimal,0.0921458208854241
rabi,497,Calorie,Optimal,-1.7272926687701091
rabi,497,Phosphorus application,Optimal,8.01152041790269
rabi,497,Nitrogen application,Optimal,6.242998548085254
rabi,497,Phosphorus Surplus,Optimal,10.993306119955593
rabi,497,Nitrogen Surplus,Optimal,10.768617383374208
rabi,497,Water Demand,Optimal,-3.2212951571195143
rabi,498,Nitrogen Emission,Optimal,10.316475603227572
rabi,498,Nitrogen Leach,Optimal,10.422320494220406
rabi,498,Greenhouse Gas emission,Optimal,-2.954519052916544
rabi,498,Net return,Optimal,7.397017836743089
rabi,498,Calorie,Optimal,-1.032840317000663
rabi,498,Phosphorus application,Optimal,6.132039576433593
rabi,498,Nitrogen application,Optimal,5.87975161080955
rabi,498,Phosphorus Surplus,Optimal,8.223934870448094
rabi,498,Nitrogen Surplus,Optimal,9.58828723938931
rabi,498,Water Demand,Optimal,1.173369357821988
rabi,499,Nitrogen Emission,Optimal,12.175935012447246
rabi,499,Nitrogen Leach,Optimal,12.159887554725703
rabi,499,Greenhouse Gas emission,Optimal,-1.4036552277746053
rabi,499,Net return,Optimal,2.6071806412219938
rabi,499,Calorie,Optimal,-0.6891064460401269
rabi,499,Phosphorus application,Optimal,6.264117957331327
rabi,499,Nitrogen application,Optimal,6.7849865620629854
rabi,499,Phosphorus Surplus,Optimal,8.44544002075754
rabi,499,Nitrogen Surplus,Optimal,11.71620770091067
rabi,499,Water Demand,Optimal,3.4825581207905185
