crop,baseline_ha,optimized_ha,gross_loss_ha,gross_gain_ha,gross_loss_pct,gross_gain_pct,net_change_pct
rice,44544904.75,30491795.795029253,16532613.625021232,2479504.6700504813,37.114488666677936,5.566303674833835,-31.548184991844092
wheat,30731432.5,28931816.266024075,3183402.7246524366,1383786.4906765083,10.358784038630274,4.502837577377846,-5.855946461252415
