source_crop,wheat,rice,bajra,maize,jowar,ragi
wheat,27548029.775347564,294543.0,545003.0,1549488.343634388,793850.9326503786,517.448367670084
rice,663824.2347413294,28012291.124978766,2951807.7085633534,9154217.042785317,3018513.4529575747,744251.1859736587
bajra,29556.45495052413,498262.0,4504866.284150068,785163.2038113562,1745475.6140607707,2489.4430272813297
maize,350828.3028711788,1381083.6700504816,1170387.0,3880246.396082122,2470074.7240983993,186917.7268978184
jowar,339300.0,125391.0,687067.0,853995.0,4224502.0,7974.0
ragi,277.4981134760742,180225.0,10327.404803885174,436485.97466254974,209825.28753790917,357842.83488217986
