Crop,original_total_ha,optimized_total_ha,delta_ha,pct_change
wheat,30731432.5,28931816.26602407,-1799616.2339759283,-5.855946461252428
rice,44544904.75,30491795.79502925,-14053108.954970751,-31.548184991844103
bajra,7565813.0,9869458.397517307,2303645.3975173067,30.44808796513087
maize,9439537.82,16659595.960975733,7220058.140975732,76.48741155184791
jowar,6238229.0,12462242.011305032,6224013.011305032,99.77211499137066
ragi,1194984.0,1299992.6391486083,105008.63914860832,8.787451476221298
