Crop,original_total_ha,optimized_total_ha,delta_ha,pct_change
rice,40085352.75,27802181.718097597,-12283171.031902403,-30.642541949197152
bajra,7286546.0,8414830.382182885,1128284.382182885,15.484488565403758
maize,7470863.0,11182688.316152083,3711825.3161520828,49.68402333374448
jowar,2041066.0,7994134.389533874,5953068.389533874,291.66466883157494
ragi,1103945.0,2593937.9440335636,1489992.9440335636,134.9698530301386
