Crop,original_total_ha,optimized_total_ha,delta_ha,pct_change
wheat,30731432.5,28401319.152357418,-2330113.347642582,-7.582182664744255
rice,4459552.0,4296359.282091104,-163192.71790889557,-3.659397130225089
bajra,279267.0,509607.23632891,230340.23632891,82.48029173834001
maize,1968674.82,2998186.236661403,1029511.4166614029,52.29464034397529
jowar,4197163.0,5300316.598655821,1103153.5986558208,26.283315626670223
ragi,91039.0,221339.8139053431,130300.8139053431,143.12636771641067
