Crop,original_total_ha,optimized_total_ha,delta_ha,pct_change
wheat,30731432.5,28401319.152357414,-2330113.3476425856,-7.582182664744267
rice,4459552.0,4296359.282091104,-163192.71790889557,-3.659397130225089
bajra,279267.0,509607.2363289098,230340.2363289098,82.48029173833994
maize,1968674.82,2998186.236661405,1029511.4166614048,52.29464034397539
jowar,4197163.0,5300316.598655822,1103153.5986558218,26.283315626670245
ragi,91039.0,221339.8139053431,130300.8139053431,143.12636771641067
