panel,alpha,kharif_status,rabi_status,kharif_rows,rabi_rows,archived_kharif_rows,archived_rabi_rows,rebuilt_nitrogen_tg,archived_nitrogen_tg,rebuilt_water_bcm,archived_water_bcm,delta_nitrogen_tg,delta_water_bcm
2a,0.0,Infeasible,Infeasible,3535,4032,3535,4032,3.508269786068414,3.508269786068414,123.98372839656277,123.98372839656275,0.0,1.52587890625e-14
2a,0.25,Infeasible,Infeasible,3535,4032,3535,4032,3.5167605834759494,3.5167605834759494,123.98414056819993,123.98414056819993,0.0,0.0
2a,0.5,Infeasible,Infeasible,3535,4032,3535,4032,3.4989525699692265,3.4989525699692265,123.99559889085315,123.99559889085313,0.0,1.52587890625e-14
2a,0.75,Infeasible,Infeasible,3535,4032,3535,4032,3.4854439017569265,3.4854439017569265,124.0646269580038,124.06462695800379,0.0,1.52587890625e-14
2a,1.0,Infeasible,Infeasible,3535,4032,3535,4032,3.166530570133837,3.166530570133837,142.09868584612468,142.09868584612468,0.0,0.0
