Alpha,objective_nitrogen_kharif,objective_water_kharif,nitrogen_mt_kharif,water_bcm_kharif,solve_status_kharif,solve_status_code_kharif,is_valid_kharif,variable_count_kharif,constraint_count_kharif,income_mode_kharif,objective_nitrogen_rabi,objective_water_rabi,nitrogen_mt_rabi,water_bcm_rabi,solve_status_rabi,solve_status_code_rabi,is_valid_rabi,variable_count_rabi,constraint_count_rabi,income_mode_rabi,objective_nitrogen,objective_water,nitrogen_mt,water_bcm,is_valid,solve_status,income_mode
0.0,5164130171.22084,312530549716.00134,5.16413017122084,312.53054971600136,Optimal,1,True,2459,3235,profit,2944927684.430701,101195858467.7463,2.944927684430701,101.1958584677463,Optimal,1,True,1788,2529,profit,8109057855.651541,413726408183.7477,8.10905785565154,413.7264081837477,True,Optimal|Optimal,profit
0.25,5134111645.245252,312765569976.57074,5.134111645245252,312.76556997657076,Optimal,1,True,2459,3235,profit,2932178783.8980803,101277263555.55261,2.93217878389808,101.27726355555261,Optimal,1,True,1788,2529,profit,8066290429.143332,414042833532.12335,8.066290429143331,414.0428335321233,True,Optimal|Optimal,profit
0.5,5117566058.6758585,313440460464.9682,5.117566058675859,313.4404604649682,Optimal,1,True,2459,3235,profit,2921994847.005318,101561513986.72482,2.921994847005318,101.56151398672482,Optimal,1,True,1788,2529,profit,8039560905.681177,415001974451.693,8.039560905681178,415.001974451693,True,Optimal|Optimal,profit
0.75,5103897049.281173,314981044904.9996,5.103897049281173,314.9810449049996,Optimal,1,True,2459,3235,profit,2912998360.550634,102100838753.06468,2.9129983605506338,102.10083875306468,Optimal,1,True,1788,2529,profit,8016895409.831806,417081883658.0643,8.016895409831806,417.08188365806427,True,Optimal|Optimal,profit
1.0,5100725359.623307,367012979745.84094,5.100725359623307,367.01297974584094,Optimal,1,True,2459,3235,profit,2906055579.6300383,103549869777.83887,2.9060555796300385,103.54986977783886,Optimal,1,True,1788,2529,profit,8006780939.2533455,470562849523.6798,8.006780939253346,470.5628495236798,True,Optimal|Optimal,profit
