Alpha,objective_nitrogen,objective_water,nitrogen_mt,water_bcm,solve_status,solve_status_code,is_valid,variable_count,constraint_count,income_mode
0.0,2944927684.430701,101195858467.7463,2.944927684430701,101.1958584677463,Optimal,1,True,1788,2529,profit
0.25,2932178783.8980803,101277263555.55261,2.93217878389808,101.27726355555261,Optimal,1,True,1788,2529,profit
0.5,2921994847.005318,101561513986.72482,2.921994847005318,101.56151398672482,Optimal,1,True,1788,2529,profit
0.75,2912998360.550634,102100838753.06468,2.9129983605506338,102.10083875306468,Optimal,1,True,1788,2529,profit
1.0,2906055579.6300383,103549869777.83887,2.9060555796300385,103.54986977783886,Optimal,1,True,1788,2529,profit
